payload,context,exec
<a/+/OnmouSeOVer%0a=%0a(confirm)()>v3dm0s,html_tag,1
<a/+/OnmouSeOVer%0a=%0a(confirm)()>v3dm0s,html_attribute,0
<a/+/OnmouSeOVer%0a=%0a(confirm)()>v3dm0s,html_text,1
<a/+/OnmouSeOVer%0a=%0a(confirm)()>v3dm0s,script_block,0
<a/+/OnmouSeOVer%0a=%0a(confirm)()>v3dm0s,comment,0
<a/+/OnmouSeOVer%0a=%0a(confirm)()>v3dm0s,url_href,0
<a/+/OnmouSeOVer%0a=%0a(confirm)()>v3dm0s,url_navigation,0
<dETAiLS%0doNTOgGle%0a=%0a(prompt)``%0dx//,html_tag,0
<dETAiLS%0doNTOgGle%0a=%0a(prompt)``%0dx//,html_attribute,0
<dETAiLS%0doNTOgGle%0a=%0a(prompt)``%0dx//,html_text,0
<dETAiLS%0doNTOgGle%0a=%0a(prompt)``%0dx//,script_block,0
<dETAiLS%0doNTOgGle%0a=%0a(prompt)``%0dx//,comment,0
<dETAiLS%0doNTOgGle%0a=%0a(prompt)``%0dx//,url_href,0
<dETAiLS%0doNTOgGle%0a=%0a(prompt)``%0dx//,url_navigation,0
"<d3v%0dONMOUsEoVEr%0a=%0aa=prompt,a()>v3dm0s",html_tag,1
"<d3v%0dONMOUsEoVEr%0a=%0aa=prompt,a()>v3dm0s",html_attribute,0
"<d3v%0dONMOUsEoVEr%0a=%0aa=prompt,a()>v3dm0s",html_text,1
"<d3v%0dONMOUsEoVEr%0a=%0aa=prompt,a()>v3dm0s",script_block,0
"<d3v%0dONMOUsEoVEr%0a=%0aa=prompt,a()>v3dm0s",comment,0
"<d3v%0dONMOUsEoVEr%0a=%0aa=prompt,a()>v3dm0s",url_href,0
"<d3v%0dONMOUsEoVEr%0a=%0aa=prompt,a()>v3dm0s",url_navigation,0
"<d3V%0aonPOiNtErENTeR+=+a=prompt,a()%0dx>v3dm0s",html_tag,0
"<d3V%0aonPOiNtErENTeR+=+a=prompt,a()%0dx>v3dm0s",html_attribute,0
"<d3V%0aonPOiNtErENTeR+=+a=prompt,a()%0dx>v3dm0s",html_text,0
"<d3V%0aonPOiNtErENTeR+=+a=prompt,a()%0dx>v3dm0s",script_block,0
"<d3V%0aonPOiNtErENTeR+=+a=prompt,a()%0dx>v3dm0s",comment,0
"<d3V%0aonPOiNtErENTeR+=+a=prompt,a()%0dx>v3dm0s",url_href,0
"<d3V%0aonPOiNtErENTeR+=+a=prompt,a()%0dx>v3dm0s",url_navigation,0
<hTMl%09OnMousEOVEr%09=%09(prompt)``%0dx//,html_tag,0
<hTMl%09OnMousEOVEr%09=%09(prompt)``%0dx//,html_attribute,0
<hTMl%09OnMousEOVEr%09=%09(prompt)``%0dx//,html_text,0
<hTMl%09OnMousEOVEr%09=%09(prompt)``%0dx//,script_block,0
<hTMl%09OnMousEOVEr%09=%09(prompt)``%0dx//,comment,0
<hTMl%09OnMousEOVEr%09=%09(prompt)``%0dx//,url_href,0
<hTMl%09OnMousEOVEr%09=%09(prompt)``%0dx//,url_navigation,0
<hTMl%0donpOInterEnTeR+=+confirm()//,html_tag,0
<hTMl%0donpOInterEnTeR+=+confirm()//,html_attribute,0
<hTMl%0donpOInterEnTeR+=+confirm()//,html_text,0
<hTMl%0donpOInterEnTeR+=+confirm()//,script_block,0
<hTMl%0donpOInterEnTeR+=+confirm()//,comment,0
<hTMl%0donpOInterEnTeR+=+confirm()//,url_href,0
<hTMl%0donpOInterEnTeR+=+confirm()//,url_navigation,0
"<A/+/oNmoUseOveR+=+a=prompt,a()%0dx>v3dm0s",html_tag,0
"<A/+/oNmoUseOveR+=+a=prompt,a()%0dx>v3dm0s",html_attribute,0
"<A/+/oNmoUseOveR+=+a=prompt,a()%0dx>v3dm0s",html_text,0
"<A/+/oNmoUseOveR+=+a=prompt,a()%0dx>v3dm0s",script_block,0
"<A/+/oNmoUseOveR+=+a=prompt,a()%0dx>v3dm0s",comment,0
"<A/+/oNmoUseOveR+=+a=prompt,a()%0dx>v3dm0s",url_href,0
"<A/+/oNmoUseOveR+=+a=prompt,a()%0dx>v3dm0s",url_navigation,0
<hTml%09onPoInteReNTer%0d=%0d(prompt)``%0dx//,html_tag,0
<hTml%09onPoInteReNTer%0d=%0d(prompt)``%0dx//,html_attribute,0
<hTml%09onPoInteReNTer%0d=%0d(prompt)``%0dx//,html_text,0
<hTml%09onPoInteReNTer%0d=%0d(prompt)``%0dx//,script_block,0
<hTml%09onPoInteReNTer%0d=%0d(prompt)``%0dx//,comment,0
<hTml%09onPoInteReNTer%0d=%0d(prompt)``%0dx//,url_href,0
<hTml%09onPoInteReNTer%0d=%0d(prompt)``%0dx//,url_navigation,0
<A%09ONmOUSEovER+=+confirm()>v3dm0s,html_tag,0
<A%09ONmOUSEovER+=+confirm()>v3dm0s,html_attribute,0
<A%09ONmOUSEovER+=+confirm()>v3dm0s,html_text,0
<A%09ONmOUSEovER+=+confirm()>v3dm0s,script_block,0
<A%09ONmOUSEovER+=+confirm()>v3dm0s,comment,0
<A%09ONmOUSEovER+=+confirm()>v3dm0s,url_href,0
<A%09ONmOUSEovER+=+confirm()>v3dm0s,url_navigation,0
<d3V%0aONMOUSEover+=+(prompt)``>v3dm0s,html_tag,0
<d3V%0aONMOUSEover+=+(prompt)``>v3dm0s,html_attribute,0
<d3V%0aONMOUSEover+=+(prompt)``>v3dm0s,html_text,0
<d3V%0aONMOUSEover+=+(prompt)``>v3dm0s,script_block,0
<d3V%0aONMOUSEover+=+(prompt)``>v3dm0s,comment,0
<d3V%0aONMOUSEover+=+(prompt)``>v3dm0s,url_href,0
<d3V%0aONMOUSEover+=+(prompt)``>v3dm0s,url_navigation,0
<d3V%09oNPoiNTerENteR+=+[8].find(confirm)>v3dm0s,html_tag,0
<d3V%09oNPoiNTerENteR+=+[8].find(confirm)>v3dm0s,html_attribute,0
<d3V%09oNPoiNTerENteR+=+[8].find(confirm)>v3dm0s,html_text,0
<d3V%09oNPoiNTerENteR+=+[8].find(confirm)>v3dm0s,script_block,0
<d3V%09oNPoiNTerENteR+=+[8].find(confirm)>v3dm0s,comment,0
<d3V%09oNPoiNTerENteR+=+[8].find(confirm)>v3dm0s,url_href,0
<d3V%09oNPoiNTerENteR+=+[8].find(confirm)>v3dm0s,url_navigation,0
<DEtaiLs/+/oNtogGLe%0d=%0d(prompt)``//,html_tag,0
<DEtaiLs/+/oNtogGLe%0d=%0d(prompt)``//,html_attribute,0
<DEtaiLs/+/oNtogGLe%0d=%0d(prompt)``//,html_text,0
<DEtaiLs/+/oNtogGLe%0d=%0d(prompt)``//,script_block,0
<DEtaiLs/+/oNtogGLe%0d=%0d(prompt)``//,comment,0
<DEtaiLs/+/oNtogGLe%0d=%0d(prompt)``//,url_href,0
<DEtaiLs/+/oNtogGLe%0d=%0d(prompt)``//,url_navigation,0
<hTml/+/onMoUseoVER%09=%09(prompt)``%0dx>,html_tag,0
<hTml/+/onMoUseoVER%09=%09(prompt)``%0dx>,html_attribute,0
<hTml/+/onMoUseoVER%09=%09(prompt)``%0dx>,html_text,0
<hTml/+/onMoUseoVER%09=%09(prompt)``%0dx>,script_block,0
<hTml/+/onMoUseoVER%09=%09(prompt)``%0dx>,comment,0
<hTml/+/onMoUseoVER%09=%09(prompt)``%0dx>,url_href,0
<hTml/+/onMoUseoVER%09=%09(prompt)``%0dx>,url_navigation,0
<d3V/+/onmOUseOVEr+=+[8].find(confirm)%0dx>v3dm0s,html_tag,0
<d3V/+/onmOUseOVEr+=+[8].find(confirm)%0dx>v3dm0s,html_attribute,0
<d3V/+/onmOUseOVEr+=+[8].find(confirm)%0dx>v3dm0s,html_text,0
<d3V/+/onmOUseOVEr+=+[8].find(confirm)%0dx>v3dm0s,script_block,0
<d3V/+/onmOUseOVEr+=+[8].find(confirm)%0dx>v3dm0s,comment,0
<d3V/+/onmOUseOVEr+=+[8].find(confirm)%0dx>v3dm0s,url_href,0
<d3V/+/onmOUseOVEr+=+[8].find(confirm)%0dx>v3dm0s,url_navigation,0
<DETAIlS%09OnpointErEnTEr%0a=%0a(prompt)``%0dx>,html_tag,0
<DETAIlS%09OnpointErEnTEr%0a=%0a(prompt)``%0dx>,html_attribute,0
<DETAIlS%09OnpointErEnTEr%0a=%0a(prompt)``%0dx>,html_text,0
<DETAIlS%09OnpointErEnTEr%0a=%0a(prompt)``%0dx>,script_block,0
<DETAIlS%09OnpointErEnTEr%0a=%0a(prompt)``%0dx>,comment,0
<DETAIlS%09OnpointErEnTEr%0a=%0a(prompt)``%0dx>,url_href,0
<DETAIlS%09OnpointErEnTEr%0a=%0a(prompt)``%0dx>,url_navigation,0
"<dETAiLS%0dONtogGLe+=+a=prompt,a()//",html_tag,0
"<dETAiLS%0dONtogGLe+=+a=prompt,a()//",html_attribute,0
"<dETAiLS%0dONtogGLe+=+a=prompt,a()//",html_text,0
"<dETAiLS%0dONtogGLe+=+a=prompt,a()//",script_block,0
"<dETAiLS%0dONtogGLe+=+a=prompt,a()//",comment,0
"<dETAiLS%0dONtogGLe+=+a=prompt,a()//",url_href,0
"<dETAiLS%0dONtogGLe+=+a=prompt,a()//",url_navigation,0
"<htMl%0donmouSeovER%0d=%0da=prompt,a()>",html_tag,0
"<htMl%0donmouSeovER%0d=%0da=prompt,a()>",html_attribute,0
"<htMl%0donmouSeovER%0d=%0da=prompt,a()>",html_text,0
"<htMl%0donmouSeovER%0d=%0da=prompt,a()>",script_block,0
"<htMl%0donmouSeovER%0d=%0da=prompt,a()>",comment,0
"<htMl%0donmouSeovER%0d=%0da=prompt,a()>",url_href,0
"<htMl%0donmouSeovER%0d=%0da=prompt,a()>",url_navigation,0
<a/+/OnpoiNtErEntEr+=+[8].find(confirm)>v3dm0s,html_tag,0
<a/+/OnpoiNtErEntEr+=+[8].find(confirm)>v3dm0s,html_attribute,0
<a/+/OnpoiNtErEntEr+=+[8].find(confirm)>v3dm0s,html_text,0
<a/+/OnpoiNtErEntEr+=+[8].find(confirm)>v3dm0s,script_block,0
<a/+/OnpoiNtErEntEr+=+[8].find(confirm)>v3dm0s,comment,0
<a/+/OnpoiNtErEntEr+=+[8].find(confirm)>v3dm0s,url_href,0
<a/+/OnpoiNtErEntEr+=+[8].find(confirm)>v3dm0s,url_navigation,0
<A/+/oNpoInteReNter%0d=%0d[8].find(confirm)%0dx>v3dm0s,html_tag,1
<A/+/oNpoInteReNter%0d=%0d[8].find(confirm)%0dx>v3dm0s,html_attribute,0
<A/+/oNpoInteReNter%0d=%0d[8].find(confirm)%0dx>v3dm0s,html_text,1
<A/+/oNpoInteReNter%0d=%0d[8].find(confirm)%0dx>v3dm0s,script_block,0
<A/+/oNpoInteReNter%0d=%0d[8].find(confirm)%0dx>v3dm0s,comment,0
<A/+/oNpoInteReNter%0d=%0d[8].find(confirm)%0dx>v3dm0s,url_href,0
<A/+/oNpoInteReNter%0d=%0d[8].find(confirm)%0dx>v3dm0s,url_navigation,0
<D3V%0aoNmOuSEOvER%0a=%0aconfirm()%0dx>v3dm0s,html_tag,1
<D3V%0aoNmOuSEOvER%0a=%0aconfirm()%0dx>v3dm0s,html_attribute,0
<D3V%0aoNmOuSEOvER%0a=%0aconfirm()%0dx>v3dm0s,html_text,1
<D3V%0aoNmOuSEOvER%0a=%0aconfirm()%0dx>v3dm0s,script_block,0
<D3V%0aoNmOuSEOvER%0a=%0aconfirm()%0dx>v3dm0s,comment,0
<D3V%0aoNmOuSEOvER%0a=%0aconfirm()%0dx>v3dm0s,url_href,0
<D3V%0aoNmOuSEOvER%0a=%0aconfirm()%0dx>v3dm0s,url_navigation,0
<Html/+/OnPOINTERENtER+=+confirm()%0dx>,html_tag,0
<Html/+/OnPOINTERENtER+=+confirm()%0dx>,html_attribute,0
<Html/+/OnPOINTERENtER+=+confirm()%0dx>,html_text,0
<Html/+/OnPOINTERENtER+=+confirm()%0dx>,script_block,0
<Html/+/OnPOINTERENtER+=+confirm()%0dx>,comment,0
<Html/+/OnPOINTERENtER+=+confirm()%0dx>,url_href,0
<Html/+/OnPOINTERENtER+=+confirm()%0dx>,url_navigation,0
<hTMl%0aoNPoiNTeRentER%0d=%0d[8].find(confirm)%0dx>,html_tag,0
<hTMl%0aoNPoiNTeRentER%0d=%0d[8].find(confirm)%0dx>,html_attribute,0
<hTMl%0aoNPoiNTeRentER%0d=%0d[8].find(confirm)%0dx>,html_text,0
<hTMl%0aoNPoiNTeRentER%0d=%0d[8].find(confirm)%0dx>,script_block,0
<hTMl%0aoNPoiNTeRentER%0d=%0d[8].find(confirm)%0dx>,comment,0
<hTMl%0aoNPoiNTeRentER%0d=%0d[8].find(confirm)%0dx>,url_href,0
<hTMl%0aoNPoiNTeRentER%0d=%0d[8].find(confirm)%0dx>,url_navigation,0
<htMl%09onMouSEovER%09=%09confirm()%0dx//,html_tag,0
<htMl%09onMouSEovER%09=%09confirm()%0dx//,html_attribute,0
<htMl%09onMouSEovER%09=%09confirm()%0dx//,html_text,0
<htMl%09onMouSEovER%09=%09confirm()%0dx//,script_block,0
<htMl%09onMouSEovER%09=%09confirm()%0dx//,comment,0
<htMl%09onMouSEovER%09=%09confirm()%0dx//,url_href,0
<htMl%09onMouSEovER%09=%09confirm()%0dx//,url_navigation,0
"<A/+/ONPOiNTErEnTER%09=%09a=prompt,a()%0dx>v3dm0s",html_tag,1
"<A/+/ONPOiNTErEnTER%09=%09a=prompt,a()%0dx>v3dm0s",html_attribute,0
"<A/+/ONPOiNTErEnTER%09=%09a=prompt,a()%0dx>v3dm0s",html_text,1
"<A/+/ONPOiNTErEnTER%09=%09a=prompt,a()%0dx>v3dm0s",script_block,0
"<A/+/ONPOiNTErEnTER%09=%09a=prompt,a()%0dx>v3dm0s",comment,0
"<A/+/ONPOiNTErEnTER%09=%09a=prompt,a()%0dx>v3dm0s",url_href,0
"<A/+/ONPOiNTErEnTER%09=%09a=prompt,a()%0dx>v3dm0s",url_navigation,0
<A%0doNPOiNTEreNteR%0a=%0a[8].find(confirm)%0dx>v3dm0s,html_tag,1
<A%0doNPOiNTEreNteR%0a=%0a[8].find(confirm)%0dx>v3dm0s,html_attribute,0
<A%0doNPOiNTEreNteR%0a=%0a[8].find(confirm)%0dx>v3dm0s,html_text,1
<A%0doNPOiNTEreNteR%0a=%0a[8].find(confirm)%0dx>v3dm0s,script_block,0
<A%0doNPOiNTEreNteR%0a=%0a[8].find(confirm)%0dx>v3dm0s,comment,0
<A%0doNPOiNTEreNteR%0a=%0a[8].find(confirm)%0dx>v3dm0s,url_href,0
<A%0doNPOiNTEreNteR%0a=%0a[8].find(confirm)%0dx>v3dm0s,url_navigation,0
<hTml/+/onmOUseOveR%09=%09[8].find(confirm)>,html_tag,0
<hTml/+/onmOUseOveR%09=%09[8].find(confirm)>,html_attribute,0
<hTml/+/onmOUseOveR%09=%09[8].find(confirm)>,html_text,0
<hTml/+/onmOUseOveR%09=%09[8].find(confirm)>,script_block,0
<hTml/+/onmOUseOveR%09=%09[8].find(confirm)>,comment,0
<hTml/+/onmOUseOveR%09=%09[8].find(confirm)>,url_href,0
<hTml/+/onmOUseOveR%09=%09[8].find(confirm)>,url_navigation,0
<HtmL%0aonpoINTeREntER%09=%09[8].find(confirm)%0dx//,html_tag,0
<HtmL%0aonpoINTeREntER%09=%09[8].find(confirm)%0dx//,html_attribute,0
<HtmL%0aonpoINTeREntER%09=%09[8].find(confirm)%0dx//,html_text,0
<HtmL%0aonpoINTeREntER%09=%09[8].find(confirm)%0dx//,script_block,0
<HtmL%0aonpoINTeREntER%09=%09[8].find(confirm)%0dx//,comment,0
<HtmL%0aonpoINTeREntER%09=%09[8].find(confirm)%0dx//,url_href,0
<HtmL%0aonpoINTeREntER%09=%09[8].find(confirm)%0dx//,url_navigation,0
<D3V%09ONpOINterEnteR%0d=%0d(confirm)()%0dx>v3dm0s,html_tag,1
<D3V%09ONpOINterEnteR%0d=%0d(confirm)()%0dx>v3dm0s,html_attribute,0
<D3V%09ONpOINterEnteR%0d=%0d(confirm)()%0dx>v3dm0s,html_text,1
<D3V%09ONpOINterEnteR%0d=%0d(confirm)()%0dx>v3dm0s,script_block,0
<D3V%09ONpOINterEnteR%0d=%0d(confirm)()%0dx>v3dm0s,comment,0
<D3V%09ONpOINterEnteR%0d=%0d(confirm)()%0dx>v3dm0s,url_href,0
<D3V%09ONpOINterEnteR%0d=%0d(confirm)()%0dx>v3dm0s,url_navigation,0
<d3V%0dONpoiNteRENTeR%09=%09(prompt)``%0dx>v3dm0s,html_tag,1
<d3V%0dONpoiNteRENTeR%09=%09(prompt)``%0dx>v3dm0s,html_attribute,0
<d3V%0dONpoiNteRENTeR%09=%09(prompt)``%0dx>v3dm0s,html_text,1
<d3V%0dONpoiNteRENTeR%09=%09(prompt)``%0dx>v3dm0s,script_block,0
<d3V%0dONpoiNteRENTeR%09=%09(prompt)``%0dx>v3dm0s,comment,0
<d3V%0dONpoiNteRENTeR%09=%09(prompt)``%0dx>v3dm0s,url_href,0
<d3V%0dONpoiNteRENTeR%09=%09(prompt)``%0dx>v3dm0s,url_navigation,0
<d3V%0aOnpOINTerEnTeR%0a=%0a[8].find(confirm)>v3dm0s,html_tag,1
<d3V%0aOnpOINTerEnTeR%0a=%0a[8].find(confirm)>v3dm0s,html_attribute,0
<d3V%0aOnpOINTerEnTeR%0a=%0a[8].find(confirm)>v3dm0s,html_text,1
<d3V%0aOnpOINTerEnTeR%0a=%0a[8].find(confirm)>v3dm0s,script_block,0
<d3V%0aOnpOINTerEnTeR%0a=%0a[8].find(confirm)>v3dm0s,comment,0
<d3V%0aOnpOINTerEnTeR%0a=%0a[8].find(confirm)>v3dm0s,url_href,0
<d3V%0aOnpOINTerEnTeR%0a=%0a[8].find(confirm)>v3dm0s,url_navigation,0
<A%0aonMOUSeOVEr%0d=%0d(confirm)()>v3dm0s,html_tag,1
<A%0aonMOUSeOVEr%0d=%0d(confirm)()>v3dm0s,html_attribute,0
<A%0aonMOUSeOVEr%0d=%0d(confirm)()>v3dm0s,html_text,1
<A%0aonMOUSeOVEr%0d=%0d(confirm)()>v3dm0s,script_block,0
<A%0aonMOUSeOVEr%0d=%0d(confirm)()>v3dm0s,comment,0
<A%0aonMOUSeOVEr%0d=%0d(confirm)()>v3dm0s,url_href,0
<A%0aonMOUSeOVEr%0d=%0d(confirm)()>v3dm0s,url_navigation,0
<HtML/+/oNPoiNtEreNter%0d=%0dconfirm()%0dx>,html_tag,0
<HtML/+/oNPoiNtEreNter%0d=%0dconfirm()%0dx>,html_attribute,0
<HtML/+/oNPoiNtEreNter%0d=%0dconfirm()%0dx>,html_text,0
<HtML/+/oNPoiNtEreNter%0d=%0dconfirm()%0dx>,script_block,0
<HtML/+/oNPoiNtEreNter%0d=%0dconfirm()%0dx>,comment,0
<HtML/+/oNPoiNtEreNter%0d=%0dconfirm()%0dx>,url_href,0
<HtML/+/oNPoiNtEreNter%0d=%0dconfirm()%0dx>,url_navigation,0
<htML%09oNMouSeOVeR%09=%09confirm()//,html_tag,0
<htML%09oNMouSeOVeR%09=%09confirm()//,html_attribute,0
<htML%09oNMouSeOVeR%09=%09confirm()//,html_text,0
<htML%09oNMouSeOVeR%09=%09confirm()//,script_block,0
<htML%09oNMouSeOVeR%09=%09confirm()//,comment,0
<htML%09oNMouSeOVeR%09=%09confirm()//,url_href,0
<htML%09oNMouSeOVeR%09=%09confirm()//,url_navigation,0
<DeTaILS/+/oNPoInTerENteR%09=%09(confirm)()//,html_tag,0
<DeTaILS/+/oNPoInTerENteR%09=%09(confirm)()//,html_attribute,0
<DeTaILS/+/oNPoInTerENteR%09=%09(confirm)()//,html_text,0
<DeTaILS/+/oNPoInTerENteR%09=%09(confirm)()//,script_block,0
<DeTaILS/+/oNPoInTerENteR%09=%09(confirm)()//,comment,0
<DeTaILS/+/oNPoInTerENteR%09=%09(confirm)()//,url_href,0
<DeTaILS/+/oNPoInTerENteR%09=%09(confirm)()//,url_navigation,0
<d3V/+/oNMoUseOVeR%0a=%0aconfirm()%0dx>v3dm0s,html_tag,1
<d3V/+/oNMoUseOVeR%0a=%0aconfirm()%0dx>v3dm0s,html_attribute,0
<d3V/+/oNMoUseOVeR%0a=%0aconfirm()%0dx>v3dm0s,html_text,1
<d3V/+/oNMoUseOVeR%0a=%0aconfirm()%0dx>v3dm0s,script_block,0
<d3V/+/oNMoUseOVeR%0a=%0aconfirm()%0dx>v3dm0s,comment,0
<d3V/+/oNMoUseOVeR%0a=%0aconfirm()%0dx>v3dm0s,url_href,0
<d3V/+/oNMoUseOVeR%0a=%0aconfirm()%0dx>v3dm0s,url_navigation,0
<d3v/+/oNpOinTEreNter%0a=%0a(confirm)()%0dx>v3dm0s,html_tag,1
<d3v/+/oNpOinTEreNter%0a=%0a(confirm)()%0dx>v3dm0s,html_attribute,0
<d3v/+/oNpOinTEreNter%0a=%0a(confirm)()%0dx>v3dm0s,html_text,1
<d3v/+/oNpOinTEreNter%0a=%0a(confirm)()%0dx>v3dm0s,script_block,0
<d3v/+/oNpOinTEreNter%0a=%0a(confirm)()%0dx>v3dm0s,comment,0
<d3v/+/oNpOinTEreNter%0a=%0a(confirm)()%0dx>v3dm0s,url_href,0
<d3v/+/oNpOinTEreNter%0a=%0a(confirm)()%0dx>v3dm0s,url_navigation,0
<HTml%0aonMouseoVEr%09=%09[8].find(confirm)%0dx//,html_tag,0
<HTml%0aonMouseoVEr%09=%09[8].find(confirm)%0dx//,html_attribute,0
<HTml%0aonMouseoVEr%09=%09[8].find(confirm)%0dx//,html_text,0
<HTml%0aonMouseoVEr%09=%09[8].find(confirm)%0dx//,script_block,0
<HTml%0aonMouseoVEr%09=%09[8].find(confirm)%0dx//,comment,0
<HTml%0aonMouseoVEr%09=%09[8].find(confirm)%0dx//,url_href,0
<HTml%0aonMouseoVEr%09=%09[8].find(confirm)%0dx//,url_navigation,0
<A/+/oNpoiNTereNTer%0d=%0d(prompt)``%0dx>v3dm0s,html_tag,1
<A/+/oNpoiNTereNTer%0d=%0d(prompt)``%0dx>v3dm0s,html_attribute,0
<A/+/oNpoiNTereNTer%0d=%0d(prompt)``%0dx>v3dm0s,html_text,1
<A/+/oNpoiNTereNTer%0d=%0d(prompt)``%0dx>v3dm0s,script_block,0
<A/+/oNpoiNTereNTer%0d=%0d(prompt)``%0dx>v3dm0s,comment,0
<A/+/oNpoiNTereNTer%0d=%0d(prompt)``%0dx>v3dm0s,url_href,0
<A/+/oNpoiNTereNTer%0d=%0d(prompt)``%0dx>v3dm0s,url_navigation,0
"<a%09ONmouSEoVER%0d=%0da=prompt,a()%0dx>v3dm0s",html_tag,1
"<a%09ONmouSEoVER%0d=%0da=prompt,a()%0dx>v3dm0s",html_attribute,0
"<a%09ONmouSEoVER%0d=%0da=prompt,a()%0dx>v3dm0s",html_text,1
"<a%09ONmouSEoVER%0d=%0da=prompt,a()%0dx>v3dm0s",script_block,0
"<a%09ONmouSEoVER%0d=%0da=prompt,a()%0dx>v3dm0s",comment,0
"<a%09ONmouSEoVER%0d=%0da=prompt,a()%0dx>v3dm0s",url_href,0
"<a%09ONmouSEoVER%0d=%0da=prompt,a()%0dx>v3dm0s",url_navigation,0
<d3v%0aoNpoiNtErEnTeR%0a=%0aconfirm()%0dx>v3dm0s,html_tag,1
<d3v%0aoNpoiNtErEnTeR%0a=%0aconfirm()%0dx>v3dm0s,html_attribute,0
<d3v%0aoNpoiNtErEnTeR%0a=%0aconfirm()%0dx>v3dm0s,html_text,1
<d3v%0aoNpoiNtErEnTeR%0a=%0aconfirm()%0dx>v3dm0s,script_block,0
<d3v%0aoNpoiNtErEnTeR%0a=%0aconfirm()%0dx>v3dm0s,comment,0
<d3v%0aoNpoiNtErEnTeR%0a=%0aconfirm()%0dx>v3dm0s,url_href,0
<d3v%0aoNpoiNtErEnTeR%0a=%0aconfirm()%0dx>v3dm0s,url_navigation,0
<dEtAiLs%0dONpOinTereNtER%0a=%0aconfirm()//,html_tag,0
<dEtAiLs%0dONpOinTereNtER%0a=%0aconfirm()//,html_attribute,0
<dEtAiLs%0dONpOinTereNtER%0a=%0aconfirm()//,html_text,0
<dEtAiLs%0dONpOinTereNtER%0a=%0aconfirm()//,script_block,0
<dEtAiLs%0dONpOinTereNtER%0a=%0aconfirm()//,comment,0
<dEtAiLs%0dONpOinTereNtER%0a=%0aconfirm()//,url_href,0
<dEtAiLs%0dONpOinTereNtER%0a=%0aconfirm()//,url_navigation,0
<HtmL/+/oNMOusEOVEr%0a=%0aconfirm()%0dx>,html_tag,0
<HtmL/+/oNMOusEOVEr%0a=%0aconfirm()%0dx>,html_attribute,0
<HtmL/+/oNMOusEOVEr%0a=%0aconfirm()%0dx>,html_text,0
<HtmL/+/oNMOusEOVEr%0a=%0aconfirm()%0dx>,script_block,0
<HtmL/+/oNMOusEOVEr%0a=%0aconfirm()%0dx>,comment,0
<HtmL/+/oNMOusEOVEr%0a=%0aconfirm()%0dx>,url_href,0
<HtmL/+/oNMOusEOVEr%0a=%0aconfirm()%0dx>,url_navigation,0
<details/+/onTOggLE+=+(prompt)``>,html_tag,0
<details/+/onTOggLE+=+(prompt)``>,html_attribute,0
<details/+/onTOggLE+=+(prompt)``>,html_text,0
<details/+/onTOggLE+=+(prompt)``>,script_block,0
<details/+/onTOggLE+=+(prompt)``>,comment,0
<details/+/onTOggLE+=+(prompt)``>,url_href,0
<details/+/onTOggLE+=+(prompt)``>,url_navigation,0
<d3v%0doNPoinTeRentER%0a=%0a(prompt)``%0dx>v3dm0s,html_tag,1
<d3v%0doNPoinTeRentER%0a=%0a(prompt)``%0dx>v3dm0s,html_attribute,0
<d3v%0doNPoinTeRentER%0a=%0a(prompt)``%0dx>v3dm0s,html_text,1
<d3v%0doNPoinTeRentER%0a=%0a(prompt)``%0dx>v3dm0s,script_block,0
<d3v%0doNPoinTeRentER%0a=%0a(prompt)``%0dx>v3dm0s,comment,0
<d3v%0doNPoinTeRentER%0a=%0a(prompt)``%0dx>v3dm0s,url_href,0
<d3v%0doNPoinTeRentER%0a=%0a(prompt)``%0dx>v3dm0s,url_navigation,0
<htmL/+/onmouSEoVeR%09=%09[8].find(confirm)%0dx>,html_tag,0
<htmL/+/onmouSEoVeR%09=%09[8].find(confirm)%0dx>,html_attribute,0
<htmL/+/onmouSEoVeR%09=%09[8].find(confirm)%0dx>,html_text,0
<htmL/+/onmouSEoVeR%09=%09[8].find(confirm)%0dx>,script_block,0
<htmL/+/onmouSEoVeR%09=%09[8].find(confirm)%0dx>,comment,0
<htmL/+/onmouSEoVeR%09=%09[8].find(confirm)%0dx>,url_href,0
<htmL/+/onmouSEoVeR%09=%09[8].find(confirm)%0dx>,url_navigation,0
"<hTML%0dONpOINtEREnter%09=%09a=prompt,a()%0dx//",html_tag,0
"<hTML%0dONpOINtEREnter%09=%09a=prompt,a()%0dx//",html_attribute,0
"<hTML%0dONpOINtEREnter%09=%09a=prompt,a()%0dx//",html_text,0
"<hTML%0dONpOINtEREnter%09=%09a=prompt,a()%0dx//",script_block,0
"<hTML%0dONpOINtEREnter%09=%09a=prompt,a()%0dx//",comment,0
"<hTML%0dONpOINtEREnter%09=%09a=prompt,a()%0dx//",url_href,0
"<hTML%0dONpOINtEREnter%09=%09a=prompt,a()%0dx//",url_navigation,0
<HtmL%09OnpointerENTeR%09=%09confirm()//,html_tag,0
<HtmL%09OnpointerENTeR%09=%09confirm()//,html_attribute,0
<HtmL%09OnpointerENTeR%09=%09confirm()//,html_text,0
<HtmL%09OnpointerENTeR%09=%09confirm()//,script_block,0
<HtmL%09OnpointerENTeR%09=%09confirm()//,comment,0
<HtmL%09OnpointerENTeR%09=%09confirm()//,url_href,0
<HtmL%09OnpointerENTeR%09=%09confirm()//,url_navigation,0
"<d3v%0doNmouSeoVeR%09=%09a=prompt,a()>v3dm0s",html_tag,1
"<d3v%0doNmouSeoVeR%09=%09a=prompt,a()>v3dm0s",html_attribute,0
"<d3v%0doNmouSeoVeR%09=%09a=prompt,a()>v3dm0s",html_text,1
"<d3v%0doNmouSeoVeR%09=%09a=prompt,a()>v3dm0s",script_block,0
"<d3v%0doNmouSeoVeR%09=%09a=prompt,a()>v3dm0s",comment,0
"<d3v%0doNmouSeoVeR%09=%09a=prompt,a()>v3dm0s",url_href,0
"<d3v%0doNmouSeoVeR%09=%09a=prompt,a()>v3dm0s",url_navigation,0
"<A%0aOnpOINTEreNtER%0a=%0aa=prompt,a()%0dx>v3dm0s",html_tag,1
"<A%0aOnpOINTEreNtER%0a=%0aa=prompt,a()%0dx>v3dm0s",html_attribute,0
"<A%0aOnpOINTEreNtER%0a=%0aa=prompt,a()%0dx>v3dm0s",html_text,1
"<A%0aOnpOINTEreNtER%0a=%0aa=prompt,a()%0dx>v3dm0s",script_block,0
"<A%0aOnpOINTEreNtER%0a=%0aa=prompt,a()%0dx>v3dm0s",comment,0
"<A%0aOnpOINTEreNtER%0a=%0aa=prompt,a()%0dx>v3dm0s",url_href,0
"<A%0aOnpOINTEreNtER%0a=%0aa=prompt,a()%0dx>v3dm0s",url_navigation,0
<d3v%0aONMOusEovER%09=%09[8].find(confirm)%0dx>v3dm0s,html_tag,1
<d3v%0aONMOusEovER%09=%09[8].find(confirm)%0dx>v3dm0s,html_attribute,0
<d3v%0aONMOusEovER%09=%09[8].find(confirm)%0dx>v3dm0s,html_text,1
<d3v%0aONMOusEovER%09=%09[8].find(confirm)%0dx>v3dm0s,script_block,0
<d3v%0aONMOusEovER%09=%09[8].find(confirm)%0dx>v3dm0s,comment,0
<d3v%0aONMOusEovER%09=%09[8].find(confirm)%0dx>v3dm0s,url_href,0
<d3v%0aONMOusEovER%09=%09[8].find(confirm)%0dx>v3dm0s,url_navigation,0
<D3v%0dONPoinTereNter+=+(confirm)()%0dx>v3dm0s,html_tag,0
<D3v%0dONPoinTereNter+=+(confirm)()%0dx>v3dm0s,html_attribute,0
<D3v%0dONPoinTereNter+=+(confirm)()%0dx>v3dm0s,html_text,0
<D3v%0dONPoinTereNter+=+(confirm)()%0dx>v3dm0s,script_block,0
<D3v%0dONPoinTereNter+=+(confirm)()%0dx>v3dm0s,comment,0
<D3v%0dONPoinTereNter+=+(confirm)()%0dx>v3dm0s,url_href,0
<D3v%0dONPoinTereNter+=+(confirm)()%0dx>v3dm0s,url_navigation,0
<D3v%09ONmOUseOVEr%0a=%0a[8].find(confirm)%0dx>v3dm0s,html_tag,1
<D3v%09ONmOUseOVEr%0a=%0a[8].find(confirm)%0dx>v3dm0s,html_attribute,0
<D3v%09ONmOUseOVEr%0a=%0a[8].find(confirm)%0dx>v3dm0s,html_text,1
<D3v%09ONmOUseOVEr%0a=%0a[8].find(confirm)%0dx>v3dm0s,script_block,0
<D3v%09ONmOUseOVEr%0a=%0a[8].find(confirm)%0dx>v3dm0s,comment,0
<D3v%09ONmOUseOVEr%0a=%0a[8].find(confirm)%0dx>v3dm0s,url_href,0
<D3v%09ONmOUseOVEr%0a=%0a[8].find(confirm)%0dx>v3dm0s,url_navigation,0
<a%0dOnpOinTEREnTER%09=%09[8].find(confirm)%0dx>v3dm0s,html_tag,1
<a%0dOnpOinTEREnTER%09=%09[8].find(confirm)%0dx>v3dm0s,html_attribute,0
<a%0dOnpOinTEREnTER%09=%09[8].find(confirm)%0dx>v3dm0s,html_text,1
<a%0dOnpOinTEREnTER%09=%09[8].find(confirm)%0dx>v3dm0s,script_block,0
<a%0dOnpOinTEREnTER%09=%09[8].find(confirm)%0dx>v3dm0s,comment,0
<a%0dOnpOinTEREnTER%09=%09[8].find(confirm)%0dx>v3dm0s,url_href,0
<a%0dOnpOinTEREnTER%09=%09[8].find(confirm)%0dx>v3dm0s,url_navigation,0
"<d3v/+/ONmOuSeOVeR%0d=%0da=prompt,a()%0dx>v3dm0s",html_tag,1
"<d3v/+/ONmOuSeOVeR%0d=%0da=prompt,a()%0dx>v3dm0s",html_attribute,0
"<d3v/+/ONmOuSeOVeR%0d=%0da=prompt,a()%0dx>v3dm0s",html_text,1
"<d3v/+/ONmOuSeOVeR%0d=%0da=prompt,a()%0dx>v3dm0s",script_block,0
"<d3v/+/ONmOuSeOVeR%0d=%0da=prompt,a()%0dx>v3dm0s",comment,0
"<d3v/+/ONmOuSeOVeR%0d=%0da=prompt,a()%0dx>v3dm0s",url_href,0
"<d3v/+/ONmOuSeOVeR%0d=%0da=prompt,a()%0dx>v3dm0s",url_navigation,0
"<a/+/ONpoiNTeReNtER%0d=%0da=prompt,a()>v3dm0s",html_tag,1
"<a/+/ONpoiNTeReNtER%0d=%0da=prompt,a()>v3dm0s",html_attribute,0
"<a/+/ONpoiNTeReNtER%0d=%0da=prompt,a()>v3dm0s",html_text,1
"<a/+/ONpoiNTeReNtER%0d=%0da=prompt,a()>v3dm0s",script_block,0
"<a/+/ONpoiNTeReNtER%0d=%0da=prompt,a()>v3dm0s",comment,0
"<a/+/ONpoiNTeReNtER%0d=%0da=prompt,a()>v3dm0s",url_href,0
"<a/+/ONpoiNTeReNtER%0d=%0da=prompt,a()>v3dm0s",url_navigation,0
<a%0aONPOintereNTer%0a=%0a(confirm)()>v3dm0s,html_tag,1
<a%0aONPOintereNTer%0a=%0a(confirm)()>v3dm0s,html_attribute,0
<a%0aONPOintereNTer%0a=%0a(confirm)()>v3dm0s,html_text,1
<a%0aONPOintereNTer%0a=%0a(confirm)()>v3dm0s,script_block,0
<a%0aONPOintereNTer%0a=%0a(confirm)()>v3dm0s,comment,0
<a%0aONPOintereNTer%0a=%0a(confirm)()>v3dm0s,url_href,0
<a%0aONPOintereNTer%0a=%0a(confirm)()>v3dm0s,url_navigation,0
<DEtaiLs%0aONTOGglE+=+confirm()>,html_tag,0
<DEtaiLs%0aONTOGglE+=+confirm()>,html_attribute,0
<DEtaiLs%0aONTOGglE+=+confirm()>,html_text,0
<DEtaiLs%0aONTOGglE+=+confirm()>,script_block,0
<DEtaiLs%0aONTOGglE+=+confirm()>,comment,0
<DEtaiLs%0aONTOGglE+=+confirm()>,url_href,0
<DEtaiLs%0aONTOGglE+=+confirm()>,url_navigation,0
<DeTAILS%0doNTOGgle%09=%09confirm()%0dx>,html_tag,0
<DeTAILS%0doNTOGgle%09=%09confirm()%0dx>,html_attribute,0
<DeTAILS%0doNTOGgle%09=%09confirm()%0dx>,html_text,0
<DeTAILS%0doNTOGgle%09=%09confirm()%0dx>,script_block,0
<DeTAILS%0doNTOGgle%09=%09confirm()%0dx>,comment,0
<DeTAILS%0doNTOGgle%09=%09confirm()%0dx>,url_href,0
<DeTAILS%0doNTOGgle%09=%09confirm()%0dx>,url_navigation,0
<deTAilS/+/oNPOIntErEntEr%0a=%0a(prompt)``>,html_tag,0
<deTAilS/+/oNPOIntErEntEr%0a=%0a(prompt)``>,html_attribute,0
<deTAilS/+/oNPOIntErEntEr%0a=%0a(prompt)``>,html_text,0
<deTAilS/+/oNPOIntErEntEr%0a=%0a(prompt)``>,script_block,0
<deTAilS/+/oNPOIntErEntEr%0a=%0a(prompt)``>,comment,0
<deTAilS/+/oNPOIntErEntEr%0a=%0a(prompt)``>,url_href,0
<deTAilS/+/oNPOIntErEntEr%0a=%0a(prompt)``>,url_navigation,0
<D3V/+/ONMoUSeover+=+confirm()%0dx>v3dm0s,html_tag,0
<D3V/+/ONMoUSeover+=+confirm()%0dx>v3dm0s,html_attribute,0
<D3V/+/ONMoUSeover+=+confirm()%0dx>v3dm0s,html_text,0
<D3V/+/ONMoUSeover+=+confirm()%0dx>v3dm0s,script_block,0
<D3V/+/ONMoUSeover+=+confirm()%0dx>v3dm0s,comment,0
<D3V/+/ONMoUSeover+=+confirm()%0dx>v3dm0s,url_href,0
<D3V/+/ONMoUSeover+=+confirm()%0dx>v3dm0s,url_navigation,0
<D3v%0dOnPOINTErEnteR%0a=%0aconfirm()%0dx>v3dm0s,html_tag,1
<D3v%0dOnPOINTErEnteR%0a=%0aconfirm()%0dx>v3dm0s,html_attribute,0
<D3v%0dOnPOINTErEnteR%0a=%0aconfirm()%0dx>v3dm0s,html_text,1
<D3v%0dOnPOINTErEnteR%0a=%0aconfirm()%0dx>v3dm0s,script_block,0
<D3v%0dOnPOINTErEnteR%0a=%0aconfirm()%0dx>v3dm0s,comment,0
<D3v%0dOnPOINTErEnteR%0a=%0aconfirm()%0dx>v3dm0s,url_href,0
<D3v%0dOnPOINTErEnteR%0a=%0aconfirm()%0dx>v3dm0s,url_navigation,0
<DeTaILS%0dontoGGlE+=+confirm()>,html_tag,0
<DeTaILS%0dontoGGlE+=+confirm()>,html_attribute,0
<DeTaILS%0dontoGGlE+=+confirm()>,html_text,0
<DeTaILS%0dontoGGlE+=+confirm()>,script_block,0
<DeTaILS%0dontoGGlE+=+confirm()>,comment,0
<DeTaILS%0dontoGGlE+=+confirm()>,url_href,0
<DeTaILS%0dontoGGlE+=+confirm()>,url_navigation,0
<DeTaILS/+/oNtoGgLe+=+confirm()%0dx//,html_tag,0
<DeTaILS/+/oNtoGgLe+=+confirm()%0dx//,html_attribute,0
<DeTaILS/+/oNtoGgLe+=+confirm()%0dx//,html_text,0
<DeTaILS/+/oNtoGgLe+=+confirm()%0dx//,script_block,0
<DeTaILS/+/oNtoGgLe+=+confirm()%0dx//,comment,0
<DeTaILS/+/oNtoGgLe+=+confirm()%0dx//,url_href,0
<DeTaILS/+/oNtoGgLe+=+confirm()%0dx//,url_navigation,0
"<hTmL%09ONmOuSeovER%09=%09a=prompt,a()>",html_tag,0
"<hTmL%09ONmOuSeovER%09=%09a=prompt,a()>",html_attribute,0
"<hTmL%09ONmOuSeovER%09=%09a=prompt,a()>",html_text,0
"<hTmL%09ONmOuSeovER%09=%09a=prompt,a()>",script_block,0
"<hTmL%09ONmOuSeovER%09=%09a=prompt,a()>",comment,0
"<hTmL%09ONmOuSeovER%09=%09a=prompt,a()>",url_href,0
"<hTmL%09ONmOuSeovER%09=%09a=prompt,a()>",url_navigation,0
<HtMl/+/OnpOinTerENtER%0d=%0dconfirm()>,html_tag,0
<HtMl/+/OnpOinTerENtER%0d=%0dconfirm()>,html_attribute,0
<HtMl/+/OnpOinTerENtER%0d=%0dconfirm()>,html_text,0
<HtMl/+/OnpOinTerENtER%0d=%0dconfirm()>,script_block,0
<HtMl/+/OnpOinTerENtER%0d=%0dconfirm()>,comment,0
<HtMl/+/OnpOinTerENtER%0d=%0dconfirm()>,url_href,0
<HtMl/+/OnpOinTerENtER%0d=%0dconfirm()>,url_navigation,0
"<HTML%0donpoINTerenTER%0d=%0da=prompt,a()%0dx//",html_tag,0
"<HTML%0donpoINTerenTER%0d=%0da=prompt,a()%0dx//",html_attribute,0
"<HTML%0donpoINTerenTER%0d=%0da=prompt,a()%0dx//",html_text,0
"<HTML%0donpoINTerenTER%0d=%0da=prompt,a()%0dx//",script_block,0
"<HTML%0donpoINTerenTER%0d=%0da=prompt,a()%0dx//",comment,0
"<HTML%0donpoINTerenTER%0d=%0da=prompt,a()%0dx//",url_href,0
"<HTML%0donpoINTerenTER%0d=%0da=prompt,a()%0dx//",url_navigation,0
"<HtmL%09OnMouSEOVer%0a=%0aa=prompt,a()//",html_tag,0
"<HtmL%09OnMouSEOVer%0a=%0aa=prompt,a()//",html_attribute,0
"<HtmL%09OnMouSEOVer%0a=%0aa=prompt,a()//",html_text,0
"<HtmL%09OnMouSEOVer%0a=%0aa=prompt,a()//",script_block,0
"<HtmL%09OnMouSEOVer%0a=%0aa=prompt,a()//",comment,0
"<HtmL%09OnMouSEOVer%0a=%0aa=prompt,a()//",url_href,0
"<HtmL%09OnMouSEOVer%0a=%0aa=prompt,a()//",url_navigation,0
<D3V%09onmouseOvER%0a=%0a(prompt)``>v3dm0s,html_tag,1
<D3V%09onmouseOvER%0a=%0a(prompt)``>v3dm0s,html_attribute,0
<D3V%09onmouseOvER%0a=%0a(prompt)``>v3dm0s,html_text,1
<D3V%09onmouseOvER%0a=%0a(prompt)``>v3dm0s,script_block,0
<D3V%09onmouseOvER%0a=%0a(prompt)``>v3dm0s,comment,0
<D3V%09onmouseOvER%0a=%0a(prompt)``>v3dm0s,url_href,0
<D3V%09onmouseOvER%0a=%0a(prompt)``>v3dm0s,url_navigation,0
<d3V/+/OnpOiNtEREnTEr+=+(confirm)()%0dx>v3dm0s,html_tag,0
<d3V/+/OnpOiNtEREnTEr+=+(confirm)()%0dx>v3dm0s,html_attribute,0
<d3V/+/OnpOiNtEREnTEr+=+(confirm)()%0dx>v3dm0s,html_text,0
<d3V/+/OnpOiNtEREnTEr+=+(confirm)()%0dx>v3dm0s,script_block,0
<d3V/+/OnpOiNtEREnTEr+=+(confirm)()%0dx>v3dm0s,comment,0
<d3V/+/OnpOiNtEREnTEr+=+(confirm)()%0dx>v3dm0s,url_href,0
<d3V/+/OnpOiNtEREnTEr+=+(confirm)()%0dx>v3dm0s,url_navigation,0
<d3V%0dONpoiNtEREnTer%0a=%0a(prompt)``>v3dm0s,html_tag,1
<d3V%0dONpoiNtEREnTer%0a=%0a(prompt)``>v3dm0s,html_attribute,0
<d3V%0dONpoiNtEREnTer%0a=%0a(prompt)``>v3dm0s,html_text,1
<d3V%0dONpoiNtEREnTer%0a=%0a(prompt)``>v3dm0s,script_block,0
<d3V%0dONpoiNtEREnTer%0a=%0a(prompt)``>v3dm0s,comment,0
<d3V%0dONpoiNtEREnTer%0a=%0a(prompt)``>v3dm0s,url_href,0
<d3V%0dONpoiNtEREnTer%0a=%0a(prompt)``>v3dm0s,url_navigation,0
<dEtAIls/+/OnpOIntereNTer%0a=%0aconfirm()//,html_tag,0
<dEtAIls/+/OnpOIntereNTer%0a=%0aconfirm()//,html_attribute,0
<dEtAIls/+/OnpOIntereNTer%0a=%0aconfirm()//,html_text,0
<dEtAIls/+/OnpOIntereNTer%0a=%0aconfirm()//,script_block,0
<dEtAIls/+/OnpOIntereNTer%0a=%0aconfirm()//,comment,0
<dEtAIls/+/OnpOIntereNTer%0a=%0aconfirm()//,url_href,0
<dEtAIls/+/OnpOIntereNTer%0a=%0aconfirm()//,url_navigation,0
"<DETAILs%09ONtoGgle%0a=%0aa=prompt,a()//",html_tag,0
"<DETAILs%09ONtoGgle%0a=%0aa=prompt,a()//",html_attribute,0
"<DETAILs%09ONtoGgle%0a=%0aa=prompt,a()//",html_text,0
"<DETAILs%09ONtoGgle%0a=%0aa=prompt,a()//",script_block,0
"<DETAILs%09ONtoGgle%0a=%0aa=prompt,a()//",comment,0
"<DETAILs%09ONtoGgle%0a=%0aa=prompt,a()//",url_href,0
"<DETAILs%09ONtoGgle%0a=%0aa=prompt,a()//",url_navigation,0
<a/+/onMOUSeOveR+=+(confirm)()>v3dm0s,html_tag,0
<a/+/onMOUSeOveR+=+(confirm)()>v3dm0s,html_attribute,0
<a/+/onMOUSeOveR+=+(confirm)()>v3dm0s,html_text,0
<a/+/onMOUSeOveR+=+(confirm)()>v3dm0s,script_block,0
<a/+/onMOUSeOveR+=+(confirm)()>v3dm0s,comment,0
<a/+/onMOUSeOveR+=+(confirm)()>v3dm0s,url_href,0
<a/+/onMOUSeOveR+=+(confirm)()>v3dm0s,url_navigation,0
<htmL%09onMouSEOVer%0a=%0a(confirm)()%0dx>,html_tag,0
<htmL%09onMouSEOVer%0a=%0a(confirm)()%0dx>,html_attribute,0
<htmL%09onMouSEOVer%0a=%0a(confirm)()%0dx>,html_text,0
<htmL%09onMouSEOVer%0a=%0a(confirm)()%0dx>,script_block,0
<htmL%09onMouSEOVer%0a=%0a(confirm)()%0dx>,comment,0
<htmL%09onMouSEOVer%0a=%0a(confirm)()%0dx>,url_href,0
<htmL%09onMouSEOVer%0a=%0a(confirm)()%0dx>,url_navigation,0
"<D3V/+/onMOusEovER%0a=%0aa=prompt,a()%0dx>v3dm0s",html_tag,1
"<D3V/+/onMOusEovER%0a=%0aa=prompt,a()%0dx>v3dm0s",html_attribute,0
"<D3V/+/onMOusEovER%0a=%0aa=prompt,a()%0dx>v3dm0s",html_text,1
"<D3V/+/onMOusEovER%0a=%0aa=prompt,a()%0dx>v3dm0s",script_block,0
"<D3V/+/onMOusEovER%0a=%0aa=prompt,a()%0dx>v3dm0s",comment,0
"<D3V/+/onMOusEovER%0a=%0aa=prompt,a()%0dx>v3dm0s",url_href,0
"<D3V/+/onMOusEovER%0a=%0aa=prompt,a()%0dx>v3dm0s",url_navigation,0
<d3V%0aonpoINtEREntEr%09=%09confirm()%0dx>v3dm0s,html_tag,1
<d3V%0aonpoINtEREntEr%09=%09confirm()%0dx>v3dm0s,html_attribute,0
<d3V%0aonpoINtEREntEr%09=%09confirm()%0dx>v3dm0s,html_text,1
<d3V%0aonpoINtEREntEr%09=%09confirm()%0dx>v3dm0s,script_block,0
<d3V%0aonpoINtEREntEr%09=%09confirm()%0dx>v3dm0s,comment,0
<d3V%0aonpoINtEREntEr%09=%09confirm()%0dx>v3dm0s,url_href,0
<d3V%0aonpoINtEREntEr%09=%09confirm()%0dx>v3dm0s,url_navigation,0
<d3v%0aonMOuseOVeR%0d=%0d(confirm)()>v3dm0s,html_tag,1
<d3v%0aonMOuseOVeR%0d=%0d(confirm)()>v3dm0s,html_attribute,0
<d3v%0aonMOuseOVeR%0d=%0d(confirm)()>v3dm0s,html_text,1
<d3v%0aonMOuseOVeR%0d=%0d(confirm)()>v3dm0s,script_block,0
<d3v%0aonMOuseOVeR%0d=%0d(confirm)()>v3dm0s,comment,0
<d3v%0aonMOuseOVeR%0d=%0d(confirm)()>v3dm0s,url_href,0
<d3v%0aonMOuseOVeR%0d=%0d(confirm)()>v3dm0s,url_navigation,0
<hTml%0aONPoIntEReNTER%09=%09[8].find(confirm)%0dx>,html_tag,0
<hTml%0aONPoIntEReNTER%09=%09[8].find(confirm)%0dx>,html_attribute,0
<hTml%0aONPoIntEReNTER%09=%09[8].find(confirm)%0dx>,html_text,0
<hTml%0aONPoIntEReNTER%09=%09[8].find(confirm)%0dx>,script_block,0
<hTml%0aONPoIntEReNTER%09=%09[8].find(confirm)%0dx>,comment,0
<hTml%0aONPoIntEReNTER%09=%09[8].find(confirm)%0dx>,url_href,0
<hTml%0aONPoIntEReNTER%09=%09[8].find(confirm)%0dx>,url_navigation,0
<d3v%0dONMouSEOVEr%0d=%0d(confirm)()>v3dm0s,html_tag,1
<d3v%0dONMouSEOVEr%0d=%0d(confirm)()>v3dm0s,html_attribute,0
<d3v%0dONMouSEOVEr%0d=%0d(confirm)()>v3dm0s,html_text,1
<d3v%0dONMouSEOVEr%0d=%0d(confirm)()>v3dm0s,script_block,0
<d3v%0dONMouSEOVEr%0d=%0d(confirm)()>v3dm0s,comment,0
<d3v%0dONMouSEOVEr%0d=%0d(confirm)()>v3dm0s,url_href,0
<d3v%0dONMouSEOVEr%0d=%0d(confirm)()>v3dm0s,url_navigation,0
"<D3V%0donmOUseoVeR%09=%09a=prompt,a()%0dx>v3dm0s",html_tag,1
"<D3V%0donmOUseoVeR%09=%09a=prompt,a()%0dx>v3dm0s",html_attribute,0
"<D3V%0donmOUseoVeR%09=%09a=prompt,a()%0dx>v3dm0s",html_text,1
"<D3V%0donmOUseoVeR%09=%09a=prompt,a()%0dx>v3dm0s",script_block,0
"<D3V%0donmOUseoVeR%09=%09a=prompt,a()%0dx>v3dm0s",comment,0
"<D3V%0donmOUseoVeR%09=%09a=prompt,a()%0dx>v3dm0s",url_href,0
"<D3V%0donmOUseoVeR%09=%09a=prompt,a()%0dx>v3dm0s",url_navigation,0
<hTml%09OnpOiNTErenTer%0a=%0aconfirm()//,html_tag,0
<hTml%09OnpOiNTErenTer%0a=%0aconfirm()//,html_attribute,0
<hTml%09OnpOiNTErenTer%0a=%0aconfirm()//,html_text,0
<hTml%09OnpOiNTErenTer%0a=%0aconfirm()//,script_block,0
<hTml%09OnpOiNTErenTer%0a=%0aconfirm()//,comment,0
<hTml%09OnpOiNTErenTer%0a=%0aconfirm()//,url_href,0
<hTml%09OnpOiNTErenTer%0a=%0aconfirm()//,url_navigation,0
<deTaiLS%09oNToGGlE%0d=%0dconfirm()//,html_tag,0
<deTaiLS%09oNToGGlE%0d=%0dconfirm()//,html_attribute,0
<deTaiLS%09oNToGGlE%0d=%0dconfirm()//,html_text,0
<deTaiLS%09oNToGGlE%0d=%0dconfirm()//,script_block,0
<deTaiLS%09oNToGGlE%0d=%0dconfirm()//,comment,0
<deTaiLS%09oNToGGlE%0d=%0dconfirm()//,url_href,0
<deTaiLS%09oNToGGlE%0d=%0dconfirm()//,url_navigation,0
<HTMl%09oNPOInteRentEr%0d=%0dconfirm()>,html_tag,0
<HTMl%09oNPOInteRentEr%0d=%0dconfirm()>,html_attribute,0
<HTMl%09oNPOInteRentEr%0d=%0dconfirm()>,html_text,0
<HTMl%09oNPOInteRentEr%0d=%0dconfirm()>,script_block,0
<HTMl%09oNPOInteRentEr%0d=%0dconfirm()>,comment,0
<HTMl%09oNPOInteRentEr%0d=%0dconfirm()>,url_href,0
<HTMl%09oNPOInteRentEr%0d=%0dconfirm()>,url_navigation,0
"<D3v%0doNpoINTerENteR%09=%09a=prompt,a()>v3dm0s",html_tag,1
"<D3v%0doNpoINTerENteR%09=%09a=prompt,a()>v3dm0s",html_attribute,0
"<D3v%0doNpoINTerENteR%09=%09a=prompt,a()>v3dm0s",html_text,1
"<D3v%0doNpoINTerENteR%09=%09a=prompt,a()>v3dm0s",script_block,0
"<D3v%0doNpoINTerENteR%09=%09a=prompt,a()>v3dm0s",comment,0
"<D3v%0doNpoINTerENteR%09=%09a=prompt,a()>v3dm0s",url_href,0
"<D3v%0doNpoINTerENteR%09=%09a=prompt,a()>v3dm0s",url_navigation,0
<dETaiLS%0aonpointErENTER%09=%09(prompt)``%0dx>,html_tag,0
<dETaiLS%0aonpointErENTER%09=%09(prompt)``%0dx>,html_attribute,0
<dETaiLS%0aonpointErENTER%09=%09(prompt)``%0dx>,html_text,0
<dETaiLS%0aonpointErENTER%09=%09(prompt)``%0dx>,script_block,0
<dETaiLS%0aonpointErENTER%09=%09(prompt)``%0dx>,comment,0
<dETaiLS%0aonpointErENTER%09=%09(prompt)``%0dx>,url_href,0
<dETaiLS%0aonpointErENTER%09=%09(prompt)``%0dx>,url_navigation,0
"<DeTaIlS%0aoNTogglE%0a=%0aa=prompt,a()%0dx//",html_tag,0
"<DeTaIlS%0aoNTogglE%0a=%0aa=prompt,a()%0dx//",html_attribute,0
"<DeTaIlS%0aoNTogglE%0a=%0aa=prompt,a()%0dx//",html_text,0
"<DeTaIlS%0aoNTogglE%0a=%0aa=prompt,a()%0dx//",script_block,0
"<DeTaIlS%0aoNTogglE%0a=%0aa=prompt,a()%0dx//",comment,0
"<DeTaIlS%0aoNTogglE%0a=%0aa=prompt,a()%0dx//",url_href,0
"<DeTaIlS%0aoNTogglE%0a=%0aa=prompt,a()%0dx//",url_navigation,0
<hTmL%09onPOinTErENteR%0d=%0dconfirm()%0dx//,html_tag,0
<hTmL%09onPOinTErENteR%0d=%0dconfirm()%0dx//,html_attribute,0
<hTmL%09onPOinTErENteR%0d=%0dconfirm()%0dx//,html_text,0
<hTmL%09onPOinTErENteR%0d=%0dconfirm()%0dx//,script_block,0
<hTmL%09onPOinTErENteR%0d=%0dconfirm()%0dx//,comment,0
<hTmL%09onPOinTErENteR%0d=%0dconfirm()%0dx//,url_href,0
<hTmL%09onPOinTErENteR%0d=%0dconfirm()%0dx//,url_navigation,0
"<htmL%0donPoiNTerEnTEr%0a=%0aa=prompt,a()//",html_tag,0
"<htmL%0donPoiNTerEnTEr%0a=%0aa=prompt,a()//",html_attribute,0
"<htmL%0donPoiNTerEnTEr%0a=%0aa=prompt,a()//",html_text,0
"<htmL%0donPoiNTerEnTEr%0a=%0aa=prompt,a()//",script_block,0
"<htmL%0donPoiNTerEnTEr%0a=%0aa=prompt,a()//",comment,0
"<htmL%0donPoiNTerEnTEr%0a=%0aa=prompt,a()//",url_href,0
"<htmL%0donPoiNTerEnTEr%0a=%0aa=prompt,a()//",url_navigation,0
<a%09OnmoUsEoVEr%09=%09(prompt)``%0dx>v3dm0s,html_tag,1
<a%09OnmoUsEoVEr%09=%09(prompt)``%0dx>v3dm0s,html_attribute,0
<a%09OnmoUsEoVEr%09=%09(prompt)``%0dx>v3dm0s,html_text,1
<a%09OnmoUsEoVEr%09=%09(prompt)``%0dx>v3dm0s,script_block,0
<a%09OnmoUsEoVEr%09=%09(prompt)``%0dx>v3dm0s,comment,0
<a%09OnmoUsEoVEr%09=%09(prompt)``%0dx>v3dm0s,url_href,0
<a%09OnmoUsEoVEr%09=%09(prompt)``%0dx>v3dm0s,url_navigation,0
<A%09ONpoiNTereNteR+=+(confirm)()>v3dm0s,html_tag,0
<A%09ONpoiNTereNteR+=+(confirm)()>v3dm0s,html_attribute,0
<A%09ONpoiNTereNteR+=+(confirm)()>v3dm0s,html_text,0
<A%09ONpoiNTereNteR+=+(confirm)()>v3dm0s,script_block,0
<A%09ONpoiNTereNteR+=+(confirm)()>v3dm0s,comment,0
<A%09ONpoiNTereNteR+=+(confirm)()>v3dm0s,url_href,0
<A%09ONpoiNTereNteR+=+(confirm)()>v3dm0s,url_navigation,0
<D3v%09OnPointeReNteR%0d=%0d(prompt)``%0dx>v3dm0s,html_tag,1
<D3v%09OnPointeReNteR%0d=%0d(prompt)``%0dx>v3dm0s,html_attribute,0
<D3v%09OnPointeReNteR%0d=%0d(prompt)``%0dx>v3dm0s,html_text,1
<D3v%09OnPointeReNteR%0d=%0d(prompt)``%0dx>v3dm0s,script_block,0
<D3v%09OnPointeReNteR%0d=%0d(prompt)``%0dx>v3dm0s,comment,0
<D3v%09OnPointeReNteR%0d=%0d(prompt)``%0dx>v3dm0s,url_href,0
<D3v%09OnPointeReNteR%0d=%0d(prompt)``%0dx>v3dm0s,url_navigation,0
<DeTAilS%0dOnPoiNTERENtER+=+(confirm)()%0dx>,html_tag,0
<DeTAilS%0dOnPoiNTERENtER+=+(confirm)()%0dx>,html_attribute,0
<DeTAilS%0dOnPoiNTERENtER+=+(confirm)()%0dx>,html_text,0
<DeTAilS%0dOnPoiNTERENtER+=+(confirm)()%0dx>,script_block,0
<DeTAilS%0dOnPoiNTERENtER+=+(confirm)()%0dx>,comment,0
<DeTAilS%0dOnPoiNTERENtER+=+(confirm)()%0dx>,url_href,0
<DeTAilS%0dOnPoiNTERENtER+=+(confirm)()%0dx>,url_navigation,0
<D3V%0dOnMoUsEoveR%09=%09confirm()%0dx>v3dm0s,html_tag,1
<D3V%0dOnMoUsEoveR%09=%09confirm()%0dx>v3dm0s,html_attribute,0
<D3V%0dOnMoUsEoveR%09=%09confirm()%0dx>v3dm0s,html_text,1
<D3V%0dOnMoUsEoveR%09=%09confirm()%0dx>v3dm0s,script_block,0
<D3V%0dOnMoUsEoveR%09=%09confirm()%0dx>v3dm0s,comment,0
<D3V%0dOnMoUsEoveR%09=%09confirm()%0dx>v3dm0s,url_href,0
<D3V%0dOnMoUsEoveR%09=%09confirm()%0dx>v3dm0s,url_navigation,0
<A/+/ONMouSEOver%0d=%0d(prompt)``>v3dm0s,html_tag,1
<A/+/ONMouSEOver%0d=%0d(prompt)``>v3dm0s,html_attribute,0
<A/+/ONMouSEOver%0d=%0d(prompt)``>v3dm0s,html_text,1
<A/+/ONMouSEOver%0d=%0d(prompt)``>v3dm0s,script_block,0
<A/+/ONMouSEOver%0d=%0d(prompt)``>v3dm0s,comment,0
<A/+/ONMouSEOver%0d=%0d(prompt)``>v3dm0s,url_href,0
<A/+/ONMouSEOver%0d=%0d(prompt)``>v3dm0s,url_navigation,0
<a%0dOnpOINTerEnTeR%0a=%0a(prompt)``>v3dm0s,html_tag,1
<a%0dOnpOINTerEnTeR%0a=%0a(prompt)``>v3dm0s,html_attribute,0
<a%0dOnpOINTerEnTeR%0a=%0a(prompt)``>v3dm0s,html_text,1
<a%0dOnpOINTerEnTeR%0a=%0a(prompt)``>v3dm0s,script_block,0
<a%0dOnpOINTerEnTeR%0a=%0a(prompt)``>v3dm0s,comment,0
<a%0dOnpOINTerEnTeR%0a=%0a(prompt)``>v3dm0s,url_href,0
<a%0dOnpOINTerEnTeR%0a=%0a(prompt)``>v3dm0s,url_navigation,0
<d3v/+/ONPoiNTEREntER%0d=%0dconfirm()>v3dm0s,html_tag,1
<d3v/+/ONPoiNTEREntER%0d=%0dconfirm()>v3dm0s,html_attribute,0
<d3v/+/ONPoiNTEREntER%0d=%0dconfirm()>v3dm0s,html_text,1
<d3v/+/ONPoiNTEREntER%0d=%0dconfirm()>v3dm0s,script_block,0
<d3v/+/ONPoiNTEREntER%0d=%0dconfirm()>v3dm0s,comment,0
<d3v/+/ONPoiNTEREntER%0d=%0dconfirm()>v3dm0s,url_href,0
<d3v/+/ONPoiNTEREntER%0d=%0dconfirm()>v3dm0s,url_navigation,0
<a%09onPoInTEReNTEr%0d=%0dconfirm()>v3dm0s,html_tag,1
<a%09onPoInTEReNTEr%0d=%0dconfirm()>v3dm0s,html_attribute,0
<a%09onPoInTEReNTEr%0d=%0dconfirm()>v3dm0s,html_text,1
<a%09onPoInTEReNTEr%0d=%0dconfirm()>v3dm0s,script_block,0
<a%09onPoInTEReNTEr%0d=%0dconfirm()>v3dm0s,comment,0
<a%09onPoInTEReNTEr%0d=%0dconfirm()>v3dm0s,url_href,0
<a%09onPoInTEReNTEr%0d=%0dconfirm()>v3dm0s,url_navigation,0
"<d3v%0aoNmOuSeover%0a=%0aa=prompt,a()>v3dm0s",html_tag,1
"<d3v%0aoNmOuSeover%0a=%0aa=prompt,a()>v3dm0s",html_attribute,0
"<d3v%0aoNmOuSeover%0a=%0aa=prompt,a()>v3dm0s",html_text,1
"<d3v%0aoNmOuSeover%0a=%0aa=prompt,a()>v3dm0s",script_block,0
"<d3v%0aoNmOuSeover%0a=%0aa=prompt,a()>v3dm0s",comment,0
"<d3v%0aoNmOuSeover%0a=%0aa=prompt,a()>v3dm0s",url_href,0
"<d3v%0aoNmOuSeover%0a=%0aa=prompt,a()>v3dm0s",url_navigation,0
<a/+/onpOinterENtER+=+[8].find(confirm)%0dx>v3dm0s,html_tag,0
<a/+/onpOinterENtER+=+[8].find(confirm)%0dx>v3dm0s,html_attribute,0
<a/+/onpOinterENtER+=+[8].find(confirm)%0dx>v3dm0s,html_text,0
<a/+/onpOinterENtER+=+[8].find(confirm)%0dx>v3dm0s,script_block,0
<a/+/onpOinterENtER+=+[8].find(confirm)%0dx>v3dm0s,comment,0
<a/+/onpOinterENtER+=+[8].find(confirm)%0dx>v3dm0s,url_href,0
<a/+/onpOinterENtER+=+[8].find(confirm)%0dx>v3dm0s,url_navigation,0
"<HTML%0doNmoUseOvER%0d=%0da=prompt,a()%0dx//",html_tag,0
"<HTML%0doNmoUseOvER%0d=%0da=prompt,a()%0dx//",html_attribute,0
"<HTML%0doNmoUseOvER%0d=%0da=prompt,a()%0dx//",html_text,0
"<HTML%0doNmoUseOvER%0d=%0da=prompt,a()%0dx//",script_block,0
"<HTML%0doNmoUseOvER%0d=%0da=prompt,a()%0dx//",comment,0
"<HTML%0doNmoUseOvER%0d=%0da=prompt,a()%0dx//",url_href,0
"<HTML%0doNmoUseOvER%0d=%0da=prompt,a()%0dx//",url_navigation,0
<HTML%09oNMoUsEOveR+=+(confirm)()//,html_tag,0
<HTML%09oNMoUsEOveR+=+(confirm)()//,html_attribute,0
<HTML%09oNMoUsEOveR+=+(confirm)()//,html_text,0
<HTML%09oNMoUsEOveR+=+(confirm)()//,script_block,0
<HTML%09oNMoUsEOveR+=+(confirm)()//,comment,0
<HTML%09oNMoUsEOveR+=+(confirm)()//,url_href,0
<HTML%09oNMoUsEOveR+=+(confirm)()//,url_navigation,0
<D3v%0aOnmouseoVer%0d=%0dconfirm()%0dx>v3dm0s,html_tag,1
<D3v%0aOnmouseoVer%0d=%0dconfirm()%0dx>v3dm0s,html_attribute,0
<D3v%0aOnmouseoVer%0d=%0dconfirm()%0dx>v3dm0s,html_text,1
<D3v%0aOnmouseoVer%0d=%0dconfirm()%0dx>v3dm0s,script_block,0
<D3v%0aOnmouseoVer%0d=%0dconfirm()%0dx>v3dm0s,comment,0
<D3v%0aOnmouseoVer%0d=%0dconfirm()%0dx>v3dm0s,url_href,0
<D3v%0aOnmouseoVer%0d=%0dconfirm()%0dx>v3dm0s,url_navigation,0
"<D3v/+/onPOiNTERentEr%0a=%0aa=prompt,a()%0dx>v3dm0s",html_tag,1
"<D3v/+/onPOiNTERentEr%0a=%0aa=prompt,a()%0dx>v3dm0s",html_attribute,0
"<D3v/+/onPOiNTERentEr%0a=%0aa=prompt,a()%0dx>v3dm0s",html_text,1
"<D3v/+/onPOiNTERentEr%0a=%0aa=prompt,a()%0dx>v3dm0s",script_block,0
"<D3v/+/onPOiNTERentEr%0a=%0aa=prompt,a()%0dx>v3dm0s",comment,0
"<D3v/+/onPOiNTERentEr%0a=%0aa=prompt,a()%0dx>v3dm0s",url_href,0
"<D3v/+/onPOiNTERentEr%0a=%0aa=prompt,a()%0dx>v3dm0s",url_navigation,0
<a%0dONMoUSeOver+=+confirm()>v3dm0s,html_tag,0
<a%0dONMoUSeOver+=+confirm()>v3dm0s,html_attribute,0
<a%0dONMoUSeOver+=+confirm()>v3dm0s,html_text,0
<a%0dONMoUSeOver+=+confirm()>v3dm0s,script_block,0
<a%0dONMoUSeOver+=+confirm()>v3dm0s,comment,0
<a%0dONMoUSeOver+=+confirm()>v3dm0s,url_href,0
<a%0dONMoUSeOver+=+confirm()>v3dm0s,url_navigation,0
"<htMl/+/oNPoINTErenter%09=%09a=prompt,a()%0dx//",html_tag,0
"<htMl/+/oNPoINTErenter%09=%09a=prompt,a()%0dx//",html_attribute,0
"<htMl/+/oNPoINTErenter%09=%09a=prompt,a()%0dx//",html_text,0
"<htMl/+/oNPoINTErenter%09=%09a=prompt,a()%0dx//",script_block,0
"<htMl/+/oNPoINTErenter%09=%09a=prompt,a()%0dx//",comment,0
"<htMl/+/oNPoINTErenter%09=%09a=prompt,a()%0dx//",url_href,0
"<htMl/+/oNPoINTErenter%09=%09a=prompt,a()%0dx//",url_navigation,0
<HTml/+/OnmousEoVeR+=+confirm()//,html_tag,0
<HTml/+/OnmousEoVeR+=+confirm()//,html_attribute,0
<HTml/+/OnmousEoVeR+=+confirm()//,html_text,0
<HTml/+/OnmousEoVeR+=+confirm()//,script_block,0
<HTml/+/OnmousEoVeR+=+confirm()//,comment,0
<HTml/+/OnmousEoVeR+=+confirm()//,url_href,0
<HTml/+/OnmousEoVeR+=+confirm()//,url_navigation,0
"<a%09OnpointEReNtEr%0a=%0aa=prompt,a()%0dx>v3dm0s",html_tag,1
"<a%09OnpointEReNtEr%0a=%0aa=prompt,a()%0dx>v3dm0s",html_attribute,0
"<a%09OnpointEReNtEr%0a=%0aa=prompt,a()%0dx>v3dm0s",html_text,1
"<a%09OnpointEReNtEr%0a=%0aa=prompt,a()%0dx>v3dm0s",script_block,0
"<a%09OnpointEReNtEr%0a=%0aa=prompt,a()%0dx>v3dm0s",comment,0
"<a%09OnpointEReNtEr%0a=%0aa=prompt,a()%0dx>v3dm0s",url_href,0
"<a%09OnpointEReNtEr%0a=%0aa=prompt,a()%0dx>v3dm0s",url_navigation,0
<HTmL%0aOnpOiNtEREnter%0d=%0d(confirm)()//,html_tag,0
<HTmL%0aOnpOiNtEREnter%0d=%0d(confirm)()//,html_attribute,0
<HTmL%0aOnpOiNtEREnter%0d=%0d(confirm)()//,html_text,0
<HTmL%0aOnpOiNtEREnter%0d=%0d(confirm)()//,script_block,0
<HTmL%0aOnpOiNtEREnter%0d=%0d(confirm)()//,comment,0
<HTmL%0aOnpOiNtEREnter%0d=%0d(confirm)()//,url_href,0
<HTmL%0aOnpOiNtEREnter%0d=%0d(confirm)()//,url_navigation,0
"<a/+/onmOuSEOver+=+a=prompt,a()>v3dm0s",html_tag,0
"<a/+/onmOuSEOver+=+a=prompt,a()>v3dm0s",html_attribute,0
"<a/+/onmOuSEOver+=+a=prompt,a()>v3dm0s",html_text,0
"<a/+/onmOuSEOver+=+a=prompt,a()>v3dm0s",script_block,0
"<a/+/onmOuSEOver+=+a=prompt,a()>v3dm0s",comment,0
"<a/+/onmOuSEOver+=+a=prompt,a()>v3dm0s",url_href,0
"<a/+/onmOuSEOver+=+a=prompt,a()>v3dm0s",url_navigation,0
<a%09onMOuSEOveR%0d=%0dconfirm()>v3dm0s,html_tag,1
<a%09onMOuSEOveR%0d=%0dconfirm()>v3dm0s,html_attribute,0
<a%09onMOuSEOveR%0d=%0dconfirm()>v3dm0s,html_text,1
<a%09onMOuSEOveR%0d=%0dconfirm()>v3dm0s,script_block,0
<a%09onMOuSEOveR%0d=%0dconfirm()>v3dm0s,comment,0
<a%09onMOuSEOveR%0d=%0dconfirm()>v3dm0s,url_href,0
<a%09onMOuSEOveR%0d=%0dconfirm()>v3dm0s,url_navigation,0
"<htMl%0aonMOusEOveR+=+a=prompt,a()%0dx>",html_tag,0
"<htMl%0aonMOusEOveR+=+a=prompt,a()%0dx>",html_attribute,0
"<htMl%0aonMOusEOveR+=+a=prompt,a()%0dx>",html_text,0
"<htMl%0aonMOusEOveR+=+a=prompt,a()%0dx>",script_block,0
"<htMl%0aonMOusEOveR+=+a=prompt,a()%0dx>",comment,0
"<htMl%0aonMOusEOveR+=+a=prompt,a()%0dx>",url_href,0
"<htMl%0aonMOusEOveR+=+a=prompt,a()%0dx>",url_navigation,0
<a%0dOnMoUSeoVer%09=%09confirm()%0dx>v3dm0s,html_tag,1
<a%0dOnMoUSeoVer%09=%09confirm()%0dx>v3dm0s,html_attribute,0
<a%0dOnMoUSeoVer%09=%09confirm()%0dx>v3dm0s,html_text,1
<a%0dOnMoUSeoVer%09=%09confirm()%0dx>v3dm0s,script_block,0
<a%0dOnMoUSeoVer%09=%09confirm()%0dx>v3dm0s,comment,0
<a%0dOnMoUSeoVer%09=%09confirm()%0dx>v3dm0s,url_href,0
<a%0dOnMoUSeoVer%09=%09confirm()%0dx>v3dm0s,url_navigation,0
<a%0donpOInTEReNTEr%0d=%0dconfirm()%0dx>v3dm0s,html_tag,1
<a%0donpOInTEReNTEr%0d=%0dconfirm()%0dx>v3dm0s,html_attribute,0
<a%0donpOInTEReNTEr%0d=%0dconfirm()%0dx>v3dm0s,html_text,1
<a%0donpOInTEReNTEr%0d=%0dconfirm()%0dx>v3dm0s,script_block,0
<a%0donpOInTEReNTEr%0d=%0dconfirm()%0dx>v3dm0s,comment,0
<a%0donpOInTEReNTEr%0d=%0dconfirm()%0dx>v3dm0s,url_href,0
<a%0donpOInTEReNTEr%0d=%0dconfirm()%0dx>v3dm0s,url_navigation,0
<hTMl%0aoNPOiNterENTEr%09=%09(prompt)``>,html_tag,0
<hTMl%0aoNPOiNterENTEr%09=%09(prompt)``>,html_attribute,0
<hTMl%0aoNPOiNterENTEr%09=%09(prompt)``>,html_text,0
<hTMl%0aoNPOiNterENTEr%09=%09(prompt)``>,script_block,0
<hTMl%0aoNPOiNterENTEr%09=%09(prompt)``>,comment,0
<hTMl%0aoNPOiNterENTEr%09=%09(prompt)``>,url_href,0
<hTMl%0aoNPOiNterENTEr%09=%09(prompt)``>,url_navigation,0
<d3V/+/oNMOUSEOVeR%09=%09confirm()%0dx>v3dm0s,html_tag,1
<d3V/+/oNMOUSEOVeR%09=%09confirm()%0dx>v3dm0s,html_attribute,0
<d3V/+/oNMOUSEOVeR%09=%09confirm()%0dx>v3dm0s,html_text,1
<d3V/+/oNMOUSEOVeR%09=%09confirm()%0dx>v3dm0s,script_block,0
<d3V/+/oNMOUSEOVeR%09=%09confirm()%0dx>v3dm0s,comment,0
<d3V/+/oNMOUSEOVeR%09=%09confirm()%0dx>v3dm0s,url_href,0
<d3V/+/oNMOUSEOVeR%09=%09confirm()%0dx>v3dm0s,url_navigation,0
<htMl/+/onMOUSeOvEr%0d=%0d(prompt)``%0dx//,html_tag,0
<htMl/+/onMOUSeOvEr%0d=%0d(prompt)``%0dx//,html_attribute,0
<htMl/+/onMOUSeOvEr%0d=%0d(prompt)``%0dx//,html_text,0
<htMl/+/onMOUSeOvEr%0d=%0d(prompt)``%0dx//,script_block,0
<htMl/+/onMOUSeOvEr%0d=%0d(prompt)``%0dx//,comment,0
<htMl/+/onMOUSeOvEr%0d=%0d(prompt)``%0dx//,url_href,0
<htMl/+/onMOUSeOvEr%0d=%0d(prompt)``%0dx//,url_navigation,0
<HTMl/+/onpoiNTerenTer%0d=%0d(prompt)``>,html_tag,0
<HTMl/+/onpoiNTerenTer%0d=%0d(prompt)``>,html_attribute,0
<HTMl/+/onpoiNTerenTer%0d=%0d(prompt)``>,html_text,0
<HTMl/+/onpoiNTerenTer%0d=%0d(prompt)``>,script_block,0
<HTMl/+/onpoiNTerenTer%0d=%0d(prompt)``>,comment,0
<HTMl/+/onpoiNTerenTer%0d=%0d(prompt)``>,url_href,0
<HTMl/+/onpoiNTerenTer%0d=%0d(prompt)``>,url_navigation,0
<a%0aonMouSEoVER%0d=%0dconfirm()%0dx>v3dm0s,html_tag,1
<a%0aonMouSEoVER%0d=%0dconfirm()%0dx>v3dm0s,html_attribute,0
<a%0aonMouSEoVER%0d=%0dconfirm()%0dx>v3dm0s,html_text,1
<a%0aonMouSEoVER%0d=%0dconfirm()%0dx>v3dm0s,script_block,0
<a%0aonMouSEoVER%0d=%0dconfirm()%0dx>v3dm0s,comment,0
<a%0aonMouSEoVER%0d=%0dconfirm()%0dx>v3dm0s,url_href,0
<a%0aonMouSEoVER%0d=%0dconfirm()%0dx>v3dm0s,url_navigation,0
<A/+/OnpointerenTeR%0a=%0a(confirm)()>v3dm0s,html_tag,1
<A/+/OnpointerenTeR%0a=%0a(confirm)()>v3dm0s,html_attribute,0
<A/+/OnpointerenTeR%0a=%0a(confirm)()>v3dm0s,html_text,1
<A/+/OnpointerenTeR%0a=%0a(confirm)()>v3dm0s,script_block,0
<A/+/OnpointerenTeR%0a=%0a(confirm)()>v3dm0s,comment,0
<A/+/OnpointerenTeR%0a=%0a(confirm)()>v3dm0s,url_href,0
<A/+/OnpointerenTeR%0a=%0a(confirm)()>v3dm0s,url_navigation,0
<A%0aONpoiNTereNter+=+confirm()>v3dm0s,html_tag,0
<A%0aONpoiNTereNter+=+confirm()>v3dm0s,html_attribute,0
<A%0aONpoiNTereNter+=+confirm()>v3dm0s,html_text,0
<A%0aONpoiNTereNter+=+confirm()>v3dm0s,script_block,0
<A%0aONpoiNTereNter+=+confirm()>v3dm0s,comment,0
<A%0aONpoiNTereNter+=+confirm()>v3dm0s,url_href,0
<A%0aONpoiNTereNter+=+confirm()>v3dm0s,url_navigation,0
<D3v%09onmoUseOVER%0d=%0d(confirm)()>v3dm0s,html_tag,1
<D3v%09onmoUseOVER%0d=%0d(confirm)()>v3dm0s,html_attribute,0
<D3v%09onmoUseOVER%0d=%0d(confirm)()>v3dm0s,html_text,1
<D3v%09onmoUseOVER%0d=%0d(confirm)()>v3dm0s,script_block,0
<D3v%09onmoUseOVER%0d=%0d(confirm)()>v3dm0s,comment,0
<D3v%09onmoUseOVER%0d=%0d(confirm)()>v3dm0s,url_href,0
<D3v%09onmoUseOVER%0d=%0d(confirm)()>v3dm0s,url_navigation,0
<DEtAILs/+/ONPoiNTerENTER+=+confirm()>,html_tag,0
<DEtAILs/+/ONPoiNTerENTER+=+confirm()>,html_attribute,0
<DEtAILs/+/ONPoiNTerENTER+=+confirm()>,html_text,0
<DEtAILs/+/ONPoiNTerENTER+=+confirm()>,script_block,0
<DEtAILs/+/ONPoiNTerENTER+=+confirm()>,comment,0
<DEtAILs/+/ONPoiNTerENTER+=+confirm()>,url_href,0
<DEtAILs/+/ONPoiNTerENTER+=+confirm()>,url_navigation,0
<A%0aOnpOINtErENTER+=+(prompt)``%0dx>v3dm0s,html_tag,0
<A%0aOnpOINtErENTER+=+(prompt)``%0dx>v3dm0s,html_attribute,0
<A%0aOnpOINtErENTER+=+(prompt)``%0dx>v3dm0s,html_text,0
<A%0aOnpOINtErENTER+=+(prompt)``%0dx>v3dm0s,script_block,0
<A%0aOnpOINtErENTER+=+(prompt)``%0dx>v3dm0s,comment,0
<A%0aOnpOINtErENTER+=+(prompt)``%0dx>v3dm0s,url_href,0
<A%0aOnpOINtErENTER+=+(prompt)``%0dx>v3dm0s,url_navigation,0
"<A%0aOnmOUseOVEr%09=%09a=prompt,a()>v3dm0s",html_tag,1
"<A%0aOnmOUseOVEr%09=%09a=prompt,a()>v3dm0s",html_attribute,0
"<A%0aOnmOUseOVEr%09=%09a=prompt,a()>v3dm0s",html_text,1
"<A%0aOnmOUseOVEr%09=%09a=prompt,a()>v3dm0s",script_block,0
"<A%0aOnmOUseOVEr%09=%09a=prompt,a()>v3dm0s",comment,0
"<A%0aOnmOUseOVEr%09=%09a=prompt,a()>v3dm0s",url_href,0
"<A%0aOnmOUseOVEr%09=%09a=prompt,a()>v3dm0s",url_navigation,0
<HtML/+/oNpOIntErenteR%0a=%0a(confirm)()//,html_tag,0
<HtML/+/oNpOIntErenteR%0a=%0a(confirm)()//,html_attribute,0
<HtML/+/oNpOIntErenteR%0a=%0a(confirm)()//,html_text,0
<HtML/+/oNpOIntErenteR%0a=%0a(confirm)()//,script_block,0
<HtML/+/oNpOIntErenteR%0a=%0a(confirm)()//,comment,0
<HtML/+/oNpOIntErenteR%0a=%0a(confirm)()//,url_href,0
<HtML/+/oNpOIntErenteR%0a=%0a(confirm)()//,url_navigation,0
<hTmL%0aONPOIntERenter%09=%09confirm()//,html_tag,0
<hTmL%0aONPOIntERenter%09=%09confirm()//,html_attribute,0
<hTmL%0aONPOIntERenter%09=%09confirm()//,html_text,0
<hTmL%0aONPOIntERenter%09=%09confirm()//,script_block,0
<hTmL%0aONPOIntERenter%09=%09confirm()//,comment,0
<hTmL%0aONPOIntERenter%09=%09confirm()//,url_href,0
<hTmL%0aONPOIntERenter%09=%09confirm()//,url_navigation,0
<a%09OnMoUSEoVeR%09=%09(confirm)()%0dx>v3dm0s,html_tag,1
<a%09OnMoUSEoVeR%09=%09(confirm)()%0dx>v3dm0s,html_attribute,0
<a%09OnMoUSEoVeR%09=%09(confirm)()%0dx>v3dm0s,html_text,1
<a%09OnMoUSEoVeR%09=%09(confirm)()%0dx>v3dm0s,script_block,0
<a%09OnMoUSEoVeR%09=%09(confirm)()%0dx>v3dm0s,comment,0
<a%09OnMoUSEoVeR%09=%09(confirm)()%0dx>v3dm0s,url_href,0
<a%09OnMoUSEoVeR%09=%09(confirm)()%0dx>v3dm0s,url_navigation,0
<A/+/oNMouseOVEr%0d=%0dconfirm()>v3dm0s,html_tag,1
<A/+/oNMouseOVEr%0d=%0dconfirm()>v3dm0s,html_attribute,0
<A/+/oNMouseOVEr%0d=%0dconfirm()>v3dm0s,html_text,1
<A/+/oNMouseOVEr%0d=%0dconfirm()>v3dm0s,script_block,0
<A/+/oNMouseOVEr%0d=%0dconfirm()>v3dm0s,comment,0
<A/+/oNMouseOVEr%0d=%0dconfirm()>v3dm0s,url_href,0
<A/+/oNMouseOVEr%0d=%0dconfirm()>v3dm0s,url_navigation,0
<d3v%0aoNPOiNteRENTeR%09=%09(prompt)``>v3dm0s,html_tag,1
<d3v%0aoNPOiNteRENTeR%09=%09(prompt)``>v3dm0s,html_attribute,0
<d3v%0aoNPOiNteRENTeR%09=%09(prompt)``>v3dm0s,html_text,1
<d3v%0aoNPOiNteRENTeR%09=%09(prompt)``>v3dm0s,script_block,0
<d3v%0aoNPOiNteRENTeR%09=%09(prompt)``>v3dm0s,comment,0
<d3v%0aoNPOiNteRENTeR%09=%09(prompt)``>v3dm0s,url_href,0
<d3v%0aoNPOiNteRENTeR%09=%09(prompt)``>v3dm0s,url_navigation,0
<hTML/+/OnpoiNTERENter%0d=%0d[8].find(confirm)>,html_tag,0
<hTML/+/OnpoiNTERENter%0d=%0d[8].find(confirm)>,html_attribute,0
<hTML/+/OnpoiNTERENter%0d=%0d[8].find(confirm)>,html_text,0
<hTML/+/OnpoiNTERENter%0d=%0d[8].find(confirm)>,script_block,0
<hTML/+/OnpoiNTERENter%0d=%0d[8].find(confirm)>,comment,0
<hTML/+/OnpoiNTERENter%0d=%0d[8].find(confirm)>,url_href,0
<hTML/+/OnpoiNTERENter%0d=%0d[8].find(confirm)>,url_navigation,0
<a%0dOnmOuseOver+=+[8].find(confirm)%0dx>v3dm0s,html_tag,0
<a%0dOnmOuseOver+=+[8].find(confirm)%0dx>v3dm0s,html_attribute,0
<a%0dOnmOuseOver+=+[8].find(confirm)%0dx>v3dm0s,html_text,0
<a%0dOnmOuseOver+=+[8].find(confirm)%0dx>v3dm0s,script_block,0
<a%0dOnmOuseOver+=+[8].find(confirm)%0dx>v3dm0s,comment,0
<a%0dOnmOuseOver+=+[8].find(confirm)%0dx>v3dm0s,url_href,0
<a%0dOnmOuseOver+=+[8].find(confirm)%0dx>v3dm0s,url_navigation,0
<A%0dONMOUSEOVeR%0d=%0dconfirm()%0dx>v3dm0s,html_tag,1
<A%0dONMOUSEOVeR%0d=%0dconfirm()%0dx>v3dm0s,html_attribute,0
<A%0dONMOUSEOVeR%0d=%0dconfirm()%0dx>v3dm0s,html_text,1
<A%0dONMOUSEOVeR%0d=%0dconfirm()%0dx>v3dm0s,script_block,0
<A%0dONMOUSEOVeR%0d=%0dconfirm()%0dx>v3dm0s,comment,0
<A%0dONMOUSEOVeR%0d=%0dconfirm()%0dx>v3dm0s,url_href,0
<A%0dONMOUSEOVeR%0d=%0dconfirm()%0dx>v3dm0s,url_navigation,0
"<Html%0aoNMOuSEovEr%0d=%0da=prompt,a()%0dx//",html_tag,0
"<Html%0aoNMOuSEovEr%0d=%0da=prompt,a()%0dx//",html_attribute,0
"<Html%0aoNMOuSEovEr%0d=%0da=prompt,a()%0dx//",html_text,0
"<Html%0aoNMOuSEovEr%0d=%0da=prompt,a()%0dx//",script_block,0
"<Html%0aoNMOuSEovEr%0d=%0da=prompt,a()%0dx//",comment,0
"<Html%0aoNMOuSEovEr%0d=%0da=prompt,a()%0dx//",url_href,0
"<Html%0aoNMOuSEovEr%0d=%0da=prompt,a()%0dx//",url_navigation,0
<HTML/+/OnMOuseOvEr+=+(confirm)()%0dx>,html_tag,0
<HTML/+/OnMOuseOvEr+=+(confirm)()%0dx>,html_attribute,0
<HTML/+/OnMOuseOvEr+=+(confirm)()%0dx>,html_text,0
<HTML/+/OnMOuseOvEr+=+(confirm)()%0dx>,script_block,0
<HTML/+/OnMOuseOvEr+=+(confirm)()%0dx>,comment,0
<HTML/+/OnMOuseOvEr+=+(confirm)()%0dx>,url_href,0
<HTML/+/OnMOuseOvEr+=+(confirm)()%0dx>,url_navigation,0
<htML/+/OnMOuseovEr%0a=%0a[8].find(confirm)//,html_tag,0
<htML/+/OnMOuseovEr%0a=%0a[8].find(confirm)//,html_attribute,0
<htML/+/OnMOuseovEr%0a=%0a[8].find(confirm)//,html_text,0
<htML/+/OnMOuseovEr%0a=%0a[8].find(confirm)//,script_block,0
<htML/+/OnMOuseovEr%0a=%0a[8].find(confirm)//,comment,0
<htML/+/OnMOuseovEr%0a=%0a[8].find(confirm)//,url_href,0
<htML/+/OnMOuseovEr%0a=%0a[8].find(confirm)//,url_navigation,0
<a%09OnMouseOveR%09=%09[8].find(confirm)>v3dm0s,html_tag,1
<a%09OnMouseOveR%09=%09[8].find(confirm)>v3dm0s,html_attribute,0
<a%09OnMouseOveR%09=%09[8].find(confirm)>v3dm0s,html_text,1
<a%09OnMouseOveR%09=%09[8].find(confirm)>v3dm0s,script_block,0
<a%09OnMouseOveR%09=%09[8].find(confirm)>v3dm0s,comment,0
<a%09OnMouseOveR%09=%09[8].find(confirm)>v3dm0s,url_href,0
<a%09OnMouseOveR%09=%09[8].find(confirm)>v3dm0s,url_navigation,0
<D3V%09OnPOiNtEReNTER%0d=%0d(prompt)``>v3dm0s,html_tag,1
<D3V%09OnPOiNtEReNTER%0d=%0d(prompt)``>v3dm0s,html_attribute,0
<D3V%09OnPOiNtEReNTER%0d=%0d(prompt)``>v3dm0s,html_text,1
<D3V%09OnPOiNtEReNTER%0d=%0d(prompt)``>v3dm0s,script_block,0
<D3V%09OnPOiNtEReNTER%0d=%0d(prompt)``>v3dm0s,comment,0
<D3V%09OnPOiNtEReNTER%0d=%0d(prompt)``>v3dm0s,url_href,0
<D3V%09OnPOiNtEReNTER%0d=%0d(prompt)``>v3dm0s,url_navigation,0
<D3v%09oNPoINTeRENTEr%0d=%0d(confirm)()>v3dm0s,html_tag,1
<D3v%09oNPoINTeRENTEr%0d=%0d(confirm)()>v3dm0s,html_attribute,0
<D3v%09oNPoINTeRENTEr%0d=%0d(confirm)()>v3dm0s,html_text,1
<D3v%09oNPoINTeRENTEr%0d=%0d(confirm)()>v3dm0s,script_block,0
<D3v%09oNPoINTeRENTEr%0d=%0d(confirm)()>v3dm0s,comment,0
<D3v%09oNPoINTeRENTEr%0d=%0d(confirm)()>v3dm0s,url_href,0
<D3v%09oNPoINTeRENTEr%0d=%0d(confirm)()>v3dm0s,url_navigation,0
<A%0dOnMoUsEoVEr%0d=%0d[8].find(confirm)>v3dm0s,html_tag,1
<A%0dOnMoUsEoVEr%0d=%0d[8].find(confirm)>v3dm0s,html_attribute,0
<A%0dOnMoUsEoVEr%0d=%0d[8].find(confirm)>v3dm0s,html_text,1
<A%0dOnMoUsEoVEr%0d=%0d[8].find(confirm)>v3dm0s,script_block,0
<A%0dOnMoUsEoVEr%0d=%0d[8].find(confirm)>v3dm0s,comment,0
<A%0dOnMoUsEoVEr%0d=%0d[8].find(confirm)>v3dm0s,url_href,0
<A%0dOnMoUsEoVEr%0d=%0d[8].find(confirm)>v3dm0s,url_navigation,0
"<DeTails%0aOntOggLE%0d=%0da=prompt,a()%0dx>",html_tag,0
"<DeTails%0aOntOggLE%0d=%0da=prompt,a()%0dx>",html_attribute,0
"<DeTails%0aOntOggLE%0d=%0da=prompt,a()%0dx>",html_text,0
"<DeTails%0aOntOggLE%0d=%0da=prompt,a()%0dx>",script_block,0
"<DeTails%0aOntOggLE%0d=%0da=prompt,a()%0dx>",comment,0
"<DeTails%0aOntOggLE%0d=%0da=prompt,a()%0dx>",url_href,0
"<DeTails%0aOntOggLE%0d=%0da=prompt,a()%0dx>",url_navigation,0
<D3V%0aonmoUsEOver+=+[8].find(confirm)%0dx>v3dm0s,html_tag,0
<D3V%0aonmoUsEOver+=+[8].find(confirm)%0dx>v3dm0s,html_attribute,0
<D3V%0aonmoUsEOver+=+[8].find(confirm)%0dx>v3dm0s,html_text,0
<D3V%0aonmoUsEOver+=+[8].find(confirm)%0dx>v3dm0s,script_block,0
<D3V%0aonmoUsEOver+=+[8].find(confirm)%0dx>v3dm0s,comment,0
<D3V%0aonmoUsEOver+=+[8].find(confirm)%0dx>v3dm0s,url_href,0
<D3V%0aonmoUsEOver+=+[8].find(confirm)%0dx>v3dm0s,url_navigation,0
<d3V/+/onpOiNTeRENTer%0a=%0aconfirm()%0dx>v3dm0s,html_tag,1
<d3V/+/onpOiNTeRENTer%0a=%0aconfirm()%0dx>v3dm0s,html_attribute,0
<d3V/+/onpOiNTeRENTer%0a=%0aconfirm()%0dx>v3dm0s,html_text,1
<d3V/+/onpOiNTeRENTer%0a=%0aconfirm()%0dx>v3dm0s,script_block,0
<d3V/+/onpOiNTeRENTer%0a=%0aconfirm()%0dx>v3dm0s,comment,0
<d3V/+/onpOiNTeRENTer%0a=%0aconfirm()%0dx>v3dm0s,url_href,0
<d3V/+/onpOiNTeRENTer%0a=%0aconfirm()%0dx>v3dm0s,url_navigation,0
"<htMl%0doNmouseOVER%09=%09a=prompt,a()%0dx>",html_tag,0
"<htMl%0doNmouseOVER%09=%09a=prompt,a()%0dx>",html_attribute,0
"<htMl%0doNmouseOVER%09=%09a=prompt,a()%0dx>",html_text,0
"<htMl%0doNmouseOVER%09=%09a=prompt,a()%0dx>",script_block,0
"<htMl%0doNmouseOVER%09=%09a=prompt,a()%0dx>",comment,0
"<htMl%0doNmouseOVER%09=%09a=prompt,a()%0dx>",url_href,0
"<htMl%0doNmouseOVER%09=%09a=prompt,a()%0dx>",url_navigation,0
<html%0dOnmouSeOVeR%09=%09confirm()>,html_tag,0
<html%0dOnmouSeOVeR%09=%09confirm()>,html_attribute,0
<html%0dOnmouSeOVeR%09=%09confirm()>,html_text,0
<html%0dOnmouSeOVeR%09=%09confirm()>,script_block,0
<html%0dOnmouSeOVeR%09=%09confirm()>,comment,0
<html%0dOnmouSeOVeR%09=%09confirm()>,url_href,0
<html%0dOnmouSeOVeR%09=%09confirm()>,url_navigation,0
<DeTailS%0aonpOinTERENTeR%0a=%0aconfirm()>,html_tag,0
<DeTailS%0aonpOinTERENTeR%0a=%0aconfirm()>,html_attribute,0
<DeTailS%0aonpOinTERENTeR%0a=%0aconfirm()>,html_text,0
<DeTailS%0aonpOinTERENTeR%0a=%0aconfirm()>,script_block,0
<DeTailS%0aonpOinTERENTeR%0a=%0aconfirm()>,comment,0
<DeTailS%0aonpOinTERENTeR%0a=%0aconfirm()>,url_href,0
<DeTailS%0aonpOinTERENTeR%0a=%0aconfirm()>,url_navigation,0
<detAIls/+/onPoInteRenTeR%0a=%0a(confirm)()>,html_tag,0
<detAIls/+/onPoInteRenTeR%0a=%0a(confirm)()>,html_attribute,0
<detAIls/+/onPoInteRenTeR%0a=%0a(confirm)()>,html_text,0
<detAIls/+/onPoInteRenTeR%0a=%0a(confirm)()>,script_block,0
<detAIls/+/onPoInteRenTeR%0a=%0a(confirm)()>,comment,0
<detAIls/+/onPoInteRenTeR%0a=%0a(confirm)()>,url_href,0
<detAIls/+/onPoInteRenTeR%0a=%0a(confirm)()>,url_navigation,0
<Html%09OnmOUSEOVeR%09=%09(prompt)``%0dx>,html_tag,0
<Html%09OnmOUSEOVeR%09=%09(prompt)``%0dx>,html_attribute,0
<Html%09OnmOUSEOVeR%09=%09(prompt)``%0dx>,html_text,0
<Html%09OnmOUSEOVeR%09=%09(prompt)``%0dx>,script_block,0
<Html%09OnmOUSEOVeR%09=%09(prompt)``%0dx>,comment,0
<Html%09OnmOUSEOVeR%09=%09(prompt)``%0dx>,url_href,0
<Html%09OnmOUSEOVeR%09=%09(prompt)``%0dx>,url_navigation,0
<HTMl/+/ONmoUSeOVER%09=%09confirm()%0dx//,html_tag,0
<HTMl/+/ONmoUSeOVER%09=%09confirm()%0dx//,html_attribute,0
<HTMl/+/ONmoUSeOVER%09=%09confirm()%0dx//,html_text,0
<HTMl/+/ONmoUSeOVER%09=%09confirm()%0dx//,script_block,0
<HTMl/+/ONmoUSeOVER%09=%09confirm()%0dx//,comment,0
<HTMl/+/ONmoUSeOVER%09=%09confirm()%0dx//,url_href,0
<HTMl/+/ONmoUSeOVER%09=%09confirm()%0dx//,url_navigation,0
<D3v%0aONmOusEover+=+(confirm)()>v3dm0s,html_tag,0
<D3v%0aONmOusEover+=+(confirm)()>v3dm0s,html_attribute,0
<D3v%0aONmOusEover+=+(confirm)()>v3dm0s,html_text,0
<D3v%0aONmOusEover+=+(confirm)()>v3dm0s,script_block,0
<D3v%0aONmOusEover+=+(confirm)()>v3dm0s,comment,0
<D3v%0aONmOusEover+=+(confirm)()>v3dm0s,url_href,0
<D3v%0aONmOusEover+=+(confirm)()>v3dm0s,url_navigation,0
"<d3V%0doNmousEOVEr%0a=%0aa=prompt,a()%0dx>v3dm0s",html_tag,1
"<d3V%0doNmousEOVEr%0a=%0aa=prompt,a()%0dx>v3dm0s",html_attribute,0
"<d3V%0doNmousEOVEr%0a=%0aa=prompt,a()%0dx>v3dm0s",html_text,1
"<d3V%0doNmousEOVEr%0a=%0aa=prompt,a()%0dx>v3dm0s",script_block,0
"<d3V%0doNmousEOVEr%0a=%0aa=prompt,a()%0dx>v3dm0s",comment,0
"<d3V%0doNmousEOVEr%0a=%0aa=prompt,a()%0dx>v3dm0s",url_href,0
"<d3V%0doNmousEOVEr%0a=%0aa=prompt,a()%0dx>v3dm0s",url_navigation,0
<html%0dONMOUSEOver%0d=%0d[8].find(confirm)%0dx>,html_tag,0
<html%0dONMOUSEOver%0d=%0d[8].find(confirm)%0dx>,html_attribute,0
<html%0dONMOUSEOver%0d=%0d[8].find(confirm)%0dx>,html_text,0
<html%0dONMOUSEOver%0d=%0d[8].find(confirm)%0dx>,script_block,0
<html%0dONMOUSEOver%0d=%0d[8].find(confirm)%0dx>,comment,0
<html%0dONMOUSEOver%0d=%0d[8].find(confirm)%0dx>,url_href,0
<html%0dONMOUSEOver%0d=%0d[8].find(confirm)%0dx>,url_navigation,0
"<A%0aONPOintereNtEr%0a=%0aa=prompt,a()>v3dm0s",html_tag,1
"<A%0aONPOintereNtEr%0a=%0aa=prompt,a()>v3dm0s",html_attribute,0
"<A%0aONPOintereNtEr%0a=%0aa=prompt,a()>v3dm0s",html_text,1
"<A%0aONPOintereNtEr%0a=%0aa=prompt,a()>v3dm0s",script_block,0
"<A%0aONPOintereNtEr%0a=%0aa=prompt,a()>v3dm0s",comment,0
"<A%0aONPOintereNtEr%0a=%0aa=prompt,a()>v3dm0s",url_href,0
"<A%0aONPOintereNtEr%0a=%0aa=prompt,a()>v3dm0s",url_navigation,0
<A%0aoNMoUSEOvEr%09=%09(prompt)``%0dx>v3dm0s,html_tag,1
<A%0aoNMoUSEOvEr%09=%09(prompt)``%0dx>v3dm0s,html_attribute,0
<A%0aoNMoUSEOvEr%09=%09(prompt)``%0dx>v3dm0s,html_text,1
<A%0aoNMoUSEOvEr%09=%09(prompt)``%0dx>v3dm0s,script_block,0
<A%0aoNMoUSEOvEr%09=%09(prompt)``%0dx>v3dm0s,comment,0
<A%0aoNMoUSEOvEr%09=%09(prompt)``%0dx>v3dm0s,url_href,0
<A%0aoNMoUSEOvEr%09=%09(prompt)``%0dx>v3dm0s,url_navigation,0
<DetaILs%0aoNPoINteREnTeR%0a=%0a[8].find(confirm)//,html_tag,0
<DetaILs%0aoNPoINteREnTeR%0a=%0a[8].find(confirm)//,html_attribute,0
<DetaILs%0aoNPoINteREnTeR%0a=%0a[8].find(confirm)//,html_text,0
<DetaILs%0aoNPoINteREnTeR%0a=%0a[8].find(confirm)//,script_block,0
<DetaILs%0aoNPoINteREnTeR%0a=%0a[8].find(confirm)//,comment,0
<DetaILs%0aoNPoINteREnTeR%0a=%0a[8].find(confirm)//,url_href,0
<DetaILs%0aoNPoINteREnTeR%0a=%0a[8].find(confirm)//,url_navigation,0
<a%0aoNPointeRenTeR%09=%09(confirm)()%0dx>v3dm0s,html_tag,1
<a%0aoNPointeRenTeR%09=%09(confirm)()%0dx>v3dm0s,html_attribute,0
<a%0aoNPointeRenTeR%09=%09(confirm)()%0dx>v3dm0s,html_text,1
<a%0aoNPointeRenTeR%09=%09(confirm)()%0dx>v3dm0s,script_block,0
<a%0aoNPointeRenTeR%09=%09(confirm)()%0dx>v3dm0s,comment,0
<a%0aoNPointeRenTeR%09=%09(confirm)()%0dx>v3dm0s,url_href,0
<a%0aoNPointeRenTeR%09=%09(confirm)()%0dx>v3dm0s,url_navigation,0
"<detaILS%0aonTOGGle%09=%09a=prompt,a()//",html_tag,0
"<detaILS%0aonTOGGle%09=%09a=prompt,a()//",html_attribute,0
"<detaILS%0aonTOGGle%09=%09a=prompt,a()//",html_text,0
"<detaILS%0aonTOGGle%09=%09a=prompt,a()//",script_block,0
"<detaILS%0aonTOGGle%09=%09a=prompt,a()//",comment,0
"<detaILS%0aonTOGGle%09=%09a=prompt,a()//",url_href,0
"<detaILS%0aonTOGGle%09=%09a=prompt,a()//",url_navigation,0
<d3v/+/OnMouSEOVeR%0a=%0a(prompt)``>v3dm0s,html_tag,1
<d3v/+/OnMouSEOVeR%0a=%0a(prompt)``>v3dm0s,html_attribute,0
<d3v/+/OnMouSEOVeR%0a=%0a(prompt)``>v3dm0s,html_text,1
<d3v/+/OnMouSEOVeR%0a=%0a(prompt)``>v3dm0s,script_block,0
<d3v/+/OnMouSEOVeR%0a=%0a(prompt)``>v3dm0s,comment,0
<d3v/+/OnMouSEOVeR%0a=%0a(prompt)``>v3dm0s,url_href,0
<d3v/+/OnMouSEOVeR%0a=%0a(prompt)``>v3dm0s,url_navigation,0
<dETaIls%0dONpOInTereNter%0a=%0a(confirm)()%0dx//,html_tag,0
<dETaIls%0dONpOInTereNter%0a=%0a(confirm)()%0dx//,html_attribute,0
<dETaIls%0dONpOInTereNter%0a=%0a(confirm)()%0dx//,html_text,0
<dETaIls%0dONpOInTereNter%0a=%0a(confirm)()%0dx//,script_block,0
<dETaIls%0dONpOInTereNter%0a=%0a(confirm)()%0dx//,comment,0
<dETaIls%0dONpOInTereNter%0a=%0a(confirm)()%0dx//,url_href,0
<dETaIls%0dONpOInTereNter%0a=%0a(confirm)()%0dx//,url_navigation,0
"<D3V%0doNMoUSEOveR+=+a=prompt,a()>v3dm0s",html_tag,0
"<D3V%0doNMoUSEOveR+=+a=prompt,a()>v3dm0s",html_attribute,0
"<D3V%0doNMoUSEOveR+=+a=prompt,a()>v3dm0s",html_text,0
"<D3V%0doNMoUSEOveR+=+a=prompt,a()>v3dm0s",script_block,0
"<D3V%0doNMoUSEOveR+=+a=prompt,a()>v3dm0s",comment,0
"<D3V%0doNMoUSEOveR+=+a=prompt,a()>v3dm0s",url_href,0
"<D3V%0doNMoUSEOveR+=+a=prompt,a()>v3dm0s",url_navigation,0
<a/+/ONMoUseoVER%0a=%0a(confirm)()%0dx>v3dm0s,html_tag,1
<a/+/ONMoUseoVER%0a=%0a(confirm)()%0dx>v3dm0s,html_attribute,0
<a/+/ONMoUseoVER%0a=%0a(confirm)()%0dx>v3dm0s,html_text,1
<a/+/ONMoUseoVER%0a=%0a(confirm)()%0dx>v3dm0s,script_block,0
<a/+/ONMoUseoVER%0a=%0a(confirm)()%0dx>v3dm0s,comment,0
<a/+/ONMoUseoVER%0a=%0a(confirm)()%0dx>v3dm0s,url_href,0
<a/+/ONMoUseoVER%0a=%0a(confirm)()%0dx>v3dm0s,url_navigation,0
<html%0aOnmOUSeoveR%0d=%0d(prompt)``%0dx//,html_tag,0
<html%0aOnmOUSeoveR%0d=%0d(prompt)``%0dx//,html_attribute,0
<html%0aOnmOUSeoveR%0d=%0d(prompt)``%0dx//,html_text,0
<html%0aOnmOUSeoveR%0d=%0d(prompt)``%0dx//,script_block,0
<html%0aOnmOUSeoveR%0d=%0d(prompt)``%0dx//,comment,0
<html%0aOnmOUSeoveR%0d=%0d(prompt)``%0dx//,url_href,0
<html%0aOnmOUSeoveR%0d=%0d(prompt)``%0dx//,url_navigation,0
<D3v/+/ONpoInteRenteR+=+confirm()>v3dm0s,html_tag,0
<D3v/+/ONpoInteRenteR+=+confirm()>v3dm0s,html_attribute,0
<D3v/+/ONpoInteRenteR+=+confirm()>v3dm0s,html_text,0
<D3v/+/ONpoInteRenteR+=+confirm()>v3dm0s,script_block,0
<D3v/+/ONpoInteRenteR+=+confirm()>v3dm0s,comment,0
<D3v/+/ONpoInteRenteR+=+confirm()>v3dm0s,url_href,0
<D3v/+/ONpoInteRenteR+=+confirm()>v3dm0s,url_navigation,0
<HTml%09OnPointERENTeR%09=%09confirm()%0dx//,html_tag,0
<HTml%09OnPointERENTeR%09=%09confirm()%0dx//,html_attribute,0
<HTml%09OnPointERENTeR%09=%09confirm()%0dx//,html_text,0
<HTml%09OnPointERENTeR%09=%09confirm()%0dx//,script_block,0
<HTml%09OnPointERENTeR%09=%09confirm()%0dx//,comment,0
<HTml%09OnPointERENTeR%09=%09confirm()%0dx//,url_href,0
<HTml%09OnPointERENTeR%09=%09confirm()%0dx//,url_navigation,0
<d3v%09ONMoUseover%0d=%0d[8].find(confirm)>v3dm0s,html_tag,1
<d3v%09ONMoUseover%0d=%0d[8].find(confirm)>v3dm0s,html_attribute,0
<d3v%09ONMoUseover%0d=%0d[8].find(confirm)>v3dm0s,html_text,1
<d3v%09ONMoUseover%0d=%0d[8].find(confirm)>v3dm0s,script_block,0
<d3v%09ONMoUseover%0d=%0d[8].find(confirm)>v3dm0s,comment,0
<d3v%09ONMoUseover%0d=%0d[8].find(confirm)>v3dm0s,url_href,0
<d3v%09ONMoUseover%0d=%0d[8].find(confirm)>v3dm0s,url_navigation,0
<d3v/+/ONPoiNTerenTer%09=%09(prompt)``>v3dm0s,html_tag,1
<d3v/+/ONPoiNTerenTer%09=%09(prompt)``>v3dm0s,html_attribute,0
<d3v/+/ONPoiNTerenTer%09=%09(prompt)``>v3dm0s,html_text,1
<d3v/+/ONPoiNTerenTer%09=%09(prompt)``>v3dm0s,script_block,0
<d3v/+/ONPoiNTerenTer%09=%09(prompt)``>v3dm0s,comment,0
<d3v/+/ONPoiNTerenTer%09=%09(prompt)``>v3dm0s,url_href,0
<d3v/+/ONPoiNTerenTer%09=%09(prompt)``>v3dm0s,url_navigation,0
<d3V/+/onMOUSeoVEr%0a=%0a[8].find(confirm)>v3dm0s,html_tag,1
<d3V/+/onMOUSeoVEr%0a=%0a[8].find(confirm)>v3dm0s,html_attribute,0
<d3V/+/onMOUSeoVEr%0a=%0a[8].find(confirm)>v3dm0s,html_text,1
<d3V/+/onMOUSeoVEr%0a=%0a[8].find(confirm)>v3dm0s,script_block,0
<d3V/+/onMOUSeoVEr%0a=%0a[8].find(confirm)>v3dm0s,comment,0
<d3V/+/onMOUSeoVEr%0a=%0a[8].find(confirm)>v3dm0s,url_href,0
<d3V/+/onMOUSeoVEr%0a=%0a[8].find(confirm)>v3dm0s,url_navigation,0
<a/+/ONpOINteReNtER%0a=%0aconfirm()%0dx>v3dm0s,html_tag,1
<a/+/ONpOINteReNtER%0a=%0aconfirm()%0dx>v3dm0s,html_attribute,0
<a/+/ONpOINteReNtER%0a=%0aconfirm()%0dx>v3dm0s,html_text,1
<a/+/ONpOINteReNtER%0a=%0aconfirm()%0dx>v3dm0s,script_block,0
<a/+/ONpOINteReNtER%0a=%0aconfirm()%0dx>v3dm0s,comment,0
<a/+/ONpOINteReNtER%0a=%0aconfirm()%0dx>v3dm0s,url_href,0
<a/+/ONpOINteReNtER%0a=%0aconfirm()%0dx>v3dm0s,url_navigation,0
<A/+/onPoIntEREnTeR%0a=%0aconfirm()>v3dm0s,html_tag,1
<A/+/onPoIntEREnTeR%0a=%0aconfirm()>v3dm0s,html_attribute,0
<A/+/onPoIntEREnTeR%0a=%0aconfirm()>v3dm0s,html_text,1
<A/+/onPoIntEREnTeR%0a=%0aconfirm()>v3dm0s,script_block,0
<A/+/onPoIntEREnTeR%0a=%0aconfirm()>v3dm0s,comment,0
<A/+/onPoIntEREnTeR%0a=%0aconfirm()>v3dm0s,url_href,0
<A/+/onPoIntEREnTeR%0a=%0aconfirm()>v3dm0s,url_navigation,0
"<DetAILs/+/onTogGlE%0d=%0da=prompt,a()>",html_tag,0
"<DetAILs/+/onTogGlE%0d=%0da=prompt,a()>",html_attribute,0
"<DetAILs/+/onTogGlE%0d=%0da=prompt,a()>",html_text,0
"<DetAILs/+/onTogGlE%0d=%0da=prompt,a()>",script_block,0
"<DetAILs/+/onTogGlE%0d=%0da=prompt,a()>",comment,0
"<DetAILs/+/onTogGlE%0d=%0da=prompt,a()>",url_href,0
"<DetAILs/+/onTogGlE%0d=%0da=prompt,a()>",url_navigation,0
<DeTaiLS%0dontogGle%09=%09(prompt)``%0dx>,html_tag,0
<DeTaiLS%0dontogGle%09=%09(prompt)``%0dx>,html_attribute,0
<DeTaiLS%0dontogGle%09=%09(prompt)``%0dx>,html_text,0
<DeTaiLS%0dontogGle%09=%09(prompt)``%0dx>,script_block,0
<DeTaiLS%0dontogGle%09=%09(prompt)``%0dx>,comment,0
<DeTaiLS%0dontogGle%09=%09(prompt)``%0dx>,url_href,0
<DeTaiLS%0dontogGle%09=%09(prompt)``%0dx>,url_navigation,0
<a%0donpOIntERenTEr+=+(prompt)``%0dx>v3dm0s,html_tag,0
<a%0donpOIntERenTEr+=+(prompt)``%0dx>v3dm0s,html_attribute,0
<a%0donpOIntERenTEr+=+(prompt)``%0dx>v3dm0s,html_text,0
<a%0donpOIntERenTEr+=+(prompt)``%0dx>v3dm0s,script_block,0
<a%0donpOIntERenTEr+=+(prompt)``%0dx>v3dm0s,comment,0
<a%0donpOIntERenTEr+=+(prompt)``%0dx>v3dm0s,url_href,0
<a%0donpOIntERenTEr+=+(prompt)``%0dx>v3dm0s,url_navigation,0
"<DeTails/+/ONPOIntEReNteR%09=%09a=prompt,a()%0dx>",html_tag,0
"<DeTails/+/ONPOIntEReNteR%09=%09a=prompt,a()%0dx>",html_attribute,0
"<DeTails/+/ONPOIntEReNteR%09=%09a=prompt,a()%0dx>",html_text,0
"<DeTails/+/ONPOIntEReNteR%09=%09a=prompt,a()%0dx>",script_block,0
"<DeTails/+/ONPOIntEReNteR%09=%09a=prompt,a()%0dx>",comment,0
"<DeTails/+/ONPOIntEReNteR%09=%09a=prompt,a()%0dx>",url_href,0
"<DeTails/+/ONPOIntEReNteR%09=%09a=prompt,a()%0dx>",url_navigation,0
"<D3v%0dOnMOusEOvEr+=+a=prompt,a()%0dx>v3dm0s",html_tag,0
"<D3v%0dOnMOusEOvEr+=+a=prompt,a()%0dx>v3dm0s",html_attribute,0
"<D3v%0dOnMOusEOvEr+=+a=prompt,a()%0dx>v3dm0s",html_text,0
"<D3v%0dOnMOusEOvEr+=+a=prompt,a()%0dx>v3dm0s",script_block,0
"<D3v%0dOnMOusEOvEr+=+a=prompt,a()%0dx>v3dm0s",comment,0
"<D3v%0dOnMOusEOvEr+=+a=prompt,a()%0dx>v3dm0s",url_href,0
"<D3v%0dOnMOusEOvEr+=+a=prompt,a()%0dx>v3dm0s",url_navigation,0
<a%09ONpOINTerENTer%09=%09(confirm)()>v3dm0s,html_tag,1
<a%09ONpOINTerENTer%09=%09(confirm)()>v3dm0s,html_attribute,0
<a%09ONpOINTerENTer%09=%09(confirm)()>v3dm0s,html_text,1
<a%09ONpOINTerENTer%09=%09(confirm)()>v3dm0s,script_block,0
<a%09ONpOINTerENTer%09=%09(confirm)()>v3dm0s,comment,0
<a%09ONpOINTerENTer%09=%09(confirm)()>v3dm0s,url_href,0
<a%09ONpOINTerENTer%09=%09(confirm)()>v3dm0s,url_navigation,0
<DEtAIlS%0aONtoggle%0d=%0dconfirm()%0dx>,html_tag,0
<DEtAIlS%0aONtoggle%0d=%0dconfirm()%0dx>,html_attribute,0
<DEtAIlS%0aONtoggle%0d=%0dconfirm()%0dx>,html_text,0
<DEtAIlS%0aONtoggle%0d=%0dconfirm()%0dx>,script_block,0
<DEtAIlS%0aONtoggle%0d=%0dconfirm()%0dx>,comment,0
<DEtAIlS%0aONtoggle%0d=%0dconfirm()%0dx>,url_href,0
<DEtAIlS%0aONtoggle%0d=%0dconfirm()%0dx>,url_navigation,0
<HtMl%09ONMOuseOver%0a=%0a[8].find(confirm)%0dx//,html_tag,0
<HtMl%09ONMOuseOver%0a=%0a[8].find(confirm)%0dx//,html_attribute,0
<HtMl%09ONMOuseOver%0a=%0a[8].find(confirm)%0dx//,html_text,0
<HtMl%09ONMOuseOver%0a=%0a[8].find(confirm)%0dx//,script_block,0
<HtMl%09ONMOuseOver%0a=%0a[8].find(confirm)%0dx//,comment,0
<HtMl%09ONMOuseOver%0a=%0a[8].find(confirm)%0dx//,url_href,0
<HtMl%09ONMOuseOver%0a=%0a[8].find(confirm)%0dx//,url_navigation,0
<dEtaIlS%09ONtoggLE+=+(confirm)()//,html_tag,0
<dEtaIlS%09ONtoggLE+=+(confirm)()//,html_attribute,0
<dEtaIlS%09ONtoggLE+=+(confirm)()//,html_text,0
<dEtaIlS%09ONtoggLE+=+(confirm)()//,script_block,0
<dEtaIlS%09ONtoggLE+=+(confirm)()//,comment,0
<dEtaIlS%09ONtoggLE+=+(confirm)()//,url_href,0
<dEtaIlS%09ONtoggLE+=+(confirm)()//,url_navigation,0
<hTML%0donPOiNTeRENTeR%0d=%0dconfirm()%0dx>,html_tag,0
<hTML%0donPOiNTeRENTeR%0d=%0dconfirm()%0dx>,html_attribute,0
<hTML%0donPOiNTeRENTeR%0d=%0dconfirm()%0dx>,html_text,0
<hTML%0donPOiNTeRENTeR%0d=%0dconfirm()%0dx>,script_block,0
<hTML%0donPOiNTeRENTeR%0d=%0dconfirm()%0dx>,comment,0
<hTML%0donPOiNTeRENTeR%0d=%0dconfirm()%0dx>,url_href,0
<hTML%0donPOiNTeRENTeR%0d=%0dconfirm()%0dx>,url_navigation,0
"<HtmL/+/ONMoUSEOVeR+=+a=prompt,a()>",html_tag,0
"<HtmL/+/ONMoUSEOVeR+=+a=prompt,a()>",html_attribute,0
"<HtmL/+/ONMoUSEOVeR+=+a=prompt,a()>",html_text,0
"<HtmL/+/ONMoUSEOVeR+=+a=prompt,a()>",script_block,0
"<HtmL/+/ONMoUSEOVeR+=+a=prompt,a()>",comment,0
"<HtmL/+/ONMoUSEOVeR+=+a=prompt,a()>",url_href,0
"<HtmL/+/ONMoUSEOVeR+=+a=prompt,a()>",url_navigation,0
<A/+/oNmOUsEoveR%0a=%0a[8].find(confirm)>v3dm0s,html_tag,1
<A/+/oNmOUsEoveR%0a=%0a[8].find(confirm)>v3dm0s,html_attribute,0
<A/+/oNmOUsEoveR%0a=%0a[8].find(confirm)>v3dm0s,html_text,1
<A/+/oNmOUsEoveR%0a=%0a[8].find(confirm)>v3dm0s,script_block,0
<A/+/oNmOUsEoveR%0a=%0a[8].find(confirm)>v3dm0s,comment,0
<A/+/oNmOUsEoveR%0a=%0a[8].find(confirm)>v3dm0s,url_href,0
<A/+/oNmOUsEoveR%0a=%0a[8].find(confirm)>v3dm0s,url_navigation,0
<a%0aonMOUseOVEr%0a=%0a(prompt)``%0dx>v3dm0s,html_tag,1
<a%0aonMOUseOVEr%0a=%0a(prompt)``%0dx>v3dm0s,html_attribute,0
<a%0aonMOUseOVEr%0a=%0a(prompt)``%0dx>v3dm0s,html_text,1
<a%0aonMOUseOVEr%0a=%0a(prompt)``%0dx>v3dm0s,script_block,0
<a%0aonMOUseOVEr%0a=%0a(prompt)``%0dx>v3dm0s,comment,0
<a%0aonMOUseOVEr%0a=%0a(prompt)``%0dx>v3dm0s,url_href,0
<a%0aonMOUseOVEr%0a=%0a(prompt)``%0dx>v3dm0s,url_navigation,0
<D3v%09oNmOuseoveR+=+(prompt)``>v3dm0s,html_tag,0
<D3v%09oNmOuseoveR+=+(prompt)``>v3dm0s,html_attribute,0
<D3v%09oNmOuseoveR+=+(prompt)``>v3dm0s,html_text,0
<D3v%09oNmOuseoveR+=+(prompt)``>v3dm0s,script_block,0
<D3v%09oNmOuseoveR+=+(prompt)``>v3dm0s,comment,0
<D3v%09oNmOuseoveR+=+(prompt)``>v3dm0s,url_href,0
<D3v%09oNmOuseoveR+=+(prompt)``>v3dm0s,url_navigation,0
<d3v%09oNpoiNTerEnTeR%09=%09confirm()>v3dm0s,html_tag,1
<d3v%09oNpoiNTerEnTeR%09=%09confirm()>v3dm0s,html_attribute,0
<d3v%09oNpoiNTerEnTeR%09=%09confirm()>v3dm0s,html_text,1
<d3v%09oNpoiNTerEnTeR%09=%09confirm()>v3dm0s,script_block,0
<d3v%09oNpoiNTerEnTeR%09=%09confirm()>v3dm0s,comment,0
<d3v%09oNpoiNTerEnTeR%09=%09confirm()>v3dm0s,url_href,0
<d3v%09oNpoiNTerEnTeR%09=%09confirm()>v3dm0s,url_navigation,0
<Html%0doNmOUseoVeR%0d=%0d(prompt)``//,html_tag,0
<Html%0doNmOUseoVeR%0d=%0d(prompt)``//,html_attribute,0
<Html%0doNmOUseoVeR%0d=%0d(prompt)``//,html_text,0
<Html%0doNmOUseoVeR%0d=%0d(prompt)``//,script_block,0
<Html%0doNmOUseoVeR%0d=%0d(prompt)``//,comment,0
<Html%0doNmOUseoVeR%0d=%0d(prompt)``//,url_href,0
<Html%0doNmOUseoVeR%0d=%0d(prompt)``//,url_navigation,0
"<deTAiLS/+/oNpoinTERENTer%0d=%0da=prompt,a()//",html_tag,0
"<deTAiLS/+/oNpoinTERENTer%0d=%0da=prompt,a()//",html_attribute,0
"<deTAiLS/+/oNpoinTERENTer%0d=%0da=prompt,a()//",html_text,0
"<deTAiLS/+/oNpoinTERENTer%0d=%0da=prompt,a()//",script_block,0
"<deTAiLS/+/oNpoinTERENTer%0d=%0da=prompt,a()//",comment,0
"<deTAiLS/+/oNpoinTERENTer%0d=%0da=prompt,a()//",url_href,0
"<deTAiLS/+/oNpoinTERENTer%0d=%0da=prompt,a()//",url_navigation,0
<deTAils%09oNPOInTEREnTeR+=+(confirm)()>,html_tag,0
<deTAils%09oNPOInTEREnTeR+=+(confirm)()>,html_attribute,0
<deTAils%09oNPOInTEREnTeR+=+(confirm)()>,html_text,0
<deTAils%09oNPOInTEREnTeR+=+(confirm)()>,script_block,0
<deTAils%09oNPOInTEREnTeR+=+(confirm)()>,comment,0
<deTAils%09oNPOInTEREnTeR+=+(confirm)()>,url_href,0
<deTAils%09oNPOInTEREnTeR+=+(confirm)()>,url_navigation,0
"<D3V%0aonpOINTEreNTEr%09=%09a=prompt,a()%0dx>v3dm0s",html_tag,1
"<D3V%0aonpOINTEreNTEr%09=%09a=prompt,a()%0dx>v3dm0s",html_attribute,0
"<D3V%0aonpOINTEreNTEr%09=%09a=prompt,a()%0dx>v3dm0s",html_text,1
"<D3V%0aonpOINTEreNTEr%09=%09a=prompt,a()%0dx>v3dm0s",script_block,0
"<D3V%0aonpOINTEreNTEr%09=%09a=prompt,a()%0dx>v3dm0s",comment,0
"<D3V%0aonpOINTEreNTEr%09=%09a=prompt,a()%0dx>v3dm0s",url_href,0
"<D3V%0aonpOINTEreNTEr%09=%09a=prompt,a()%0dx>v3dm0s",url_navigation,0
<dETAILs/+/ONTOGGle%0d=%0d[8].find(confirm)>,html_tag,0
<dETAILs/+/ONTOGGle%0d=%0d[8].find(confirm)>,html_attribute,0
<dETAILs/+/ONTOGGle%0d=%0d[8].find(confirm)>,html_text,0
<dETAILs/+/ONTOGGle%0d=%0d[8].find(confirm)>,script_block,0
<dETAILs/+/ONTOGGle%0d=%0d[8].find(confirm)>,comment,0
<dETAILs/+/ONTOGGle%0d=%0d[8].find(confirm)>,url_href,0
<dETAILs/+/ONTOGGle%0d=%0d[8].find(confirm)>,url_navigation,0
<HtMl%09oNPOIntEReNTER%0d=%0d[8].find(confirm)>,html_tag,0
<HtMl%09oNPOIntEReNTER%0d=%0d[8].find(confirm)>,html_attribute,0
<HtMl%09oNPOIntEReNTER%0d=%0d[8].find(confirm)>,html_text,0
<HtMl%09oNPOIntEReNTER%0d=%0d[8].find(confirm)>,script_block,0
<HtMl%09oNPOIntEReNTER%0d=%0d[8].find(confirm)>,comment,0
<HtMl%09oNPOIntEReNTER%0d=%0d[8].find(confirm)>,url_href,0
<HtMl%09oNPOIntEReNTER%0d=%0d[8].find(confirm)>,url_navigation,0
<A%0aOnpOintErentER%0d=%0d[8].find(confirm)>v3dm0s,html_tag,1
<A%0aOnpOintErentER%0d=%0d[8].find(confirm)>v3dm0s,html_attribute,0
<A%0aOnpOintErentER%0d=%0d[8].find(confirm)>v3dm0s,html_text,1
<A%0aOnpOintErentER%0d=%0d[8].find(confirm)>v3dm0s,script_block,0
<A%0aOnpOintErentER%0d=%0d[8].find(confirm)>v3dm0s,comment,0
<A%0aOnpOintErentER%0d=%0d[8].find(confirm)>v3dm0s,url_href,0
<A%0aOnpOintErentER%0d=%0d[8].find(confirm)>v3dm0s,url_navigation,0
<d3V%09OnPOiNteRenTEr%0d=%0d(prompt)``%0dx>v3dm0s,html_tag,1
<d3V%09OnPOiNteRenTEr%0d=%0d(prompt)``%0dx>v3dm0s,html_attribute,0
<d3V%09OnPOiNteRenTEr%0d=%0d(prompt)``%0dx>v3dm0s,html_text,1
<d3V%09OnPOiNteRenTEr%0d=%0d(prompt)``%0dx>v3dm0s,script_block,0
<d3V%09OnPOiNteRenTEr%0d=%0d(prompt)``%0dx>v3dm0s,comment,0
<d3V%09OnPOiNteRenTEr%0d=%0d(prompt)``%0dx>v3dm0s,url_href,0
<d3V%09OnPOiNteRenTEr%0d=%0d(prompt)``%0dx>v3dm0s,url_navigation,0
<DETaIlS%09oNpoiNTERenteR%09=%09confirm()//,html_tag,0
<DETaIlS%09oNpoiNTERenteR%09=%09confirm()//,html_attribute,0
<DETaIlS%09oNpoiNTERenteR%09=%09confirm()//,html_text,0
<DETaIlS%09oNpoiNTERenteR%09=%09confirm()//,script_block,0
<DETaIlS%09oNpoiNTERenteR%09=%09confirm()//,comment,0
<DETaIlS%09oNpoiNTERenteR%09=%09confirm()//,url_href,0
<DETaIlS%09oNpoiNTERenteR%09=%09confirm()//,url_navigation,0
<d3v%0aoNMOuseoVeR%0a=%0a[8].find(confirm)%0dx>v3dm0s,html_tag,1
<d3v%0aoNMOuseoVeR%0a=%0a[8].find(confirm)%0dx>v3dm0s,html_attribute,0
<d3v%0aoNMOuseoVeR%0a=%0a[8].find(confirm)%0dx>v3dm0s,html_text,1
<d3v%0aoNMOuseoVeR%0a=%0a[8].find(confirm)%0dx>v3dm0s,script_block,0
<d3v%0aoNMOuseoVeR%0a=%0a[8].find(confirm)%0dx>v3dm0s,comment,0
<d3v%0aoNMOuseoVeR%0a=%0a[8].find(confirm)%0dx>v3dm0s,url_href,0
<d3v%0aoNMOuseoVeR%0a=%0a[8].find(confirm)%0dx>v3dm0s,url_navigation,0
<D3V%0aOnMoUSeOvEr%0d=%0dconfirm()>v3dm0s,html_tag,1
<D3V%0aOnMoUSeOvEr%0d=%0dconfirm()>v3dm0s,html_attribute,0
<D3V%0aOnMoUSeOvEr%0d=%0dconfirm()>v3dm0s,html_text,1
<D3V%0aOnMoUSeOvEr%0d=%0dconfirm()>v3dm0s,script_block,0
<D3V%0aOnMoUSeOvEr%0d=%0dconfirm()>v3dm0s,comment,0
<D3V%0aOnMoUSeOvEr%0d=%0dconfirm()>v3dm0s,url_href,0
<D3V%0aOnMoUSeOvEr%0d=%0dconfirm()>v3dm0s,url_navigation,0
<htmL%0aONMOuSEOVeR%0d=%0d[8].find(confirm)//,html_tag,0
<htmL%0aONMOuSEOVeR%0d=%0d[8].find(confirm)//,html_attribute,0
<htmL%0aONMOuSEOVeR%0d=%0d[8].find(confirm)//,html_text,0
<htmL%0aONMOuSEOVeR%0d=%0d[8].find(confirm)//,script_block,0
<htmL%0aONMOuSEOVeR%0d=%0d[8].find(confirm)//,comment,0
<htmL%0aONMOuSEOVeR%0d=%0d[8].find(confirm)//,url_href,0
<htmL%0aONMOuSEOVeR%0d=%0d[8].find(confirm)//,url_navigation,0
<htML%09oNMOUseover%09=%09(confirm)()%0dx//,html_tag,0
<htML%09oNMOUseover%09=%09(confirm)()%0dx//,html_attribute,0
<htML%09oNMOUseover%09=%09(confirm)()%0dx//,html_text,0
<htML%09oNMOUseover%09=%09(confirm)()%0dx//,script_block,0
<htML%09oNMOUseover%09=%09(confirm)()%0dx//,comment,0
<htML%09oNMOUseover%09=%09(confirm)()%0dx//,url_href,0
<htML%09oNMOUseover%09=%09(confirm)()%0dx//,url_navigation,0
<detAILS/+/ONpOintEREntEr+=+confirm()>,html_tag,0
<detAILS/+/ONpOintEREntEr+=+confirm()>,html_attribute,0
<detAILS/+/ONpOintEREntEr+=+confirm()>,html_text,0
<detAILS/+/ONpOintEREntEr+=+confirm()>,script_block,0
<detAILS/+/ONpOintEREntEr+=+confirm()>,comment,0
<detAILS/+/ONpOintEREntEr+=+confirm()>,url_href,0
<detAILS/+/ONpOintEREntEr+=+confirm()>,url_navigation,0
<A/+/onMOusEOVEr+=+(prompt)``%0dx>v3dm0s,html_tag,0
<A/+/onMOusEOVEr+=+(prompt)``%0dx>v3dm0s,html_attribute,0
<A/+/onMOusEOVEr+=+(prompt)``%0dx>v3dm0s,html_text,0
<A/+/onMOusEOVEr+=+(prompt)``%0dx>v3dm0s,script_block,0
<A/+/onMOusEOVEr+=+(prompt)``%0dx>v3dm0s,comment,0
<A/+/onMOusEOVEr+=+(prompt)``%0dx>v3dm0s,url_href,0
<A/+/onMOusEOVEr+=+(prompt)``%0dx>v3dm0s,url_navigation,0
<A%0aOnmoUSeoveR%0a=%0aconfirm()>v3dm0s,html_tag,1
<A%0aOnmoUSeoveR%0a=%0aconfirm()>v3dm0s,html_attribute,0
<A%0aOnmoUSeoveR%0a=%0aconfirm()>v3dm0s,html_text,1
<A%0aOnmoUSeoveR%0a=%0aconfirm()>v3dm0s,script_block,0
<A%0aOnmoUSeoveR%0a=%0aconfirm()>v3dm0s,comment,0
<A%0aOnmoUSeoveR%0a=%0aconfirm()>v3dm0s,url_href,0
<A%0aOnmoUSeoveR%0a=%0aconfirm()>v3dm0s,url_navigation,0
<a%09ONMOUsEOVeR%0d=%0d(prompt)``>v3dm0s,html_tag,1
<a%09ONMOUsEOVeR%0d=%0d(prompt)``>v3dm0s,html_attribute,0
<a%09ONMOUsEOVeR%0d=%0d(prompt)``>v3dm0s,html_text,1
<a%09ONMOUsEOVeR%0d=%0d(prompt)``>v3dm0s,script_block,0
<a%09ONMOUsEOVeR%0d=%0d(prompt)``>v3dm0s,comment,0
<a%09ONMOUsEOVeR%0d=%0d(prompt)``>v3dm0s,url_href,0
<a%09ONMOUsEOVeR%0d=%0d(prompt)``>v3dm0s,url_navigation,0
<deTAilS%09oNpOINTERENTeR%09=%09[8].find(confirm)%0dx//,html_tag,0
<deTAilS%09oNpOINTERENTeR%09=%09[8].find(confirm)%0dx//,html_attribute,0
<deTAilS%09oNpOINTERENTeR%09=%09[8].find(confirm)%0dx//,html_text,0
<deTAilS%09oNpOINTERENTeR%09=%09[8].find(confirm)%0dx//,script_block,0
<deTAilS%09oNpOINTERENTeR%09=%09[8].find(confirm)%0dx//,comment,0
<deTAilS%09oNpOINTERENTeR%09=%09[8].find(confirm)%0dx//,url_href,0
<deTAilS%09oNpOINTERENTeR%09=%09[8].find(confirm)%0dx//,url_navigation,0
<deTAIlS%09ONTOggle+=+(prompt)``%0dx>,html_tag,0
<deTAIlS%09ONTOggle+=+(prompt)``%0dx>,html_attribute,0
<deTAIlS%09ONTOggle+=+(prompt)``%0dx>,html_text,0
<deTAIlS%09ONTOggle+=+(prompt)``%0dx>,script_block,0
<deTAIlS%09ONTOggle+=+(prompt)``%0dx>,comment,0
<deTAIlS%09ONTOggle+=+(prompt)``%0dx>,url_href,0
<deTAIlS%09ONTOggle+=+(prompt)``%0dx>,url_navigation,0
"<dETaiLS%09ontOGGle+=+a=prompt,a()>",html_tag,0
"<dETaiLS%09ontOGGle+=+a=prompt,a()>",html_attribute,0
"<dETaiLS%09ontOGGle+=+a=prompt,a()>",html_text,0
"<dETaiLS%09ontOGGle+=+a=prompt,a()>",script_block,0
"<dETaiLS%09ontOGGle+=+a=prompt,a()>",comment,0
"<dETaiLS%09ontOGGle+=+a=prompt,a()>",url_href,0
"<dETaiLS%09ontOGGle+=+a=prompt,a()>",url_navigation,0
<A/+/oNpOINtErenter%09=%09(prompt)``%0dx>v3dm0s,html_tag,1
<A/+/oNpOINtErenter%09=%09(prompt)``%0dx>v3dm0s,html_attribute,0
<A/+/oNpOINtErenter%09=%09(prompt)``%0dx>v3dm0s,html_text,1
<A/+/oNpOINtErenter%09=%09(prompt)``%0dx>v3dm0s,script_block,0
<A/+/oNpOINtErenter%09=%09(prompt)``%0dx>v3dm0s,comment,0
<A/+/oNpOINtErenter%09=%09(prompt)``%0dx>v3dm0s,url_href,0
<A/+/oNpOINtErenter%09=%09(prompt)``%0dx>v3dm0s,url_navigation,0
"<dEtAiLS%0dOnPoiNTerentER+=+a=prompt,a()//",html_tag,0
"<dEtAiLS%0dOnPoiNTerentER+=+a=prompt,a()//",html_attribute,0
"<dEtAiLS%0dOnPoiNTerentER+=+a=prompt,a()//",html_text,0
"<dEtAiLS%0dOnPoiNTerentER+=+a=prompt,a()//",script_block,0
"<dEtAiLS%0dOnPoiNTerentER+=+a=prompt,a()//",comment,0
"<dEtAiLS%0dOnPoiNTerentER+=+a=prompt,a()//",url_href,0
"<dEtAiLS%0dOnPoiNTerentER+=+a=prompt,a()//",url_navigation,0
<HtmL%0doNpoiNTEREnTer%0d=%0d[8].find(confirm)//,html_tag,0
<HtmL%0doNpoiNTEREnTer%0d=%0d[8].find(confirm)//,html_attribute,0
<HtmL%0doNpoiNTEREnTer%0d=%0d[8].find(confirm)//,html_text,0
<HtmL%0doNpoiNTEREnTer%0d=%0d[8].find(confirm)//,script_block,0
<HtmL%0doNpoiNTEREnTer%0d=%0d[8].find(confirm)//,comment,0
<HtmL%0doNpoiNTEREnTer%0d=%0d[8].find(confirm)//,url_href,0
<HtmL%0doNpoiNTEREnTer%0d=%0d[8].find(confirm)//,url_navigation,0
<a/+/OnMousEoVER%0d=%0d(confirm)()%0dx>v3dm0s,html_tag,1
<a/+/OnMousEoVER%0d=%0d(confirm)()%0dx>v3dm0s,html_attribute,0
<a/+/OnMousEoVER%0d=%0d(confirm)()%0dx>v3dm0s,html_text,1
<a/+/OnMousEoVER%0d=%0d(confirm)()%0dx>v3dm0s,script_block,0
<a/+/OnMousEoVER%0d=%0d(confirm)()%0dx>v3dm0s,comment,0
<a/+/OnMousEoVER%0d=%0d(confirm)()%0dx>v3dm0s,url_href,0
<a/+/OnMousEoVER%0d=%0d(confirm)()%0dx>v3dm0s,url_navigation,0
<DEtaILs%09oNpoiNteRentER%0d=%0d(confirm)()%0dx>,html_tag,0
<DEtaILs%09oNpoiNteRentER%0d=%0d(confirm)()%0dx>,html_attribute,0
<DEtaILs%09oNpoiNteRentER%0d=%0d(confirm)()%0dx>,html_text,0
<DEtaILs%09oNpoiNteRentER%0d=%0d(confirm)()%0dx>,script_block,0
<DEtaILs%09oNpoiNteRentER%0d=%0d(confirm)()%0dx>,comment,0
<DEtaILs%09oNpoiNteRentER%0d=%0d(confirm)()%0dx>,url_href,0
<DEtaILs%09oNpoiNteRentER%0d=%0d(confirm)()%0dx>,url_navigation,0
<d3V/+/ONmoUSEOVeR%0a=%0a[8].find(confirm)>v3dm0s,html_tag,1
<d3V/+/ONmoUSEOVeR%0a=%0a[8].find(confirm)>v3dm0s,html_attribute,0
<d3V/+/ONmoUSEOVeR%0a=%0a[8].find(confirm)>v3dm0s,html_text,1
<d3V/+/ONmoUSEOVeR%0a=%0a[8].find(confirm)>v3dm0s,script_block,0
<d3V/+/ONmoUSEOVeR%0a=%0a[8].find(confirm)>v3dm0s,comment,0
<d3V/+/ONmoUSEOVeR%0a=%0a[8].find(confirm)>v3dm0s,url_href,0
<d3V/+/ONmoUSEOVeR%0a=%0a[8].find(confirm)>v3dm0s,url_navigation,0
"<a%0aonMOUsEOVeR%09=%09a=prompt,a()>v3dm0s",html_tag,1
"<a%0aonMOUsEOVeR%09=%09a=prompt,a()>v3dm0s",html_attribute,0
"<a%0aonMOUsEOVeR%09=%09a=prompt,a()>v3dm0s",html_text,1
"<a%0aonMOUsEOVeR%09=%09a=prompt,a()>v3dm0s",script_block,0
"<a%0aonMOUsEOVeR%09=%09a=prompt,a()>v3dm0s",comment,0
"<a%0aonMOUsEOVeR%09=%09a=prompt,a()>v3dm0s",url_href,0
"<a%0aonMOUsEOVeR%09=%09a=prompt,a()>v3dm0s",url_navigation,0
<D3V/+/onpoiNteRENteR%0d=%0dconfirm()>v3dm0s,html_tag,1
<D3V/+/onpoiNteRENteR%0d=%0dconfirm()>v3dm0s,html_attribute,0
<D3V/+/onpoiNteRENteR%0d=%0dconfirm()>v3dm0s,html_text,1
<D3V/+/onpoiNteRENteR%0d=%0dconfirm()>v3dm0s,script_block,0
<D3V/+/onpoiNteRENteR%0d=%0dconfirm()>v3dm0s,comment,0
<D3V/+/onpoiNteRENteR%0d=%0dconfirm()>v3dm0s,url_href,0
<D3V/+/onpoiNteRENteR%0d=%0dconfirm()>v3dm0s,url_navigation,0
<HTML%0aONpointeREnTEr+=+(confirm)()//,html_tag,0
<HTML%0aONpointeREnTEr+=+(confirm)()//,html_attribute,0
<HTML%0aONpointeREnTEr+=+(confirm)()//,html_text,0
<HTML%0aONpointeREnTEr+=+(confirm)()//,script_block,0
<HTML%0aONpointeREnTEr+=+(confirm)()//,comment,0
<HTML%0aONpointeREnTEr+=+(confirm)()//,url_href,0
<HTML%0aONpointeREnTEr+=+(confirm)()//,url_navigation,0
<detaILs%09ontoGGLE+=+[8].find(confirm)%0dx>,html_tag,0
<detaILs%09ontoGGLE+=+[8].find(confirm)%0dx>,html_attribute,0
<detaILs%09ontoGGLE+=+[8].find(confirm)%0dx>,html_text,0
<detaILs%09ontoGGLE+=+[8].find(confirm)%0dx>,script_block,0
<detaILs%09ontoGGLE+=+[8].find(confirm)%0dx>,comment,0
<detaILs%09ontoGGLE+=+[8].find(confirm)%0dx>,url_href,0
<detaILs%09ontoGGLE+=+[8].find(confirm)%0dx>,url_navigation,0
<deTAILS%0aOnPoINtERenTEr%0d=%0d(confirm)()>,html_tag,0
<deTAILS%0aOnPoINtERenTEr%0d=%0d(confirm)()>,html_attribute,0
<deTAILS%0aOnPoINtERenTEr%0d=%0d(confirm)()>,html_text,0
<deTAILS%0aOnPoINtERenTEr%0d=%0d(confirm)()>,script_block,0
<deTAILS%0aOnPoINtERenTEr%0d=%0d(confirm)()>,comment,0
<deTAILS%0aOnPoINtERenTEr%0d=%0d(confirm)()>,url_href,0
<deTAILS%0aOnPoINtERenTEr%0d=%0d(confirm)()>,url_navigation,0
<A%0dONPoiNTeRenTEr+=+confirm()%0dx>v3dm0s,html_tag,0
<A%0dONPoiNTeRenTEr+=+confirm()%0dx>v3dm0s,html_attribute,0
<A%0dONPoiNTeRenTEr+=+confirm()%0dx>v3dm0s,html_text,0
<A%0dONPoiNTeRenTEr+=+confirm()%0dx>v3dm0s,script_block,0
<A%0dONPoiNTeRenTEr+=+confirm()%0dx>v3dm0s,comment,0
<A%0dONPoiNTeRenTEr+=+confirm()%0dx>v3dm0s,url_href,0
<A%0dONPoiNTeRenTEr+=+confirm()%0dx>v3dm0s,url_navigation,0
<Html%09oNpOintERenTER%0d=%0d(confirm)()//,html_tag,0
<Html%09oNpOintERenTER%0d=%0d(confirm)()//,html_attribute,0
<Html%09oNpOintERenTER%0d=%0d(confirm)()//,html_text,0
<Html%09oNpOintERenTER%0d=%0d(confirm)()//,script_block,0
<Html%09oNpOintERenTER%0d=%0d(confirm)()//,comment,0
<Html%09oNpOintERenTER%0d=%0d(confirm)()//,url_href,0
<Html%09oNpOintERenTER%0d=%0d(confirm)()//,url_navigation,0
<hTml/+/ONMOuSeover%0a=%0a[8].find(confirm)%0dx//,html_tag,0
<hTml/+/ONMOuSeover%0a=%0a[8].find(confirm)%0dx//,html_attribute,0
<hTml/+/ONMOuSeover%0a=%0a[8].find(confirm)%0dx//,html_text,0
<hTml/+/ONMOuSeover%0a=%0a[8].find(confirm)%0dx//,script_block,0
<hTml/+/ONMOuSeover%0a=%0a[8].find(confirm)%0dx//,comment,0
<hTml/+/ONMOuSeover%0a=%0a[8].find(confirm)%0dx//,url_href,0
<hTml/+/ONMOuSeover%0a=%0a[8].find(confirm)%0dx//,url_navigation,0
<DetAIlS/+/onPOINTereNter%09=%09[8].find(confirm)%0dx//,html_tag,0
<DetAIlS/+/onPOINTereNter%09=%09[8].find(confirm)%0dx//,html_attribute,0
<DetAIlS/+/onPOINTereNter%09=%09[8].find(confirm)%0dx//,html_text,0
<DetAIlS/+/onPOINTereNter%09=%09[8].find(confirm)%0dx//,script_block,0
<DetAIlS/+/onPOINTereNter%09=%09[8].find(confirm)%0dx//,comment,0
<DetAIlS/+/onPOINTereNter%09=%09[8].find(confirm)%0dx//,url_href,0
<DetAIlS/+/onPOINTereNter%09=%09[8].find(confirm)%0dx//,url_navigation,0
<D3V%0dOnpoINtERENTeR%0a=%0a(confirm)()>v3dm0s,html_tag,1
<D3V%0dOnpoINtERENTeR%0a=%0a(confirm)()>v3dm0s,html_attribute,0
<D3V%0dOnpoINtERENTeR%0a=%0a(confirm)()>v3dm0s,html_text,1
<D3V%0dOnpoINtERENTeR%0a=%0a(confirm)()>v3dm0s,script_block,0
<D3V%0dOnpoINtERENTeR%0a=%0a(confirm)()>v3dm0s,comment,0
<D3V%0dOnpoINtERENTeR%0a=%0a(confirm)()>v3dm0s,url_href,0
<D3V%0dOnpoINtERENTeR%0a=%0a(confirm)()>v3dm0s,url_navigation,0
<a%0doNMoUSeoVEr%09=%09(confirm)()>v3dm0s,html_tag,1
<a%0doNMoUSeoVEr%09=%09(confirm)()>v3dm0s,html_attribute,0
<a%0doNMoUSeoVEr%09=%09(confirm)()>v3dm0s,html_text,1
<a%0doNMoUSeoVEr%09=%09(confirm)()>v3dm0s,script_block,0
<a%0doNMoUSeoVEr%09=%09(confirm)()>v3dm0s,comment,0
<a%0doNMoUSeoVEr%09=%09(confirm)()>v3dm0s,url_href,0
<a%0doNMoUSeoVEr%09=%09(confirm)()>v3dm0s,url_navigation,0
<a%0doNmOusEoVEr%0d=%0d[8].find(confirm)%0dx>v3dm0s,html_tag,1
<a%0doNmOusEoVEr%0d=%0d[8].find(confirm)%0dx>v3dm0s,html_attribute,0
<a%0doNmOusEoVEr%0d=%0d[8].find(confirm)%0dx>v3dm0s,html_text,1
<a%0doNmOusEoVEr%0d=%0d[8].find(confirm)%0dx>v3dm0s,script_block,0
<a%0doNmOusEoVEr%0d=%0d[8].find(confirm)%0dx>v3dm0s,comment,0
<a%0doNmOusEoVEr%0d=%0d[8].find(confirm)%0dx>v3dm0s,url_href,0
<a%0doNmOusEoVEr%0d=%0d[8].find(confirm)%0dx>v3dm0s,url_navigation,0
"<HTMl/+/oNPOiNterenTER+=+a=prompt,a()//",html_tag,0
"<HTMl/+/oNPOiNterenTER+=+a=prompt,a()//",html_attribute,0
"<HTMl/+/oNPOiNterenTER+=+a=prompt,a()//",html_text,0
"<HTMl/+/oNPOiNterenTER+=+a=prompt,a()//",script_block,0
"<HTMl/+/oNPOiNterenTER+=+a=prompt,a()//",comment,0
"<HTMl/+/oNPOiNterenTER+=+a=prompt,a()//",url_href,0
"<HTMl/+/oNPOiNterenTER+=+a=prompt,a()//",url_navigation,0
<A%0donpoiNTErENtEr%0d=%0d[8].find(confirm)>v3dm0s,html_tag,1
<A%0donpoiNTErENtEr%0d=%0d[8].find(confirm)>v3dm0s,html_attribute,0
<A%0donpoiNTErENtEr%0d=%0d[8].find(confirm)>v3dm0s,html_text,1
<A%0donpoiNTErENtEr%0d=%0d[8].find(confirm)>v3dm0s,script_block,0
<A%0donpoiNTErENtEr%0d=%0d[8].find(confirm)>v3dm0s,comment,0
<A%0donpoiNTErENtEr%0d=%0d[8].find(confirm)>v3dm0s,url_href,0
<A%0donpoiNTErENtEr%0d=%0d[8].find(confirm)>v3dm0s,url_navigation,0
<a/+/oNmoUSeovER%09=%09confirm()>v3dm0s,html_tag,1
<a/+/oNmoUSeovER%09=%09confirm()>v3dm0s,html_attribute,0
<a/+/oNmoUSeovER%09=%09confirm()>v3dm0s,html_text,1
<a/+/oNmoUSeovER%09=%09confirm()>v3dm0s,script_block,0
<a/+/oNmoUSeovER%09=%09confirm()>v3dm0s,comment,0
<a/+/oNmoUSeovER%09=%09confirm()>v3dm0s,url_href,0
<a/+/oNmoUSeovER%09=%09confirm()>v3dm0s,url_navigation,0
<A%09oNMOusEoVER%0d=%0d(confirm)()%0dx>v3dm0s,html_tag,1
<A%09oNMOusEoVER%0d=%0d(confirm)()%0dx>v3dm0s,html_attribute,0
<A%09oNMOusEoVER%0d=%0d(confirm)()%0dx>v3dm0s,html_text,1
<A%09oNMOusEoVER%0d=%0d(confirm)()%0dx>v3dm0s,script_block,0
<A%09oNMOusEoVER%0d=%0d(confirm)()%0dx>v3dm0s,comment,0
<A%09oNMOusEoVER%0d=%0d(confirm)()%0dx>v3dm0s,url_href,0
<A%09oNMOusEoVER%0d=%0d(confirm)()%0dx>v3dm0s,url_navigation,0
<D3v%0dOnPOiNteRenteR%09=%09(prompt)``%0dx>v3dm0s,html_tag,1
<D3v%0dOnPOiNteRenteR%09=%09(prompt)``%0dx>v3dm0s,html_attribute,0
<D3v%0dOnPOiNteRenteR%09=%09(prompt)``%0dx>v3dm0s,html_text,1
<D3v%0dOnPOiNteRenteR%09=%09(prompt)``%0dx>v3dm0s,script_block,0
<D3v%0dOnPOiNteRenteR%09=%09(prompt)``%0dx>v3dm0s,comment,0
<D3v%0dOnPOiNteRenteR%09=%09(prompt)``%0dx>v3dm0s,url_href,0
<D3v%0dOnPOiNteRenteR%09=%09(prompt)``%0dx>v3dm0s,url_navigation,0
<a%0donpOINtErEnTeR%0a=%0a[8].find(confirm)>v3dm0s,html_tag,1
<a%0donpOINtErEnTeR%0a=%0a[8].find(confirm)>v3dm0s,html_attribute,0
<a%0donpOINtErEnTeR%0a=%0a[8].find(confirm)>v3dm0s,html_text,1
<a%0donpOINtErEnTeR%0a=%0a[8].find(confirm)>v3dm0s,script_block,0
<a%0donpOINtErEnTeR%0a=%0a[8].find(confirm)>v3dm0s,comment,0
<a%0donpOINtErEnTeR%0a=%0a[8].find(confirm)>v3dm0s,url_href,0
<a%0donpOINtErEnTeR%0a=%0a[8].find(confirm)>v3dm0s,url_navigation,0
<htML/+/OnMOUSeOveR%0a=%0a(prompt)``%0dx//,html_tag,0
<htML/+/OnMOUSeOveR%0a=%0a(prompt)``%0dx//,html_attribute,0
<htML/+/OnMOUSeOveR%0a=%0a(prompt)``%0dx//,html_text,0
<htML/+/OnMOUSeOveR%0a=%0a(prompt)``%0dx//,script_block,0
<htML/+/OnMOUSeOveR%0a=%0a(prompt)``%0dx//,comment,0
<htML/+/OnMOUSeOveR%0a=%0a(prompt)``%0dx//,url_href,0
<htML/+/OnMOUSeOveR%0a=%0a(prompt)``%0dx//,url_navigation,0
<HtmL%0aONMOUSeOVEr%0a=%0a[8].find(confirm)//,html_tag,0
<HtmL%0aONMOUSeOVEr%0a=%0a[8].find(confirm)//,html_attribute,0
<HtmL%0aONMOUSeOVEr%0a=%0a[8].find(confirm)//,html_text,0
<HtmL%0aONMOUSeOVEr%0a=%0a[8].find(confirm)//,script_block,0
<HtmL%0aONMOUSeOVEr%0a=%0a[8].find(confirm)//,comment,0
<HtmL%0aONMOUSeOVEr%0a=%0a[8].find(confirm)//,url_href,0
<HtmL%0aONMOUSeOVEr%0a=%0a[8].find(confirm)//,url_navigation,0
<d3V%09onmOUsEOVER%09=%09(prompt)``>v3dm0s,html_tag,1
<d3V%09onmOUsEOVER%09=%09(prompt)``>v3dm0s,html_attribute,0
<d3V%09onmOUsEOVER%09=%09(prompt)``>v3dm0s,html_text,1
<d3V%09onmOUsEOVER%09=%09(prompt)``>v3dm0s,script_block,0
<d3V%09onmOUsEOVER%09=%09(prompt)``>v3dm0s,comment,0
<d3V%09onmOUsEOVER%09=%09(prompt)``>v3dm0s,url_href,0
<d3V%09onmOUsEOVER%09=%09(prompt)``>v3dm0s,url_navigation,0
<hTmL/+/oNmouseoVer%09=%09[8].find(confirm)%0dx//,html_tag,0
<hTmL/+/oNmouseoVer%09=%09[8].find(confirm)%0dx//,html_attribute,0
<hTmL/+/oNmouseoVer%09=%09[8].find(confirm)%0dx//,html_text,0
<hTmL/+/oNmouseoVer%09=%09[8].find(confirm)%0dx//,script_block,0
<hTmL/+/oNmouseoVer%09=%09[8].find(confirm)%0dx//,comment,0
<hTmL/+/oNmouseoVer%09=%09[8].find(confirm)%0dx//,url_href,0
<hTmL/+/oNmouseoVer%09=%09[8].find(confirm)%0dx//,url_navigation,0
<HtmL%09oNMOUseOVEr%09=%09[8].find(confirm)//,html_tag,0
<HtmL%09oNMOUseOVEr%09=%09[8].find(confirm)//,html_attribute,0
<HtmL%09oNMOUseOVEr%09=%09[8].find(confirm)//,html_text,0
<HtmL%09oNMOUseOVEr%09=%09[8].find(confirm)//,script_block,0
<HtmL%09oNMOUseOVEr%09=%09[8].find(confirm)//,comment,0
<HtmL%09oNMOUseOVEr%09=%09[8].find(confirm)//,url_href,0
<HtmL%09oNMOUseOVEr%09=%09[8].find(confirm)//,url_navigation,0
<d3V%0aonpOinTErENteR%09=%09confirm()>v3dm0s,html_tag,1
<d3V%0aonpOinTErENteR%09=%09confirm()>v3dm0s,html_attribute,0
<d3V%0aonpOinTErENteR%09=%09confirm()>v3dm0s,html_text,1
<d3V%0aonpOinTErENteR%09=%09confirm()>v3dm0s,script_block,0
<d3V%0aonpOinTErENteR%09=%09confirm()>v3dm0s,comment,0
<d3V%0aonpOinTErENteR%09=%09confirm()>v3dm0s,url_href,0
<d3V%0aonpOinTErENteR%09=%09confirm()>v3dm0s,url_navigation,0
<a%0dONpoinTEreNtER%0a=%0a(prompt)``%0dx>v3dm0s,html_tag,1
<a%0dONpoinTEreNtER%0a=%0a(prompt)``%0dx>v3dm0s,html_attribute,0
<a%0dONpoinTEreNtER%0a=%0a(prompt)``%0dx>v3dm0s,html_text,1
<a%0dONpoinTEreNtER%0a=%0a(prompt)``%0dx>v3dm0s,script_block,0
<a%0dONpoinTEreNtER%0a=%0a(prompt)``%0dx>v3dm0s,comment,0
<a%0dONpoinTEreNtER%0a=%0a(prompt)``%0dx>v3dm0s,url_href,0
<a%0dONpoinTEreNtER%0a=%0a(prompt)``%0dx>v3dm0s,url_navigation,0
"<d3V%09OnmOUSEovER%09=%09a=prompt,a()>v3dm0s",html_tag,1
"<d3V%09OnmOUSEovER%09=%09a=prompt,a()>v3dm0s",html_attribute,0
"<d3V%09OnmOUSEovER%09=%09a=prompt,a()>v3dm0s",html_text,1
"<d3V%09OnmOUSEovER%09=%09a=prompt,a()>v3dm0s",script_block,0
"<d3V%09OnmOUSEovER%09=%09a=prompt,a()>v3dm0s",comment,0
"<d3V%09OnmOUSEovER%09=%09a=prompt,a()>v3dm0s",url_href,0
"<d3V%09OnmOUSEovER%09=%09a=prompt,a()>v3dm0s",url_navigation,0
<D3v%0aONpOINTEReNtEr+=+confirm()%0dx>v3dm0s,html_tag,0
<D3v%0aONpOINTEReNtEr+=+confirm()%0dx>v3dm0s,html_attribute,0
<D3v%0aONpOINTEReNtEr+=+confirm()%0dx>v3dm0s,html_text,0
<D3v%0aONpOINTEReNtEr+=+confirm()%0dx>v3dm0s,script_block,0
<D3v%0aONpOINTEReNtEr+=+confirm()%0dx>v3dm0s,comment,0
<D3v%0aONpOINTEReNtEr+=+confirm()%0dx>v3dm0s,url_href,0
<D3v%0aONpOINTEReNtEr+=+confirm()%0dx>v3dm0s,url_navigation,0
<A%0donmouSeOVER%09=%09confirm()%0dx>v3dm0s,html_tag,1
<A%0donmouSeOVER%09=%09confirm()%0dx>v3dm0s,html_attribute,0
<A%0donmouSeOVER%09=%09confirm()%0dx>v3dm0s,html_text,1
<A%0donmouSeOVER%09=%09confirm()%0dx>v3dm0s,script_block,0
<A%0donmouSeOVER%09=%09confirm()%0dx>v3dm0s,comment,0
<A%0donmouSeOVER%09=%09confirm()%0dx>v3dm0s,url_href,0
<A%0donmouSeOVER%09=%09confirm()%0dx>v3dm0s,url_navigation,0
<hTMl%0dOnMOUsEOVeR%09=%09(confirm)()//,html_tag,0
<hTMl%0dOnMOUsEOVeR%09=%09(confirm)()//,html_attribute,0
<hTMl%0dOnMOUsEOVeR%09=%09(confirm)()//,html_text,0
<hTMl%0dOnMOUsEOVeR%09=%09(confirm)()//,script_block,0
<hTMl%0dOnMOUsEOVeR%09=%09(confirm)()//,comment,0
<hTMl%0dOnMOUsEOVeR%09=%09(confirm)()//,url_href,0
<hTMl%0dOnMOUsEOVeR%09=%09(confirm)()//,url_navigation,0
<D3V/+/ONmousEOVeR%09=%09[8].find(confirm)%0dx>v3dm0s,html_tag,1
<D3V/+/ONmousEOVeR%09=%09[8].find(confirm)%0dx>v3dm0s,html_attribute,0
<D3V/+/ONmousEOVeR%09=%09[8].find(confirm)%0dx>v3dm0s,html_text,1
<D3V/+/ONmousEOVeR%09=%09[8].find(confirm)%0dx>v3dm0s,script_block,0
<D3V/+/ONmousEOVeR%09=%09[8].find(confirm)%0dx>v3dm0s,comment,0
<D3V/+/ONmousEOVeR%09=%09[8].find(confirm)%0dx>v3dm0s,url_href,0
<D3V/+/ONmousEOVeR%09=%09[8].find(confirm)%0dx>v3dm0s,url_navigation,0
<d3V%09oNPOiNTEreNTEr%09=%09confirm()%0dx>v3dm0s,html_tag,1
<d3V%09oNPOiNTEreNTEr%09=%09confirm()%0dx>v3dm0s,html_attribute,0
<d3V%09oNPOiNTEreNTEr%09=%09confirm()%0dx>v3dm0s,html_text,1
<d3V%09oNPOiNTEreNTEr%09=%09confirm()%0dx>v3dm0s,script_block,0
<d3V%09oNPOiNTEreNTEr%09=%09confirm()%0dx>v3dm0s,comment,0
<d3V%09oNPOiNTEreNTEr%09=%09confirm()%0dx>v3dm0s,url_href,0
<d3V%09oNPOiNTEreNTEr%09=%09confirm()%0dx>v3dm0s,url_navigation,0
<deTAIls/+/onpoiNTEReNTER+=+confirm()%0dx>,html_tag,0
<deTAIls/+/onpoiNTEReNTER+=+confirm()%0dx>,html_attribute,0
<deTAIls/+/onpoiNTEReNTER+=+confirm()%0dx>,html_text,0
<deTAIls/+/onpoiNTEReNTER+=+confirm()%0dx>,script_block,0
<deTAIls/+/onpoiNTEReNTER+=+confirm()%0dx>,comment,0
<deTAIls/+/onpoiNTEReNTER+=+confirm()%0dx>,url_href,0
<deTAIls/+/onpoiNTEReNTER+=+confirm()%0dx>,url_navigation,0
<d3v/+/oNpOiNTereNtER+=+confirm()%0dx>v3dm0s,html_tag,0
<d3v/+/oNpOiNTereNtER+=+confirm()%0dx>v3dm0s,html_attribute,0
<d3v/+/oNpOiNTereNtER+=+confirm()%0dx>v3dm0s,html_text,0
<d3v/+/oNpOiNTereNtER+=+confirm()%0dx>v3dm0s,script_block,0
<d3v/+/oNpOiNTereNtER+=+confirm()%0dx>v3dm0s,comment,0
<d3v/+/oNpOiNTereNtER+=+confirm()%0dx>v3dm0s,url_href,0
<d3v/+/oNpOiNTereNtER+=+confirm()%0dx>v3dm0s,url_navigation,0
"<hTML%09ONmoUSeovER%0d=%0da=prompt,a()%0dx>",html_tag,0
"<hTML%09ONmoUSeovER%0d=%0da=prompt,a()%0dx>",html_attribute,0
"<hTML%09ONmoUSeovER%0d=%0da=prompt,a()%0dx>",html_text,0
"<hTML%09ONmoUSeovER%0d=%0da=prompt,a()%0dx>",script_block,0
"<hTML%09ONmoUSeovER%0d=%0da=prompt,a()%0dx>",comment,0
"<hTML%09ONmoUSeovER%0d=%0da=prompt,a()%0dx>",url_href,0
"<hTML%09ONmoUSeovER%0d=%0da=prompt,a()%0dx>",url_navigation,0
<A%0aONPoINTerEntEr+=+(confirm)()%0dx>v3dm0s,html_tag,0
<A%0aONPoINTerEntEr+=+(confirm)()%0dx>v3dm0s,html_attribute,0
<A%0aONPoINTerEntEr+=+(confirm)()%0dx>v3dm0s,html_text,0
<A%0aONPoINTerEntEr+=+(confirm)()%0dx>v3dm0s,script_block,0
<A%0aONPoINTerEntEr+=+(confirm)()%0dx>v3dm0s,comment,0
<A%0aONPoINTerEntEr+=+(confirm)()%0dx>v3dm0s,url_href,0
<A%0aONPoINTerEntEr+=+(confirm)()%0dx>v3dm0s,url_navigation,0
<DETAiLS%0aOnPOInteRenTER%09=%09confirm()>,html_tag,0
<DETAiLS%0aOnPOInteRenTER%09=%09confirm()>,html_attribute,0
<DETAiLS%0aOnPOInteRenTER%09=%09confirm()>,html_text,0
<DETAiLS%0aOnPOInteRenTER%09=%09confirm()>,script_block,0
<DETAiLS%0aOnPOInteRenTER%09=%09confirm()>,comment,0
<DETAiLS%0aOnPOInteRenTER%09=%09confirm()>,url_href,0
<DETAiLS%0aOnPOInteRenTER%09=%09confirm()>,url_navigation,0
<DeTailS%0dOnTogglE%0a=%0aconfirm()>,html_tag,0
<DeTailS%0dOnTogglE%0a=%0aconfirm()>,html_attribute,0
<DeTailS%0dOnTogglE%0a=%0aconfirm()>,html_text,0
<DeTailS%0dOnTogglE%0a=%0aconfirm()>,script_block,0
<DeTailS%0dOnTogglE%0a=%0aconfirm()>,comment,0
<DeTailS%0dOnTogglE%0a=%0aconfirm()>,url_href,0
<DeTailS%0dOnTogglE%0a=%0aconfirm()>,url_navigation,0
<A%09onpoInTERENTEr%0d=%0dconfirm()%0dx>v3dm0s,html_tag,1
<A%09onpoInTERENTEr%0d=%0dconfirm()%0dx>v3dm0s,html_attribute,0
<A%09onpoInTERENTEr%0d=%0dconfirm()%0dx>v3dm0s,html_text,1
<A%09onpoInTERENTEr%0d=%0dconfirm()%0dx>v3dm0s,script_block,0
<A%09onpoInTERENTEr%0d=%0dconfirm()%0dx>v3dm0s,comment,0
<A%09onpoInTERENTEr%0d=%0dconfirm()%0dx>v3dm0s,url_href,0
<A%09onpoInTERENTEr%0d=%0dconfirm()%0dx>v3dm0s,url_navigation,0
<d3v%0aOnMOUSeOver%0a=%0a(prompt)``%0dx>v3dm0s,html_tag,1
<d3v%0aOnMOUSeOver%0a=%0a(prompt)``%0dx>v3dm0s,html_attribute,0
<d3v%0aOnMOUSeOver%0a=%0a(prompt)``%0dx>v3dm0s,html_text,1
<d3v%0aOnMOUSeOver%0a=%0a(prompt)``%0dx>v3dm0s,script_block,0
<d3v%0aOnMOUSeOver%0a=%0a(prompt)``%0dx>v3dm0s,comment,0
<d3v%0aOnMOUSeOver%0a=%0a(prompt)``%0dx>v3dm0s,url_href,0
<d3v%0aOnMOUSeOver%0a=%0a(prompt)``%0dx>v3dm0s,url_navigation,0
<a%09oNmOuseover+=+confirm()%0dx>v3dm0s,html_tag,0
<a%09oNmOuseover+=+confirm()%0dx>v3dm0s,html_attribute,0
<a%09oNmOuseover+=+confirm()%0dx>v3dm0s,html_text,0
<a%09oNmOuseover+=+confirm()%0dx>v3dm0s,script_block,0
<a%09oNmOuseover+=+confirm()%0dx>v3dm0s,comment,0
<a%09oNmOuseover+=+confirm()%0dx>v3dm0s,url_href,0
<a%09oNmOuseover+=+confirm()%0dx>v3dm0s,url_navigation,0
<HTMl%09onPoIntErEnTER%09=%09(prompt)``%0dx//,html_tag,0
<HTMl%09onPoIntErEnTER%09=%09(prompt)``%0dx//,html_attribute,0
<HTMl%09onPoIntErEnTER%09=%09(prompt)``%0dx//,html_text,0
<HTMl%09onPoIntErEnTER%09=%09(prompt)``%0dx//,script_block,0
<HTMl%09onPoIntErEnTER%09=%09(prompt)``%0dx//,comment,0
<HTMl%09onPoIntErEnTER%09=%09(prompt)``%0dx//,url_href,0
<HTMl%09onPoIntErEnTER%09=%09(prompt)``%0dx//,url_navigation,0
"<dETAils%0dontOGGle%09=%09a=prompt,a()//",html_tag,0
"<dETAils%0dontOGGle%09=%09a=prompt,a()//",html_attribute,0
"<dETAils%0dontOGGle%09=%09a=prompt,a()//",html_text,0
"<dETAils%0dontOGGle%09=%09a=prompt,a()//",script_block,0
"<dETAils%0dontOGGle%09=%09a=prompt,a()//",comment,0
"<dETAils%0dontOGGle%09=%09a=prompt,a()//",url_href,0
"<dETAils%0dontOGGle%09=%09a=prompt,a()//",url_navigation,0
<d3V%0dONPoINteRENTer%0a=%0a(confirm)()%0dx>v3dm0s,html_tag,1
<d3V%0dONPoINteRENTer%0a=%0a(confirm)()%0dx>v3dm0s,html_attribute,0
<d3V%0dONPoINteRENTer%0a=%0a(confirm)()%0dx>v3dm0s,html_text,1
<d3V%0dONPoINteRENTer%0a=%0a(confirm)()%0dx>v3dm0s,script_block,0
<d3V%0dONPoINteRENTer%0a=%0a(confirm)()%0dx>v3dm0s,comment,0
<d3V%0dONPoINteRENTer%0a=%0a(confirm)()%0dx>v3dm0s,url_href,0
<d3V%0dONPoINteRENTer%0a=%0a(confirm)()%0dx>v3dm0s,url_navigation,0
<html%0dOnpoinTEreNter%0a=%0aconfirm()%0dx>,html_tag,0
<html%0dOnpoinTEreNter%0a=%0aconfirm()%0dx>,html_attribute,0
<html%0dOnpoinTEreNter%0a=%0aconfirm()%0dx>,html_text,0
<html%0dOnpoinTEreNter%0a=%0aconfirm()%0dx>,script_block,0
<html%0dOnpoinTEreNter%0a=%0aconfirm()%0dx>,comment,0
<html%0dOnpoinTEreNter%0a=%0aconfirm()%0dx>,url_href,0
<html%0dOnpoinTEreNter%0a=%0aconfirm()%0dx>,url_navigation,0
"<D3V%0donPoiNTerenTeR%0a=%0aa=prompt,a()>v3dm0s",html_tag,1
"<D3V%0donPoiNTerenTeR%0a=%0aa=prompt,a()>v3dm0s",html_attribute,0
"<D3V%0donPoiNTerenTeR%0a=%0aa=prompt,a()>v3dm0s",html_text,1
"<D3V%0donPoiNTerenTeR%0a=%0aa=prompt,a()>v3dm0s",script_block,0
"<D3V%0donPoiNTerenTeR%0a=%0aa=prompt,a()>v3dm0s",comment,0
"<D3V%0donPoiNTerenTeR%0a=%0aa=prompt,a()>v3dm0s",url_href,0
"<D3V%0donPoiNTerenTeR%0a=%0aa=prompt,a()>v3dm0s",url_navigation,0
"<d3v%0dONpOiNTereNTEr%0d=%0da=prompt,a()>v3dm0s",html_tag,1
"<d3v%0dONpOiNTereNTEr%0d=%0da=prompt,a()>v3dm0s",html_attribute,0
"<d3v%0dONpOiNTereNTEr%0d=%0da=prompt,a()>v3dm0s",html_text,1
"<d3v%0dONpOiNTereNTEr%0d=%0da=prompt,a()>v3dm0s",script_block,0
"<d3v%0dONpOiNTereNTEr%0d=%0da=prompt,a()>v3dm0s",comment,0
"<d3v%0dONpOiNTereNTEr%0d=%0da=prompt,a()>v3dm0s",url_href,0
"<d3v%0dONpOiNTereNTEr%0d=%0da=prompt,a()>v3dm0s",url_navigation,0
<htmL%0doNmOUseOVEr+=+(confirm)()%0dx//,html_tag,0
<htmL%0doNmOUseOVEr+=+(confirm)()%0dx//,html_attribute,0
<htmL%0doNmOUseOVEr+=+(confirm)()%0dx//,html_text,0
<htmL%0doNmOUseOVEr+=+(confirm)()%0dx//,script_block,0
<htmL%0doNmOUseOVEr+=+(confirm)()%0dx//,comment,0
<htmL%0doNmOUseOVEr+=+(confirm)()%0dx//,url_href,0
<htmL%0doNmOUseOVEr+=+(confirm)()%0dx//,url_navigation,0
<a%0dOnPoINTerenTer%0a=%0a(prompt)``>v3dm0s,html_tag,1
<a%0dOnPoINTerenTer%0a=%0a(prompt)``>v3dm0s,html_attribute,0
<a%0dOnPoINTerenTer%0a=%0a(prompt)``>v3dm0s,html_text,1
<a%0dOnPoINTerenTer%0a=%0a(prompt)``>v3dm0s,script_block,0
<a%0dOnPoINTerenTer%0a=%0a(prompt)``>v3dm0s,comment,0
<a%0dOnPoINTerenTer%0a=%0a(prompt)``>v3dm0s,url_href,0
<a%0dOnPoINTerenTer%0a=%0a(prompt)``>v3dm0s,url_navigation,0
<deTailS%0dONpoINTeReNteR%09=%09confirm()>,html_tag,0
<deTailS%0dONpoINTeReNteR%09=%09confirm()>,html_attribute,0
<deTailS%0dONpoINTeReNteR%09=%09confirm()>,html_text,0
<deTailS%0dONpoINTeReNteR%09=%09confirm()>,script_block,0
<deTailS%0dONpoINTeReNteR%09=%09confirm()>,comment,0
<deTailS%0dONpoINTeReNteR%09=%09confirm()>,url_href,0
<deTailS%0dONpoINTeReNteR%09=%09confirm()>,url_navigation,0
<hTMl/+/OnmouseOvER%0d=%0dconfirm()>,html_tag,0
<hTMl/+/OnmouseOvER%0d=%0dconfirm()>,html_attribute,0
<hTMl/+/OnmouseOvER%0d=%0dconfirm()>,html_text,0
<hTMl/+/OnmouseOvER%0d=%0dconfirm()>,script_block,0
<hTMl/+/OnmouseOvER%0d=%0dconfirm()>,comment,0
<hTMl/+/OnmouseOvER%0d=%0dconfirm()>,url_href,0
<hTMl/+/OnmouseOvER%0d=%0dconfirm()>,url_navigation,0
<deTAiLs%0aonPoinTeRenteR+=+confirm()%0dx//,html_tag,0
<deTAiLs%0aonPoinTeRenteR+=+confirm()%0dx//,html_attribute,0
<deTAiLs%0aonPoinTeRenteR+=+confirm()%0dx//,html_text,0
<deTAiLs%0aonPoinTeRenteR+=+confirm()%0dx//,script_block,0
<deTAiLs%0aonPoinTeRenteR+=+confirm()%0dx//,comment,0
<deTAiLs%0aonPoinTeRenteR+=+confirm()%0dx//,url_href,0
<deTAiLs%0aonPoinTeRenteR+=+confirm()%0dx//,url_navigation,0
<d3V%0aoNmoUseoVer%09=%09confirm()>v3dm0s,html_tag,1
<d3V%0aoNmoUseoVer%09=%09confirm()>v3dm0s,html_attribute,0
<d3V%0aoNmoUseoVer%09=%09confirm()>v3dm0s,html_text,1
<d3V%0aoNmoUseoVer%09=%09confirm()>v3dm0s,script_block,0
<d3V%0aoNmoUseoVer%09=%09confirm()>v3dm0s,comment,0
<d3V%0aoNmoUseoVer%09=%09confirm()>v3dm0s,url_href,0
<d3V%0aoNmoUseoVer%09=%09confirm()>v3dm0s,url_navigation,0
<Html/+/OnpoINterENTEr%0d=%0dconfirm()%0dx//,html_tag,0
<Html/+/OnpoINterENTEr%0d=%0dconfirm()%0dx//,html_attribute,0
<Html/+/OnpoINterENTEr%0d=%0dconfirm()%0dx//,html_text,0
<Html/+/OnpoINterENTEr%0d=%0dconfirm()%0dx//,script_block,0
<Html/+/OnpoINterENTEr%0d=%0dconfirm()%0dx//,comment,0
<Html/+/OnpoINterENTEr%0d=%0dconfirm()%0dx//,url_href,0
<Html/+/OnpoINterENTEr%0d=%0dconfirm()%0dx//,url_navigation,0
<DeTaIlS%09oNtoGgLe%0a=%0a(prompt)``%0dx>,html_tag,0
<DeTaIlS%09oNtoGgLe%0a=%0a(prompt)``%0dx>,html_attribute,0
<DeTaIlS%09oNtoGgLe%0a=%0a(prompt)``%0dx>,html_text,0
<DeTaIlS%09oNtoGgLe%0a=%0a(prompt)``%0dx>,script_block,0
<DeTaIlS%09oNtoGgLe%0a=%0a(prompt)``%0dx>,comment,0
<DeTaIlS%09oNtoGgLe%0a=%0a(prompt)``%0dx>,url_href,0
<DeTaIlS%09oNtoGgLe%0a=%0a(prompt)``%0dx>,url_navigation,0
<D3v%09OnPoINTErEntEr%09=%09confirm()>v3dm0s,html_tag,1
<D3v%09OnPoINTErEntEr%09=%09confirm()>v3dm0s,html_attribute,0
<D3v%09OnPoINTErEntEr%09=%09confirm()>v3dm0s,html_text,1
<D3v%09OnPoINTErEntEr%09=%09confirm()>v3dm0s,script_block,0
<D3v%09OnPoINTErEntEr%09=%09confirm()>v3dm0s,comment,0
<D3v%09OnPoINTErEntEr%09=%09confirm()>v3dm0s,url_href,0
<D3v%09OnPoINTErEntEr%09=%09confirm()>v3dm0s,url_navigation,0
<D3v%09ONmouseover+=+confirm()%0dx>v3dm0s,html_tag,0
<D3v%09ONmouseover+=+confirm()%0dx>v3dm0s,html_attribute,0
<D3v%09ONmouseover+=+confirm()%0dx>v3dm0s,html_text,0
<D3v%09ONmouseover+=+confirm()%0dx>v3dm0s,script_block,0
<D3v%09ONmouseover+=+confirm()%0dx>v3dm0s,comment,0
<D3v%09ONmouseover+=+confirm()%0dx>v3dm0s,url_href,0
<D3v%09ONmouseover+=+confirm()%0dx>v3dm0s,url_navigation,0
<HTmL%09ONPOiNTEReNter%0d=%0dconfirm()%0dx>,html_tag,0
<HTmL%09ONPOiNTEReNter%0d=%0dconfirm()%0dx>,html_attribute,0
<HTmL%09ONPOiNTEReNter%0d=%0dconfirm()%0dx>,html_text,0
<HTmL%09ONPOiNTEReNter%0d=%0dconfirm()%0dx>,script_block,0
<HTmL%09ONPOiNTEReNter%0d=%0dconfirm()%0dx>,comment,0
<HTmL%09ONPOiNTEReNter%0d=%0dconfirm()%0dx>,url_href,0
<HTmL%09ONPOiNTEReNter%0d=%0dconfirm()%0dx>,url_navigation,0
<A%09OnPoInterenter%0a=%0a[8].find(confirm)%0dx>v3dm0s,html_tag,1
<A%09OnPoInterenter%0a=%0a[8].find(confirm)%0dx>v3dm0s,html_attribute,0
<A%09OnPoInterenter%0a=%0a[8].find(confirm)%0dx>v3dm0s,html_text,1
<A%09OnPoInterenter%0a=%0a[8].find(confirm)%0dx>v3dm0s,script_block,0
<A%09OnPoInterenter%0a=%0a[8].find(confirm)%0dx>v3dm0s,comment,0
<A%09OnPoInterenter%0a=%0a[8].find(confirm)%0dx>v3dm0s,url_href,0
<A%09OnPoInterenter%0a=%0a[8].find(confirm)%0dx>v3dm0s,url_navigation,0
<a%09ONmoUsEoVeR%0a=%0a[8].find(confirm)>v3dm0s,html_tag,1
<a%09ONmoUsEoVeR%0a=%0a[8].find(confirm)>v3dm0s,html_attribute,0
<a%09ONmoUsEoVeR%0a=%0a[8].find(confirm)>v3dm0s,html_text,1
<a%09ONmoUsEoVeR%0a=%0a[8].find(confirm)>v3dm0s,script_block,0
<a%09ONmoUsEoVeR%0a=%0a[8].find(confirm)>v3dm0s,comment,0
<a%09ONmoUsEoVeR%0a=%0a[8].find(confirm)>v3dm0s,url_href,0
<a%09ONmoUsEoVeR%0a=%0a[8].find(confirm)>v3dm0s,url_navigation,0
<hTMl%0aoNpointeREnter+=+[8].find(confirm)//,html_tag,0
<hTMl%0aoNpointeREnter+=+[8].find(confirm)//,html_attribute,0
<hTMl%0aoNpointeREnter+=+[8].find(confirm)//,html_text,0
<hTMl%0aoNpointeREnter+=+[8].find(confirm)//,script_block,0
<hTMl%0aoNpointeREnter+=+[8].find(confirm)//,comment,0
<hTMl%0aoNpointeREnter+=+[8].find(confirm)//,url_href,0
<hTMl%0aoNpointeREnter+=+[8].find(confirm)//,url_navigation,0
"<DETAiLS%0aontoggLE+=+a=prompt,a()>",html_tag,0
"<DETAiLS%0aontoggLE+=+a=prompt,a()>",html_attribute,0
"<DETAiLS%0aontoggLE+=+a=prompt,a()>",html_text,0
"<DETAiLS%0aontoggLE+=+a=prompt,a()>",script_block,0
"<DETAiLS%0aontoggLE+=+a=prompt,a()>",comment,0
"<DETAiLS%0aontoggLE+=+a=prompt,a()>",url_href,0
"<DETAiLS%0aontoggLE+=+a=prompt,a()>",url_navigation,0
<htML/+/OnMOusEOvER%0d=%0d(confirm)()%0dx>,html_tag,0
<htML/+/OnMOusEOvER%0d=%0d(confirm)()%0dx>,html_attribute,0
<htML/+/OnMOusEOvER%0d=%0d(confirm)()%0dx>,html_text,0
<htML/+/OnMOusEOvER%0d=%0d(confirm)()%0dx>,script_block,0
<htML/+/OnMOusEOvER%0d=%0d(confirm)()%0dx>,comment,0
<htML/+/OnMOusEOvER%0d=%0d(confirm)()%0dx>,url_href,0
<htML/+/OnMOusEOvER%0d=%0d(confirm)()%0dx>,url_navigation,0
<dETAiLS%0donPointErenTER%0a=%0a(prompt)``%0dx//,html_tag,0
<dETAiLS%0donPointErenTER%0a=%0a(prompt)``%0dx//,html_attribute,0
<dETAiLS%0donPointErenTER%0a=%0a(prompt)``%0dx//,html_text,0
<dETAiLS%0donPointErenTER%0a=%0a(prompt)``%0dx//,script_block,0
<dETAiLS%0donPointErenTER%0a=%0a(prompt)``%0dx//,comment,0
<dETAiLS%0donPointErenTER%0a=%0a(prompt)``%0dx//,url_href,0
<dETAiLS%0donPointErenTER%0a=%0a(prompt)``%0dx//,url_navigation,0
<HtMl/+/onpOINTERenTER%09=%09[8].find(confirm)%0dx//,html_tag,0
<HtMl/+/onpOINTERenTER%09=%09[8].find(confirm)%0dx//,html_attribute,0
<HtMl/+/onpOINTERenTER%09=%09[8].find(confirm)%0dx//,html_text,0
<HtMl/+/onpOINTERenTER%09=%09[8].find(confirm)%0dx//,script_block,0
<HtMl/+/onpOINTERenTER%09=%09[8].find(confirm)%0dx//,comment,0
<HtMl/+/onpOINTERenTER%09=%09[8].find(confirm)%0dx//,url_href,0
<HtMl/+/onpOINTERenTER%09=%09[8].find(confirm)%0dx//,url_navigation,0
<d3V/+/oNPOiNtERenTeR%0d=%0d(confirm)()%0dx>v3dm0s,html_tag,1
<d3V/+/oNPOiNtERenTeR%0d=%0d(confirm)()%0dx>v3dm0s,html_attribute,0
<d3V/+/oNPOiNtERenTeR%0d=%0d(confirm)()%0dx>v3dm0s,html_text,1
<d3V/+/oNPOiNtERenTeR%0d=%0d(confirm)()%0dx>v3dm0s,script_block,0
<d3V/+/oNPOiNtERenTeR%0d=%0d(confirm)()%0dx>v3dm0s,comment,0
<d3V/+/oNPOiNtERenTeR%0d=%0d(confirm)()%0dx>v3dm0s,url_href,0
<d3V/+/oNPOiNtERenTeR%0d=%0d(confirm)()%0dx>v3dm0s,url_navigation,0
<A%0aoNmouseoVeR%0a=%0a(prompt)``%0dx>v3dm0s,html_tag,1
<A%0aoNmouseoVeR%0a=%0a(prompt)``%0dx>v3dm0s,html_attribute,0
<A%0aoNmouseoVeR%0a=%0a(prompt)``%0dx>v3dm0s,html_text,1
<A%0aoNmouseoVeR%0a=%0a(prompt)``%0dx>v3dm0s,script_block,0
<A%0aoNmouseoVeR%0a=%0a(prompt)``%0dx>v3dm0s,comment,0
<A%0aoNmouseoVeR%0a=%0a(prompt)``%0dx>v3dm0s,url_href,0
<A%0aoNmouseoVeR%0a=%0a(prompt)``%0dx>v3dm0s,url_navigation,0
<detAILS%09oNpOinTerenTER%0d=%0d[8].find(confirm)//,html_tag,0
<detAILS%09oNpOinTerenTER%0d=%0d[8].find(confirm)//,html_attribute,0
<detAILS%09oNpOinTerenTER%0d=%0d[8].find(confirm)//,html_text,0
<detAILS%09oNpOinTerenTER%0d=%0d[8].find(confirm)//,script_block,0
<detAILS%09oNpOinTerenTER%0d=%0d[8].find(confirm)//,comment,0
<detAILS%09oNpOinTerenTER%0d=%0d[8].find(confirm)//,url_href,0
<detAILS%09oNpOinTerenTER%0d=%0d[8].find(confirm)//,url_navigation,0
<Html%09OnPoiNTErENTer%09=%09(confirm)()>,html_tag,0
<Html%09OnPoiNTErENTer%09=%09(confirm)()>,html_attribute,0
<Html%09OnPoiNTErENTer%09=%09(confirm)()>,html_text,0
<Html%09OnPoiNTErENTer%09=%09(confirm)()>,script_block,0
<Html%09OnPoiNTErENTer%09=%09(confirm)()>,comment,0
<Html%09OnPoiNTErENTer%09=%09(confirm)()>,url_href,0
<Html%09OnPoiNTErENTer%09=%09(confirm)()>,url_navigation,0
<htML/+/ONPoiNTeReNTEr%0a=%0a(confirm)()>,html_tag,0
<htML/+/ONPoiNTeReNTEr%0a=%0a(confirm)()>,html_attribute,0
<htML/+/ONPoiNTeReNTEr%0a=%0a(confirm)()>,html_text,0
<htML/+/ONPoiNTeReNTEr%0a=%0a(confirm)()>,script_block,0
<htML/+/ONPoiNTeReNTEr%0a=%0a(confirm)()>,comment,0
<htML/+/ONPoiNTeReNTEr%0a=%0a(confirm)()>,url_href,0
<htML/+/ONPoiNTeReNTEr%0a=%0a(confirm)()>,url_navigation,0
<a%09ONMOUSeOver%0d=%0dconfirm()%0dx>v3dm0s,html_tag,1
<a%09ONMOUSeOver%0d=%0dconfirm()%0dx>v3dm0s,html_attribute,0
<a%09ONMOUSeOver%0d=%0dconfirm()%0dx>v3dm0s,html_text,1
<a%09ONMOUSeOver%0d=%0dconfirm()%0dx>v3dm0s,script_block,0
<a%09ONMOUSeOver%0d=%0dconfirm()%0dx>v3dm0s,comment,0
<a%09ONMOUSeOver%0d=%0dconfirm()%0dx>v3dm0s,url_href,0
<a%09ONMOUSeOver%0d=%0dconfirm()%0dx>v3dm0s,url_navigation,0
<A%0dOnmouSeOvER%0a=%0a[8].find(confirm)%0dx>v3dm0s,html_tag,1
<A%0dOnmouSeOvER%0a=%0a[8].find(confirm)%0dx>v3dm0s,html_attribute,0
<A%0dOnmouSeOvER%0a=%0a[8].find(confirm)%0dx>v3dm0s,html_text,1
<A%0dOnmouSeOvER%0a=%0a[8].find(confirm)%0dx>v3dm0s,script_block,0
<A%0dOnmouSeOvER%0a=%0a[8].find(confirm)%0dx>v3dm0s,comment,0
<A%0dOnmouSeOvER%0a=%0a[8].find(confirm)%0dx>v3dm0s,url_href,0
<A%0dOnmouSeOvER%0a=%0a[8].find(confirm)%0dx>v3dm0s,url_navigation,0
<D3V%0dOnPOInterENtER%09=%09(confirm)()>v3dm0s,html_tag,1
<D3V%0dOnPOInterENtER%09=%09(confirm)()>v3dm0s,html_attribute,0
<D3V%0dOnPOInterENtER%09=%09(confirm)()>v3dm0s,html_text,1
<D3V%0dOnPOInterENtER%09=%09(confirm)()>v3dm0s,script_block,0
<D3V%0dOnPOInterENtER%09=%09(confirm)()>v3dm0s,comment,0
<D3V%0dOnPOInterENtER%09=%09(confirm)()>v3dm0s,url_href,0
<D3V%0dOnPOInterENtER%09=%09(confirm)()>v3dm0s,url_navigation,0
"<a%09OnpOiNtErenter%0a=%0aa=prompt,a()%0dx>v3dm0s",html_tag,1
"<a%09OnpOiNtErenter%0a=%0aa=prompt,a()%0dx>v3dm0s",html_attribute,0
"<a%09OnpOiNtErenter%0a=%0aa=prompt,a()%0dx>v3dm0s",html_text,1
"<a%09OnpOiNtErenter%0a=%0aa=prompt,a()%0dx>v3dm0s",script_block,0
"<a%09OnpOiNtErenter%0a=%0aa=prompt,a()%0dx>v3dm0s",comment,0
"<a%09OnpOiNtErenter%0a=%0aa=prompt,a()%0dx>v3dm0s",url_href,0
"<a%09OnpOiNtErenter%0a=%0aa=prompt,a()%0dx>v3dm0s",url_navigation,0
<htMl%0aONpoiNtEREnTer%09=%09confirm()%0dx>,html_tag,0
<htMl%0aONpoiNtEREnTer%09=%09confirm()%0dx>,html_attribute,0
<htMl%0aONpoiNtEREnTer%09=%09confirm()%0dx>,html_text,0
<htMl%0aONpoiNtEREnTer%09=%09confirm()%0dx>,script_block,0
<htMl%0aONpoiNtEREnTer%09=%09confirm()%0dx>,comment,0
<htMl%0aONpoiNtEREnTer%09=%09confirm()%0dx>,url_href,0
<htMl%0aONpoiNtEREnTer%09=%09confirm()%0dx>,url_navigation,0
<D3v%0aonmOUSeOvER%0a=%0a(prompt)``>v3dm0s,html_tag,1
<D3v%0aonmOUSeOvER%0a=%0a(prompt)``>v3dm0s,html_attribute,0
<D3v%0aonmOUSeOvER%0a=%0a(prompt)``>v3dm0s,html_text,1
<D3v%0aonmOUSeOvER%0a=%0a(prompt)``>v3dm0s,script_block,0
<D3v%0aonmOUSeOvER%0a=%0a(prompt)``>v3dm0s,comment,0
<D3v%0aonmOUSeOvER%0a=%0a(prompt)``>v3dm0s,url_href,0
<D3v%0aonmOUSeOvER%0a=%0a(prompt)``>v3dm0s,url_navigation,0
<D3V%09OnmOuSeOvER%0a=%0aconfirm()%0dx>v3dm0s,html_tag,1
<D3V%09OnmOuSeOvER%0a=%0aconfirm()%0dx>v3dm0s,html_attribute,0
<D3V%09OnmOuSeOvER%0a=%0aconfirm()%0dx>v3dm0s,html_text,1
<D3V%09OnmOuSeOvER%0a=%0aconfirm()%0dx>v3dm0s,script_block,0
<D3V%09OnmOuSeOvER%0a=%0aconfirm()%0dx>v3dm0s,comment,0
<D3V%09OnmOuSeOvER%0a=%0aconfirm()%0dx>v3dm0s,url_href,0
<D3V%09OnmOuSeOvER%0a=%0aconfirm()%0dx>v3dm0s,url_navigation,0
<DeTAILs/+/OnPOInTEreNtER%0d=%0d[8].find(confirm)>,html_tag,0
<DeTAILs/+/OnPOInTEreNtER%0d=%0d[8].find(confirm)>,html_attribute,0
<DeTAILs/+/OnPOInTEreNtER%0d=%0d[8].find(confirm)>,html_text,0
<DeTAILs/+/OnPOInTEreNtER%0d=%0d[8].find(confirm)>,script_block,0
<DeTAILs/+/OnPOInTEreNtER%0d=%0d[8].find(confirm)>,comment,0
<DeTAILs/+/OnPOInTEreNtER%0d=%0d[8].find(confirm)>,url_href,0
<DeTAILs/+/OnPOInTEreNtER%0d=%0d[8].find(confirm)>,url_navigation,0
<a%09OnMOUsEOVer%0d=%0dconfirm()>v3dm0s,html_tag,1
<a%09OnMOUsEOVer%0d=%0dconfirm()>v3dm0s,html_attribute,0
<a%09OnMOUsEOVer%0d=%0dconfirm()>v3dm0s,html_text,1
<a%09OnMOUsEOVer%0d=%0dconfirm()>v3dm0s,script_block,0
<a%09OnMOUsEOVer%0d=%0dconfirm()>v3dm0s,comment,0
<a%09OnMOUsEOVer%0d=%0dconfirm()>v3dm0s,url_href,0
<a%09OnMOUsEOVer%0d=%0dconfirm()>v3dm0s,url_navigation,0
<DetAils%09ONPoinTeRenTER+=+confirm()%0dx>,html_tag,0
<DetAils%09ONPoinTeRenTER+=+confirm()%0dx>,html_attribute,0
<DetAils%09ONPoinTeRenTER+=+confirm()%0dx>,html_text,0
<DetAils%09ONPoinTeRenTER+=+confirm()%0dx>,script_block,0
<DetAils%09ONPoinTeRenTER+=+confirm()%0dx>,comment,0
<DetAils%09ONPoinTeRenTER+=+confirm()%0dx>,url_href,0
<DetAils%09ONPoinTeRenTER+=+confirm()%0dx>,url_navigation,0
"<hTml%09oNMOuseoVEr%0a=%0aa=prompt,a()%0dx>",html_tag,0
"<hTml%09oNMOuseoVEr%0a=%0aa=prompt,a()%0dx>",html_attribute,0
"<hTml%09oNMOuseoVEr%0a=%0aa=prompt,a()%0dx>",html_text,0
"<hTml%09oNMOuseoVEr%0a=%0aa=prompt,a()%0dx>",script_block,0
"<hTml%09oNMOuseoVEr%0a=%0aa=prompt,a()%0dx>",comment,0
"<hTml%09oNMOuseoVEr%0a=%0aa=prompt,a()%0dx>",url_href,0
"<hTml%09oNMOuseoVEr%0a=%0aa=prompt,a()%0dx>",url_navigation,0
<A%0aOnpOiNTEREnTer%0d=%0d(confirm)()%0dx>v3dm0s,html_tag,1
<A%0aOnpOiNTEREnTer%0d=%0d(confirm)()%0dx>v3dm0s,html_attribute,0
<A%0aOnpOiNTEREnTer%0d=%0d(confirm)()%0dx>v3dm0s,html_text,1
<A%0aOnpOiNTEREnTer%0d=%0d(confirm)()%0dx>v3dm0s,script_block,0
<A%0aOnpOiNTEREnTer%0d=%0d(confirm)()%0dx>v3dm0s,comment,0
<A%0aOnpOiNTEREnTer%0d=%0d(confirm)()%0dx>v3dm0s,url_href,0
<A%0aOnpOiNTEREnTer%0d=%0d(confirm)()%0dx>v3dm0s,url_navigation,0
<detaiLs/+/OnpOinTerENtEr%0a=%0aconfirm()%0dx//,html_tag,0
<detaiLs/+/OnpOinTerENtEr%0a=%0aconfirm()%0dx//,html_attribute,0
<detaiLs/+/OnpOinTerENtEr%0a=%0aconfirm()%0dx//,html_text,0
<detaiLs/+/OnpOinTerENtEr%0a=%0aconfirm()%0dx//,script_block,0
<detaiLs/+/OnpOinTerENtEr%0a=%0aconfirm()%0dx//,comment,0
<detaiLs/+/OnpOinTerENtEr%0a=%0aconfirm()%0dx//,url_href,0
<detaiLs/+/OnpOinTerENtEr%0a=%0aconfirm()%0dx//,url_navigation,0
<a%0donpoInTerENtER+=+confirm()>v3dm0s,html_tag,0
<a%0donpoInTerENtER+=+confirm()>v3dm0s,html_attribute,0
<a%0donpoInTerENtER+=+confirm()>v3dm0s,html_text,0
<a%0donpoInTerENtER+=+confirm()>v3dm0s,script_block,0
<a%0donpoInTerENtER+=+confirm()>v3dm0s,comment,0
<a%0donpoInTerENtER+=+confirm()>v3dm0s,url_href,0
<a%0donpoInTerENtER+=+confirm()>v3dm0s,url_navigation,0
"<D3V%0dONMOUSEOVEr+=+a=prompt,a()%0dx>v3dm0s",html_tag,0
"<D3V%0dONMOUSEOVEr+=+a=prompt,a()%0dx>v3dm0s",html_attribute,0
"<D3V%0dONMOUSEOVEr+=+a=prompt,a()%0dx>v3dm0s",html_text,0
"<D3V%0dONMOUSEOVEr+=+a=prompt,a()%0dx>v3dm0s",script_block,0
"<D3V%0dONMOUSEOVEr+=+a=prompt,a()%0dx>v3dm0s",comment,0
"<D3V%0dONMOUSEOVEr+=+a=prompt,a()%0dx>v3dm0s",url_href,0
"<D3V%0dONMOUSEOVEr+=+a=prompt,a()%0dx>v3dm0s",url_navigation,0
<details%0dONtoGGle+=+[8].find(confirm)//,html_tag,0
<details%0dONtoGGle+=+[8].find(confirm)//,html_attribute,0
<details%0dONtoGGle+=+[8].find(confirm)//,html_text,0
<details%0dONtoGGle+=+[8].find(confirm)//,script_block,0
<details%0dONtoGGle+=+[8].find(confirm)//,comment,0
<details%0dONtoGGle+=+[8].find(confirm)//,url_href,0
<details%0dONtoGGle+=+[8].find(confirm)//,url_navigation,0
"<detAIls%0donpOInterENteR%0d=%0da=prompt,a()//",html_tag,0
"<detAIls%0donpOInterENteR%0d=%0da=prompt,a()//",html_attribute,0
"<detAIls%0donpOInterENteR%0d=%0da=prompt,a()//",html_text,0
"<detAIls%0donpOInterENteR%0d=%0da=prompt,a()//",script_block,0
"<detAIls%0donpOInterENteR%0d=%0da=prompt,a()//",comment,0
"<detAIls%0donpOInterENteR%0d=%0da=prompt,a()//",url_href,0
"<detAIls%0donpOInterENteR%0d=%0da=prompt,a()//",url_navigation,0
<a%0dONmoUSeOver+=+confirm()>v3dm0s,html_tag,0
<a%0dONmoUSeOver+=+confirm()>v3dm0s,html_attribute,0
<a%0dONmoUSeOver+=+confirm()>v3dm0s,html_text,0
<a%0dONmoUSeOver+=+confirm()>v3dm0s,script_block,0
<a%0dONmoUSeOver+=+confirm()>v3dm0s,comment,0
<a%0dONmoUSeOver+=+confirm()>v3dm0s,url_href,0
<a%0dONmoUSeOver+=+confirm()>v3dm0s,url_navigation,0
<htmL%09onmOuseoveR%0d=%0d[8].find(confirm)//,html_tag,0
<htmL%09onmOuseoveR%0d=%0d[8].find(confirm)//,html_attribute,0
<htmL%09onmOuseoveR%0d=%0d[8].find(confirm)//,html_text,0
<htmL%09onmOuseoveR%0d=%0d[8].find(confirm)//,script_block,0
<htmL%09onmOuseoveR%0d=%0d[8].find(confirm)//,comment,0
<htmL%09onmOuseoveR%0d=%0d[8].find(confirm)//,url_href,0
<htmL%09onmOuseoveR%0d=%0d[8].find(confirm)//,url_navigation,0
<HTMl%09oNmouSeOVEr+=+(confirm)()%0dx//,html_tag,0
<HTMl%09oNmouSeOVEr+=+(confirm)()%0dx//,html_attribute,0
<HTMl%09oNmouSeOVEr+=+(confirm)()%0dx//,html_text,0
<HTMl%09oNmouSeOVEr+=+(confirm)()%0dx//,script_block,0
<HTMl%09oNmouSeOVEr+=+(confirm)()%0dx//,comment,0
<HTMl%09oNmouSeOVEr+=+(confirm)()%0dx//,url_href,0
<HTMl%09oNmouSeOVEr+=+(confirm)()%0dx//,url_navigation,0
<DETAiLs%0dONToGgLE%09=%09confirm()%0dx>,html_tag,0
<DETAiLs%0dONToGgLE%09=%09confirm()%0dx>,html_attribute,0
<DETAiLs%0dONToGgLE%09=%09confirm()%0dx>,html_text,0
<DETAiLs%0dONToGgLE%09=%09confirm()%0dx>,script_block,0
<DETAiLs%0dONToGgLE%09=%09confirm()%0dx>,comment,0
<DETAiLs%0dONToGgLE%09=%09confirm()%0dx>,url_href,0
<DETAiLs%0dONToGgLE%09=%09confirm()%0dx>,url_navigation,0
<hTmL%0dONpoINTErentER%0d=%0d(confirm)()%0dx//,html_tag,0
<hTmL%0dONpoINTErentER%0d=%0d(confirm)()%0dx//,html_attribute,0
<hTmL%0dONpoINTErentER%0d=%0d(confirm)()%0dx//,html_text,0
<hTmL%0dONpoINTErentER%0d=%0d(confirm)()%0dx//,script_block,0
<hTmL%0dONpoINTErentER%0d=%0d(confirm)()%0dx//,comment,0
<hTmL%0dONpoINTErentER%0d=%0d(confirm)()%0dx//,url_href,0
<hTmL%0dONpoINTErentER%0d=%0d(confirm)()%0dx//,url_navigation,0
<A/+/oNmOuseovER%09=%09confirm()>v3dm0s,html_tag,1
<A/+/oNmOuseovER%09=%09confirm()>v3dm0s,html_attribute,0
<A/+/oNmOuseovER%09=%09confirm()>v3dm0s,html_text,1
<A/+/oNmOuseovER%09=%09confirm()>v3dm0s,script_block,0
<A/+/oNmOuseovER%09=%09confirm()>v3dm0s,comment,0
<A/+/oNmOuseovER%09=%09confirm()>v3dm0s,url_href,0
<A/+/oNmOuseovER%09=%09confirm()>v3dm0s,url_navigation,0
<A%09ONpOIntereNtER%09=%09confirm()%0dx>v3dm0s,html_tag,1
<A%09ONpOIntereNtER%09=%09confirm()%0dx>v3dm0s,html_attribute,0
<A%09ONpOIntereNtER%09=%09confirm()%0dx>v3dm0s,html_text,1
<A%09ONpOIntereNtER%09=%09confirm()%0dx>v3dm0s,script_block,0
<A%09ONpOIntereNtER%09=%09confirm()%0dx>v3dm0s,comment,0
<A%09ONpOIntereNtER%09=%09confirm()%0dx>v3dm0s,url_href,0
<A%09ONpOIntereNtER%09=%09confirm()%0dx>v3dm0s,url_navigation,0
<dETaIls%09ONpoiNtEreNteR%0a=%0a[8].find(confirm)%0dx//,html_tag,0
<dETaIls%09ONpoiNtEreNteR%0a=%0a[8].find(confirm)%0dx//,html_attribute,0
<dETaIls%09ONpoiNtEreNteR%0a=%0a[8].find(confirm)%0dx//,html_text,0
<dETaIls%09ONpoiNtEreNteR%0a=%0a[8].find(confirm)%0dx//,script_block,0
<dETaIls%09ONpoiNtEreNteR%0a=%0a[8].find(confirm)%0dx//,comment,0
<dETaIls%09ONpoiNtEreNteR%0a=%0a[8].find(confirm)%0dx//,url_href,0
<dETaIls%09ONpoiNtEreNteR%0a=%0a[8].find(confirm)%0dx//,url_navigation,0
<d3v%09onMouSeoveR+=+confirm()>v3dm0s,html_tag,0
<d3v%09onMouSeoveR+=+confirm()>v3dm0s,html_attribute,0
<d3v%09onMouSeoveR+=+confirm()>v3dm0s,html_text,0
<d3v%09onMouSeoveR+=+confirm()>v3dm0s,script_block,0
<d3v%09onMouSeoveR+=+confirm()>v3dm0s,comment,0
<d3v%09onMouSeoveR+=+confirm()>v3dm0s,url_href,0
<d3v%09onMouSeoveR+=+confirm()>v3dm0s,url_navigation,0
<DeTaILS%0dONpoIntERenter%09=%09(prompt)``%0dx>,html_tag,0
<DeTaILS%0dONpoIntERenter%09=%09(prompt)``%0dx>,html_attribute,0
<DeTaILS%0dONpoIntERenter%09=%09(prompt)``%0dx>,html_text,0
<DeTaILS%0dONpoIntERenter%09=%09(prompt)``%0dx>,script_block,0
<DeTaILS%0dONpoIntERenter%09=%09(prompt)``%0dx>,comment,0
<DeTaILS%0dONpoIntERenter%09=%09(prompt)``%0dx>,url_href,0
<DeTaILS%0dONpoIntERenter%09=%09(prompt)``%0dx>,url_navigation,0
<htmL%0aoNPoINteReNtEr%09=%09(confirm)()//,html_tag,0
<htmL%0aoNPoINteReNtEr%09=%09(confirm)()//,html_attribute,0
<htmL%0aoNPoINteReNtEr%09=%09(confirm)()//,html_text,0
<htmL%0aoNPoINteReNtEr%09=%09(confirm)()//,script_block,0
<htmL%0aoNPoINteReNtEr%09=%09(confirm)()//,comment,0
<htmL%0aoNPoINteReNtEr%09=%09(confirm)()//,url_href,0
<htmL%0aoNPoINteReNtEr%09=%09(confirm)()//,url_navigation,0
"<HtMl%09oNPoINteREntEr%0d=%0da=prompt,a()>",html_tag,0
"<HtMl%09oNPoINteREntEr%0d=%0da=prompt,a()>",html_attribute,0
"<HtMl%09oNPoINteREntEr%0d=%0da=prompt,a()>",html_text,0
"<HtMl%09oNPoINteREntEr%0d=%0da=prompt,a()>",script_block,0
"<HtMl%09oNPoINteREntEr%0d=%0da=prompt,a()>",comment,0
"<HtMl%09oNPoINteREntEr%0d=%0da=prompt,a()>",url_href,0
"<HtMl%09oNPoINteREntEr%0d=%0da=prompt,a()>",url_navigation,0
<HtMl%09ONmouseOVEr%0a=%0a(confirm)()%0dx//,html_tag,0
<HtMl%09ONmouseOVEr%0a=%0a(confirm)()%0dx//,html_attribute,0
<HtMl%09ONmouseOVEr%0a=%0a(confirm)()%0dx//,html_text,0
<HtMl%09ONmouseOVEr%0a=%0a(confirm)()%0dx//,script_block,0
<HtMl%09ONmouseOVEr%0a=%0a(confirm)()%0dx//,comment,0
<HtMl%09ONmouseOVEr%0a=%0a(confirm)()%0dx//,url_href,0
<HtMl%09ONmouseOVEr%0a=%0a(confirm)()%0dx//,url_navigation,0
<D3v/+/OnPoINtEreNtEr%0d=%0d[8].find(confirm)>v3dm0s,html_tag,1
<D3v/+/OnPoINtEreNtEr%0d=%0d[8].find(confirm)>v3dm0s,html_attribute,0
<D3v/+/OnPoINtEreNtEr%0d=%0d[8].find(confirm)>v3dm0s,html_text,1
<D3v/+/OnPoINtEreNtEr%0d=%0d[8].find(confirm)>v3dm0s,script_block,0
<D3v/+/OnPoINtEreNtEr%0d=%0d[8].find(confirm)>v3dm0s,comment,0
<D3v/+/OnPoINtEreNtEr%0d=%0d[8].find(confirm)>v3dm0s,url_href,0
<D3v/+/OnPoINtEreNtEr%0d=%0d[8].find(confirm)>v3dm0s,url_navigation,0
<D3V/+/onmOUseOVeR%0a=%0a(confirm)()%0dx>v3dm0s,html_tag,1
<D3V/+/onmOUseOVeR%0a=%0a(confirm)()%0dx>v3dm0s,html_attribute,0
<D3V/+/onmOUseOVeR%0a=%0a(confirm)()%0dx>v3dm0s,html_text,1
<D3V/+/onmOUseOVeR%0a=%0a(confirm)()%0dx>v3dm0s,script_block,0
<D3V/+/onmOUseOVeR%0a=%0a(confirm)()%0dx>v3dm0s,comment,0
<D3V/+/onmOUseOVeR%0a=%0a(confirm)()%0dx>v3dm0s,url_href,0
<D3V/+/onmOUseOVeR%0a=%0a(confirm)()%0dx>v3dm0s,url_navigation,0
<dEtAIlS%0aoNPOiNTEREnTEr+=+(confirm)()%0dx>,html_tag,0
<dEtAIlS%0aoNPOiNTEREnTEr+=+(confirm)()%0dx>,html_attribute,0
<dEtAIlS%0aoNPOiNTEREnTEr+=+(confirm)()%0dx>,html_text,0
<dEtAIlS%0aoNPOiNTEREnTEr+=+(confirm)()%0dx>,script_block,0
<dEtAIlS%0aoNPOiNTEREnTEr+=+(confirm)()%0dx>,comment,0
<dEtAIlS%0aoNPOiNTEREnTEr+=+(confirm)()%0dx>,url_href,0
<dEtAIlS%0aoNPOiNTEREnTEr+=+(confirm)()%0dx>,url_navigation,0
<HtmL%0aOnMOuSEOVER%09=%09confirm()//,html_tag,0
<HtmL%0aOnMOuSEOVER%09=%09confirm()//,html_attribute,0
<HtmL%0aOnMOuSEOVER%09=%09confirm()//,html_text,0
<HtmL%0aOnMOuSEOVER%09=%09confirm()//,script_block,0
<HtmL%0aOnMOuSEOVER%09=%09confirm()//,comment,0
<HtmL%0aOnMOuSEOVER%09=%09confirm()//,url_href,0
<HtmL%0aOnMOuSEOVER%09=%09confirm()//,url_navigation,0
<A/+/OnMouSEOVeR+=+[8].find(confirm)>v3dm0s,html_tag,0
<A/+/OnMouSEOVeR+=+[8].find(confirm)>v3dm0s,html_attribute,0
<A/+/OnMouSEOVeR+=+[8].find(confirm)>v3dm0s,html_text,0
<A/+/OnMouSEOVeR+=+[8].find(confirm)>v3dm0s,script_block,0
<A/+/OnMouSEOVeR+=+[8].find(confirm)>v3dm0s,comment,0
<A/+/OnMouSEOVeR+=+[8].find(confirm)>v3dm0s,url_href,0
<A/+/OnMouSEOVeR+=+[8].find(confirm)>v3dm0s,url_navigation,0
<htML/+/ONPOinTeRENtEr%09=%09(prompt)``%0dx//,html_tag,0
<htML/+/ONPOinTeRENtEr%09=%09(prompt)``%0dx//,html_attribute,0
<htML/+/ONPOinTeRENtEr%09=%09(prompt)``%0dx//,html_text,0
<htML/+/ONPOinTeRENtEr%09=%09(prompt)``%0dx//,script_block,0
<htML/+/ONPOinTeRENtEr%09=%09(prompt)``%0dx//,comment,0
<htML/+/ONPOinTeRENtEr%09=%09(prompt)``%0dx//,url_href,0
<htML/+/ONPOinTeRENtEr%09=%09(prompt)``%0dx//,url_navigation,0
<D3V%09OnpOintERenTER%09=%09(prompt)``%0dx>v3dm0s,html_tag,1
<D3V%09OnpOintERenTER%09=%09(prompt)``%0dx>v3dm0s,html_attribute,0
<D3V%09OnpOintERenTER%09=%09(prompt)``%0dx>v3dm0s,html_text,1
<D3V%09OnpOintERenTER%09=%09(prompt)``%0dx>v3dm0s,script_block,0
<D3V%09OnpOintERenTER%09=%09(prompt)``%0dx>v3dm0s,comment,0
<D3V%09OnpOintERenTER%09=%09(prompt)``%0dx>v3dm0s,url_href,0
<D3V%09OnpOintERenTER%09=%09(prompt)``%0dx>v3dm0s,url_navigation,0
<DETaIls%0dOnTOgGLe%09=%09[8].find(confirm)//,html_tag,0
<DETaIls%0dOnTOgGLe%09=%09[8].find(confirm)//,html_attribute,0
<DETaIls%0dOnTOgGLe%09=%09[8].find(confirm)//,html_text,0
<DETaIls%0dOnTOgGLe%09=%09[8].find(confirm)//,script_block,0
<DETaIls%0dOnTOgGLe%09=%09[8].find(confirm)//,comment,0
<DETaIls%0dOnTOgGLe%09=%09[8].find(confirm)//,url_href,0
<DETaIls%0dOnTOgGLe%09=%09[8].find(confirm)//,url_navigation,0
<A%0dONpoINterENTeR%0d=%0dconfirm()>v3dm0s,html_tag,1
<A%0dONpoINterENTeR%0d=%0dconfirm()>v3dm0s,html_attribute,0
<A%0dONpoINterENTeR%0d=%0dconfirm()>v3dm0s,html_text,1
<A%0dONpoINterENTeR%0d=%0dconfirm()>v3dm0s,script_block,0
<A%0dONpoINterENTeR%0d=%0dconfirm()>v3dm0s,comment,0
<A%0dONpoINterENTeR%0d=%0dconfirm()>v3dm0s,url_href,0
<A%0dONpoINterENTeR%0d=%0dconfirm()>v3dm0s,url_navigation,0
<hTmL%0dONMoUseoVER%0d=%0d(confirm)()>,html_tag,0
<hTmL%0dONMoUseoVER%0d=%0d(confirm)()>,html_attribute,0
<hTmL%0dONMoUseoVER%0d=%0d(confirm)()>,html_text,0
<hTmL%0dONMoUseoVER%0d=%0d(confirm)()>,script_block,0
<hTmL%0dONMoUseoVER%0d=%0d(confirm)()>,comment,0
<hTmL%0dONMoUseoVER%0d=%0d(confirm)()>,url_href,0
<hTmL%0dONMoUseoVER%0d=%0d(confirm)()>,url_navigation,0
<hTmL%0dONmoUSEover+=+(confirm)()%0dx>,html_tag,0
<hTmL%0dONmoUSEover+=+(confirm)()%0dx>,html_attribute,0
<hTmL%0dONmoUSEover+=+(confirm)()%0dx>,html_text,0
<hTmL%0dONmoUSEover+=+(confirm)()%0dx>,script_block,0
<hTmL%0dONmoUSEover+=+(confirm)()%0dx>,comment,0
<hTmL%0dONmoUSEover+=+(confirm)()%0dx>,url_href,0
<hTmL%0dONmoUSEover+=+(confirm)()%0dx>,url_navigation,0
<hTML%0donPOIntEREnTER%0d=%0dconfirm()%0dx//,html_tag,0
<hTML%0donPOIntEREnTER%0d=%0dconfirm()%0dx//,html_attribute,0
<hTML%0donPOIntEREnTER%0d=%0dconfirm()%0dx//,html_text,0
<hTML%0donPOIntEREnTER%0d=%0dconfirm()%0dx//,script_block,0
<hTML%0donPOIntEREnTER%0d=%0dconfirm()%0dx//,comment,0
<hTML%0donPOIntEREnTER%0d=%0dconfirm()%0dx//,url_href,0
<hTML%0donPOIntEREnTER%0d=%0dconfirm()%0dx//,url_navigation,0
"<A/+/oNmoUSEOVER%0d=%0da=prompt,a()>v3dm0s",html_tag,1
"<A/+/oNmoUSEOVER%0d=%0da=prompt,a()>v3dm0s",html_attribute,0
"<A/+/oNmoUSEOVER%0d=%0da=prompt,a()>v3dm0s",html_text,1
"<A/+/oNmoUSEOVER%0d=%0da=prompt,a()>v3dm0s",script_block,0
"<A/+/oNmoUSEOVER%0d=%0da=prompt,a()>v3dm0s",comment,0
"<A/+/oNmoUSEOVER%0d=%0da=prompt,a()>v3dm0s",url_href,0
"<A/+/oNmoUSEOVER%0d=%0da=prompt,a()>v3dm0s",url_navigation,0
<D3v/+/OnPOIntERentER+=+confirm()%0dx>v3dm0s,html_tag,0
<D3v/+/OnPOIntERentER+=+confirm()%0dx>v3dm0s,html_attribute,0
<D3v/+/OnPOIntERentER+=+confirm()%0dx>v3dm0s,html_text,0
<D3v/+/OnPOIntERentER+=+confirm()%0dx>v3dm0s,script_block,0
<D3v/+/OnPOIntERentER+=+confirm()%0dx>v3dm0s,comment,0
<D3v/+/OnPOIntERentER+=+confirm()%0dx>v3dm0s,url_href,0
<D3v/+/OnPOIntERentER+=+confirm()%0dx>v3dm0s,url_navigation,0
<d3V/+/ONmOUseOver%0a=%0aconfirm()%0dx>v3dm0s,html_tag,1
<d3V/+/ONmOUseOver%0a=%0aconfirm()%0dx>v3dm0s,html_attribute,0
<d3V/+/ONmOUseOver%0a=%0aconfirm()%0dx>v3dm0s,html_text,1
<d3V/+/ONmOUseOver%0a=%0aconfirm()%0dx>v3dm0s,script_block,0
<d3V/+/ONmOUseOver%0a=%0aconfirm()%0dx>v3dm0s,comment,0
<d3V/+/ONmOUseOver%0a=%0aconfirm()%0dx>v3dm0s,url_href,0
<d3V/+/ONmOUseOver%0a=%0aconfirm()%0dx>v3dm0s,url_navigation,0
<dEtaiLs%0aOntOGGlE%0d=%0d[8].find(confirm)//,html_tag,0
<dEtaiLs%0aOntOGGlE%0d=%0d[8].find(confirm)//,html_attribute,0
<dEtaiLs%0aOntOGGlE%0d=%0d[8].find(confirm)//,html_text,0
<dEtaiLs%0aOntOGGlE%0d=%0d[8].find(confirm)//,script_block,0
<dEtaiLs%0aOntOGGlE%0d=%0d[8].find(confirm)//,comment,0
<dEtaiLs%0aOntOGGlE%0d=%0d[8].find(confirm)//,url_href,0
<dEtaiLs%0aOntOGGlE%0d=%0d[8].find(confirm)//,url_navigation,0
<A%0doNmOuseOVEr%0a=%0a[8].find(confirm)%0dx>v3dm0s,html_tag,1
<A%0doNmOuseOVEr%0a=%0a[8].find(confirm)%0dx>v3dm0s,html_attribute,0
<A%0doNmOuseOVEr%0a=%0a[8].find(confirm)%0dx>v3dm0s,html_text,1
<A%0doNmOuseOVEr%0a=%0a[8].find(confirm)%0dx>v3dm0s,script_block,0
<A%0doNmOuseOVEr%0a=%0a[8].find(confirm)%0dx>v3dm0s,comment,0
<A%0doNmOuseOVEr%0a=%0a[8].find(confirm)%0dx>v3dm0s,url_href,0
<A%0doNmOuseOVEr%0a=%0a[8].find(confirm)%0dx>v3dm0s,url_navigation,0
<D3v%09onPoinTeRENteR%0a=%0a(confirm)()%0dx>v3dm0s,html_tag,1
<D3v%09onPoinTeRENteR%0a=%0a(confirm)()%0dx>v3dm0s,html_attribute,0
<D3v%09onPoinTeRENteR%0a=%0a(confirm)()%0dx>v3dm0s,html_text,1
<D3v%09onPoinTeRENteR%0a=%0a(confirm)()%0dx>v3dm0s,script_block,0
<D3v%09onPoinTeRENteR%0a=%0a(confirm)()%0dx>v3dm0s,comment,0
<D3v%09onPoinTeRENteR%0a=%0a(confirm)()%0dx>v3dm0s,url_href,0
<D3v%09onPoinTeRENteR%0a=%0a(confirm)()%0dx>v3dm0s,url_navigation,0
<DEtAIlS%0aONPoiNTERenTER%09=%09confirm()>,html_tag,0
<DEtAIlS%0aONPoiNTERenTER%09=%09confirm()>,html_attribute,0
<DEtAIlS%0aONPoiNTERenTER%09=%09confirm()>,html_text,0
<DEtAIlS%0aONPoiNTERenTER%09=%09confirm()>,script_block,0
<DEtAIlS%0aONPoiNTERenTER%09=%09confirm()>,comment,0
<DEtAIlS%0aONPoiNTERenTER%09=%09confirm()>,url_href,0
<DEtAIlS%0aONPoiNTERenTER%09=%09confirm()>,url_navigation,0
<HtML%0dONMOuSEoVer%0a=%0a[8].find(confirm)>,html_tag,0
<HtML%0dONMOuSEoVer%0a=%0a[8].find(confirm)>,html_attribute,0
<HtML%0dONMOuSEoVer%0a=%0a[8].find(confirm)>,html_text,0
<HtML%0dONMOuSEoVer%0a=%0a[8].find(confirm)>,script_block,0
<HtML%0dONMOuSEoVer%0a=%0a[8].find(confirm)>,comment,0
<HtML%0dONMOuSEoVer%0a=%0a[8].find(confirm)>,url_href,0
<HtML%0dONMOuSEoVer%0a=%0a[8].find(confirm)>,url_navigation,0
<a%0aOnmoUSeOVEr%0d=%0dconfirm()>v3dm0s,html_tag,1
<a%0aOnmoUSeOVEr%0d=%0dconfirm()>v3dm0s,html_attribute,0
<a%0aOnmoUSeOVEr%0d=%0dconfirm()>v3dm0s,html_text,1
<a%0aOnmoUSeOVEr%0d=%0dconfirm()>v3dm0s,script_block,0
<a%0aOnmoUSeOVEr%0d=%0dconfirm()>v3dm0s,comment,0
<a%0aOnmoUSeOVEr%0d=%0dconfirm()>v3dm0s,url_href,0
<a%0aOnmoUSeOVEr%0d=%0dconfirm()>v3dm0s,url_navigation,0
<dETAiLs%0aONToggle%0a=%0aconfirm()//,html_tag,0
<dETAiLs%0aONToggle%0a=%0aconfirm()//,html_attribute,0
<dETAiLs%0aONToggle%0a=%0aconfirm()//,html_text,0
<dETAiLs%0aONToggle%0a=%0aconfirm()//,script_block,0
<dETAiLs%0aONToggle%0a=%0aconfirm()//,comment,0
<dETAiLs%0aONToggle%0a=%0aconfirm()//,url_href,0
<dETAiLs%0aONToggle%0a=%0aconfirm()//,url_navigation,0
<A/+/ONPOintErenteR%0d=%0d(prompt)``>v3dm0s,html_tag,1
<A/+/ONPOintErenteR%0d=%0d(prompt)``>v3dm0s,html_attribute,0
<A/+/ONPOintErenteR%0d=%0d(prompt)``>v3dm0s,html_text,1
<A/+/ONPOintErenteR%0d=%0d(prompt)``>v3dm0s,script_block,0
<A/+/ONPOintErenteR%0d=%0d(prompt)``>v3dm0s,comment,0
<A/+/ONPOintErenteR%0d=%0d(prompt)``>v3dm0s,url_href,0
<A/+/ONPOintErenteR%0d=%0d(prompt)``>v3dm0s,url_navigation,0
<detailS%09ONPoINTeREntEr%09=%09[8].find(confirm)//,html_tag,0
<detailS%09ONPoINTeREntEr%09=%09[8].find(confirm)//,html_attribute,0
<detailS%09ONPoINTeREntEr%09=%09[8].find(confirm)//,html_text,0
<detailS%09ONPoINTeREntEr%09=%09[8].find(confirm)//,script_block,0
<detailS%09ONPoINTeREntEr%09=%09[8].find(confirm)//,comment,0
<detailS%09ONPoINTeREntEr%09=%09[8].find(confirm)//,url_href,0
<detailS%09ONPoINTeREntEr%09=%09[8].find(confirm)//,url_navigation,0
<A%0dOnPoINtErenTer+=+confirm()>v3dm0s,html_tag,0
<A%0dOnPoINtErenTer+=+confirm()>v3dm0s,html_attribute,0
<A%0dOnPoINtErenTer+=+confirm()>v3dm0s,html_text,0
<A%0dOnPoINtErenTer+=+confirm()>v3dm0s,script_block,0
<A%0dOnPoINtErenTer+=+confirm()>v3dm0s,comment,0
<A%0dOnPoINtErenTer+=+confirm()>v3dm0s,url_href,0
<A%0dOnPoINtErenTer+=+confirm()>v3dm0s,url_navigation,0
<HTmL%0aonMoUSEoVEr%09=%09(prompt)``%0dx//,html_tag,0
<HTmL%0aonMoUSEoVEr%09=%09(prompt)``%0dx//,html_attribute,0
<HTmL%0aonMoUSEoVEr%09=%09(prompt)``%0dx//,html_text,0
<HTmL%0aonMoUSEoVEr%09=%09(prompt)``%0dx//,script_block,0
<HTmL%0aonMoUSEoVEr%09=%09(prompt)``%0dx//,comment,0
<HTmL%0aonMoUSEoVEr%09=%09(prompt)``%0dx//,url_href,0
<HTmL%0aonMoUSEoVEr%09=%09(prompt)``%0dx//,url_navigation,0
<A%0dOnpOINTErenteR%0d=%0d[8].find(confirm)%0dx>v3dm0s,html_tag,1
<A%0dOnpOINTErenteR%0d=%0d[8].find(confirm)%0dx>v3dm0s,html_attribute,0
<A%0dOnpOINTErenteR%0d=%0d[8].find(confirm)%0dx>v3dm0s,html_text,1
<A%0dOnpOINTErenteR%0d=%0d[8].find(confirm)%0dx>v3dm0s,script_block,0
<A%0dOnpOINTErenteR%0d=%0d[8].find(confirm)%0dx>v3dm0s,comment,0
<A%0dOnpOINTErenteR%0d=%0d[8].find(confirm)%0dx>v3dm0s,url_href,0
<A%0dOnpOINTErenteR%0d=%0d[8].find(confirm)%0dx>v3dm0s,url_navigation,0
<HtML/+/OnpOINTErenTeR%09=%09confirm()%0dx//,html_tag,0
<HtML/+/OnpOINTErenTeR%09=%09confirm()%0dx//,html_attribute,0
<HtML/+/OnpOINTErenTeR%09=%09confirm()%0dx//,html_text,0
<HtML/+/OnpOINTErenTeR%09=%09confirm()%0dx//,script_block,0
<HtML/+/OnpOINTErenTeR%09=%09confirm()%0dx//,comment,0
<HtML/+/OnpOINTErenTeR%09=%09confirm()%0dx//,url_href,0
<HtML/+/OnpOINTErenTeR%09=%09confirm()%0dx//,url_navigation,0
"<HtmL%09oNmoUsEoVeR%09=%09a=prompt,a()%0dx//",html_tag,0
"<HtmL%09oNmoUsEoVeR%09=%09a=prompt,a()%0dx//",html_attribute,0
"<HtmL%09oNmoUsEoVeR%09=%09a=prompt,a()%0dx//",html_text,0
"<HtmL%09oNmoUsEoVeR%09=%09a=prompt,a()%0dx//",script_block,0
"<HtmL%09oNmoUsEoVeR%09=%09a=prompt,a()%0dx//",comment,0
"<HtmL%09oNmoUsEoVeR%09=%09a=prompt,a()%0dx//",url_href,0
"<HtmL%09oNmoUsEoVeR%09=%09a=prompt,a()%0dx//",url_navigation,0
<a%09onPOInTerEnTeR%0a=%0aconfirm()>v3dm0s,html_tag,1
<a%09onPOInTerEnTeR%0a=%0aconfirm()>v3dm0s,html_attribute,0
<a%09onPOInTerEnTeR%0a=%0aconfirm()>v3dm0s,html_text,1
<a%09onPOInTerEnTeR%0a=%0aconfirm()>v3dm0s,script_block,0
<a%09onPOInTerEnTeR%0a=%0aconfirm()>v3dm0s,comment,0
<a%09onPOInTerEnTeR%0a=%0aconfirm()>v3dm0s,url_href,0
<a%09onPOInTerEnTeR%0a=%0aconfirm()>v3dm0s,url_navigation,0
<D3v/+/ONMoUsEOver%0d=%0d[8].find(confirm)%0dx>v3dm0s,html_tag,1
<D3v/+/ONMoUsEOver%0d=%0d[8].find(confirm)%0dx>v3dm0s,html_attribute,0
<D3v/+/ONMoUsEOver%0d=%0d[8].find(confirm)%0dx>v3dm0s,html_text,1
<D3v/+/ONMoUsEOver%0d=%0d[8].find(confirm)%0dx>v3dm0s,script_block,0
<D3v/+/ONMoUsEOver%0d=%0d[8].find(confirm)%0dx>v3dm0s,comment,0
<D3v/+/ONMoUsEOver%0d=%0d[8].find(confirm)%0dx>v3dm0s,url_href,0
<D3v/+/ONMoUsEOver%0d=%0d[8].find(confirm)%0dx>v3dm0s,url_navigation,0
"<dEtAils%09oNpOinTEreNtER%0a=%0aa=prompt,a()//",html_tag,0
"<dEtAils%09oNpOinTEreNtER%0a=%0aa=prompt,a()//",html_attribute,0
"<dEtAils%09oNpOinTEreNtER%0a=%0aa=prompt,a()//",html_text,0
"<dEtAils%09oNpOinTEreNtER%0a=%0aa=prompt,a()//",script_block,0
"<dEtAils%09oNpOinTEreNtER%0a=%0aa=prompt,a()//",comment,0
"<dEtAils%09oNpOinTEreNtER%0a=%0aa=prompt,a()//",url_href,0
"<dEtAils%09oNpOinTEreNtER%0a=%0aa=prompt,a()//",url_navigation,0
<d3v%09OnPOINtERenter+=+confirm()>v3dm0s,html_tag,0
<d3v%09OnPOINtERenter+=+confirm()>v3dm0s,html_attribute,0
<d3v%09OnPOINtERenter+=+confirm()>v3dm0s,html_text,0
<d3v%09OnPOINtERenter+=+confirm()>v3dm0s,script_block,0
<d3v%09OnPOINtERenter+=+confirm()>v3dm0s,comment,0
<d3v%09OnPOINtERenter+=+confirm()>v3dm0s,url_href,0
<d3v%09OnPOINtERenter+=+confirm()>v3dm0s,url_navigation,0
<DetAiLS%0dONTOggLE%0a=%0a(confirm)()%0dx>,html_tag,0
<DetAiLS%0dONTOggLE%0a=%0a(confirm)()%0dx>,html_attribute,0
<DetAiLS%0dONTOggLE%0a=%0a(confirm)()%0dx>,html_text,0
<DetAiLS%0dONTOggLE%0a=%0a(confirm)()%0dx>,script_block,0
<DetAiLS%0dONTOggLE%0a=%0a(confirm)()%0dx>,comment,0
<DetAiLS%0dONTOggLE%0a=%0a(confirm)()%0dx>,url_href,0
<DetAiLS%0dONTOggLE%0a=%0a(confirm)()%0dx>,url_navigation,0
<htMl%09ONmouSeOVEr%09=%09confirm()>,html_tag,0
<htMl%09ONmouSeOVEr%09=%09confirm()>,html_attribute,0
<htMl%09ONmouSeOVEr%09=%09confirm()>,html_text,0
<htMl%09ONmouSeOVEr%09=%09confirm()>,script_block,0
<htMl%09ONmouSeOVEr%09=%09confirm()>,comment,0
<htMl%09ONmouSeOVEr%09=%09confirm()>,url_href,0
<htMl%09ONmouSeOVEr%09=%09confirm()>,url_navigation,0
<D3V%0aOnmoUSeOVEr%09=%09(confirm)()%0dx>v3dm0s,html_tag,1
<D3V%0aOnmoUSeOVEr%09=%09(confirm)()%0dx>v3dm0s,html_attribute,0
<D3V%0aOnmoUSeOVEr%09=%09(confirm)()%0dx>v3dm0s,html_text,1
<D3V%0aOnmoUSeOVEr%09=%09(confirm)()%0dx>v3dm0s,script_block,0
<D3V%0aOnmoUSeOVEr%09=%09(confirm)()%0dx>v3dm0s,comment,0
<D3V%0aOnmoUSeOVEr%09=%09(confirm)()%0dx>v3dm0s,url_href,0
<D3V%0aOnmoUSeOVEr%09=%09(confirm)()%0dx>v3dm0s,url_navigation,0
<DetaILs/+/oNTogGLe%0d=%0dconfirm()>,html_tag,0
<DetaILs/+/oNTogGLe%0d=%0dconfirm()>,html_attribute,0
<DetaILs/+/oNTogGLe%0d=%0dconfirm()>,html_text,0
<DetaILs/+/oNTogGLe%0d=%0dconfirm()>,script_block,0
<DetaILs/+/oNTogGLe%0d=%0dconfirm()>,comment,0
<DetaILs/+/oNTogGLe%0d=%0dconfirm()>,url_href,0
<DetaILs/+/oNTogGLe%0d=%0dconfirm()>,url_navigation,0
<DETaiLs/+/oNPOINtErENTEr%0a=%0a[8].find(confirm)%0dx>,html_tag,0
<DETaiLs/+/oNPOINtErENTEr%0a=%0a[8].find(confirm)%0dx>,html_attribute,0
<DETaiLs/+/oNPOINtErENTEr%0a=%0a[8].find(confirm)%0dx>,html_text,0
<DETaiLs/+/oNPOINtErENTEr%0a=%0a[8].find(confirm)%0dx>,script_block,0
<DETaiLs/+/oNPOINtErENTEr%0a=%0a[8].find(confirm)%0dx>,comment,0
<DETaiLs/+/oNPOINtErENTEr%0a=%0a[8].find(confirm)%0dx>,url_href,0
<DETaiLs/+/oNPOINtErENTEr%0a=%0a[8].find(confirm)%0dx>,url_navigation,0
<hTML/+/oNPoiNteRENTeR%0a=%0a(prompt)``%0dx//,html_tag,0
<hTML/+/oNPoiNteRENTeR%0a=%0a(prompt)``%0dx//,html_attribute,0
<hTML/+/oNPoiNteRENTeR%0a=%0a(prompt)``%0dx//,html_text,0
<hTML/+/oNPoiNteRENTeR%0a=%0a(prompt)``%0dx//,script_block,0
<hTML/+/oNPoiNteRENTeR%0a=%0a(prompt)``%0dx//,comment,0
<hTML/+/oNPoiNteRENTeR%0a=%0a(prompt)``%0dx//,url_href,0
<hTML/+/oNPoiNteRENTeR%0a=%0a(prompt)``%0dx//,url_navigation,0
<A%09ONpOintErentER%0d=%0dconfirm()>v3dm0s,html_tag,1
<A%09ONpOintErentER%0d=%0dconfirm()>v3dm0s,html_attribute,0
<A%09ONpOintErentER%0d=%0dconfirm()>v3dm0s,html_text,1
<A%09ONpOintErentER%0d=%0dconfirm()>v3dm0s,script_block,0
<A%09ONpOintErentER%0d=%0dconfirm()>v3dm0s,comment,0
<A%09ONpOintErentER%0d=%0dconfirm()>v3dm0s,url_href,0
<A%09ONpOintErentER%0d=%0dconfirm()>v3dm0s,url_navigation,0
<d3v%0aONPoInteRENTer%09=%09confirm()%0dx>v3dm0s,html_tag,1
<d3v%0aONPoInteRENTer%09=%09confirm()%0dx>v3dm0s,html_attribute,0
<d3v%0aONPoInteRENTer%09=%09confirm()%0dx>v3dm0s,html_text,1
<d3v%0aONPoInteRENTer%09=%09confirm()%0dx>v3dm0s,script_block,0
<d3v%0aONPoInteRENTer%09=%09confirm()%0dx>v3dm0s,comment,0
<d3v%0aONPoInteRENTer%09=%09confirm()%0dx>v3dm0s,url_href,0
<d3v%0aONPoInteRENTer%09=%09confirm()%0dx>v3dm0s,url_navigation,0
"<A%0aonMoUseOVeR%0a=%0aa=prompt,a()%0dx>v3dm0s",html_tag,1
"<A%0aonMoUseOVeR%0a=%0aa=prompt,a()%0dx>v3dm0s",html_attribute,0
"<A%0aonMoUseOVeR%0a=%0aa=prompt,a()%0dx>v3dm0s",html_text,1
"<A%0aonMoUseOVeR%0a=%0aa=prompt,a()%0dx>v3dm0s",script_block,0
"<A%0aonMoUseOVeR%0a=%0aa=prompt,a()%0dx>v3dm0s",comment,0
"<A%0aonMoUseOVeR%0a=%0aa=prompt,a()%0dx>v3dm0s",url_href,0
"<A%0aonMoUseOVeR%0a=%0aa=prompt,a()%0dx>v3dm0s",url_navigation,0
<HTMl%0aonPOinTereNTeR+=+confirm()%0dx//,html_tag,0
<HTMl%0aonPOinTereNTeR+=+confirm()%0dx//,html_attribute,0
<HTMl%0aonPOinTereNTeR+=+confirm()%0dx//,html_text,0
<HTMl%0aonPOinTereNTeR+=+confirm()%0dx//,script_block,0
<HTMl%0aonPOinTereNTeR+=+confirm()%0dx//,comment,0
<HTMl%0aonPOinTereNTeR+=+confirm()%0dx//,url_href,0
<HTMl%0aonPOinTereNTeR+=+confirm()%0dx//,url_navigation,0
<detAILs%09oNtOGGLE%0a=%0a(prompt)``>,html_tag,0
<detAILs%09oNtOGGLE%0a=%0a(prompt)``>,html_attribute,0
<detAILs%09oNtOGGLE%0a=%0a(prompt)``>,html_text,0
<detAILs%09oNtOGGLE%0a=%0a(prompt)``>,script_block,0
<detAILs%09oNtOGGLE%0a=%0a(prompt)``>,comment,0
<detAILs%09oNtOGGLE%0a=%0a(prompt)``>,url_href,0
<detAILs%09oNtOGGLE%0a=%0a(prompt)``>,url_navigation,0
<a%09OnMoUSeOver%0a=%0a(prompt)``>v3dm0s,html_tag,1
<a%09OnMoUSeOver%0a=%0a(prompt)``>v3dm0s,html_attribute,0
<a%09OnMoUSeOver%0a=%0a(prompt)``>v3dm0s,html_text,1
<a%09OnMoUSeOver%0a=%0a(prompt)``>v3dm0s,script_block,0
<a%09OnMoUSeOver%0a=%0a(prompt)``>v3dm0s,comment,0
<a%09OnMoUSeOver%0a=%0a(prompt)``>v3dm0s,url_href,0
<a%09OnMoUSeOver%0a=%0a(prompt)``>v3dm0s,url_navigation,0
<DETAiLs%0aoNtogGlE%0d=%0d[8].find(confirm)>,html_tag,0
<DETAiLs%0aoNtogGlE%0d=%0d[8].find(confirm)>,html_attribute,0
<DETAiLs%0aoNtogGlE%0d=%0d[8].find(confirm)>,html_text,0
<DETAiLs%0aoNtogGlE%0d=%0d[8].find(confirm)>,script_block,0
<DETAiLs%0aoNtogGlE%0d=%0d[8].find(confirm)>,comment,0
<DETAiLs%0aoNtogGlE%0d=%0d[8].find(confirm)>,url_href,0
<DETAiLs%0aoNtogGlE%0d=%0d[8].find(confirm)>,url_navigation,0
<D3v/+/oNMOuSEOver+=+(confirm)()>v3dm0s,html_tag,0
<D3v/+/oNMOuSEOver+=+(confirm)()>v3dm0s,html_attribute,0
<D3v/+/oNMOuSEOver+=+(confirm)()>v3dm0s,html_text,0
<D3v/+/oNMOuSEOver+=+(confirm)()>v3dm0s,script_block,0
<D3v/+/oNMOuSEOver+=+(confirm)()>v3dm0s,comment,0
<D3v/+/oNMOuSEOver+=+(confirm)()>v3dm0s,url_href,0
<D3v/+/oNMOuSEOver+=+(confirm)()>v3dm0s,url_navigation,0
<a%0aOnPointErEntEr%0a=%0aconfirm()%0dx>v3dm0s,html_tag,1
<a%0aOnPointErEntEr%0a=%0aconfirm()%0dx>v3dm0s,html_attribute,0
<a%0aOnPointErEntEr%0a=%0aconfirm()%0dx>v3dm0s,html_text,1
<a%0aOnPointErEntEr%0a=%0aconfirm()%0dx>v3dm0s,script_block,0
<a%0aOnPointErEntEr%0a=%0aconfirm()%0dx>v3dm0s,comment,0
<a%0aOnPointErEntEr%0a=%0aconfirm()%0dx>v3dm0s,url_href,0
<a%0aOnPointErEntEr%0a=%0aconfirm()%0dx>v3dm0s,url_navigation,0
<D3v%09onpOintEREnTeR%09=%09confirm()>v3dm0s,html_tag,1
<D3v%09onpOintEREnTeR%09=%09confirm()>v3dm0s,html_attribute,0
<D3v%09onpOintEREnTeR%09=%09confirm()>v3dm0s,html_text,1
<D3v%09onpOintEREnTeR%09=%09confirm()>v3dm0s,script_block,0
<D3v%09onpOintEREnTeR%09=%09confirm()>v3dm0s,comment,0
<D3v%09onpOintEREnTeR%09=%09confirm()>v3dm0s,url_href,0
<D3v%09onpOintEREnTeR%09=%09confirm()>v3dm0s,url_navigation,0
<d3v/+/oNMOUSEoVer%0d=%0d(confirm)()%0dx>v3dm0s,html_tag,1
<d3v/+/oNMOUSEoVer%0d=%0d(confirm)()%0dx>v3dm0s,html_attribute,0
<d3v/+/oNMOUSEoVer%0d=%0d(confirm)()%0dx>v3dm0s,html_text,1
<d3v/+/oNMOUSEoVer%0d=%0d(confirm)()%0dx>v3dm0s,script_block,0
<d3v/+/oNMOUSEoVer%0d=%0d(confirm)()%0dx>v3dm0s,comment,0
<d3v/+/oNMOUSEoVer%0d=%0d(confirm)()%0dx>v3dm0s,url_href,0
<d3v/+/oNMOUSEoVer%0d=%0d(confirm)()%0dx>v3dm0s,url_navigation,0
<htMl%0dOnMoUSEOvEr%0a=%0a(prompt)``%0dx//,html_tag,0
<htMl%0dOnMoUSEOvEr%0a=%0a(prompt)``%0dx//,html_attribute,0
<htMl%0dOnMoUSEOvEr%0a=%0a(prompt)``%0dx//,html_text,0
<htMl%0dOnMoUSEOvEr%0a=%0a(prompt)``%0dx//,script_block,0
<htMl%0dOnMoUSEOvEr%0a=%0a(prompt)``%0dx//,comment,0
<htMl%0dOnMoUSEOvEr%0a=%0a(prompt)``%0dx//,url_href,0
<htMl%0dOnMoUSEOvEr%0a=%0a(prompt)``%0dx//,url_navigation,0
<HTmL%09OnpoInTErenteR%0d=%0d[8].find(confirm)%0dx//,html_tag,0
<HTmL%09OnpoInTErenteR%0d=%0d[8].find(confirm)%0dx//,html_attribute,0
<HTmL%09OnpoInTErenteR%0d=%0d[8].find(confirm)%0dx//,html_text,0
<HTmL%09OnpoInTErenteR%0d=%0d[8].find(confirm)%0dx//,script_block,0
<HTmL%09OnpoInTErenteR%0d=%0d[8].find(confirm)%0dx//,comment,0
<HTmL%09OnpoInTErenteR%0d=%0d[8].find(confirm)%0dx//,url_href,0
<HTmL%09OnpoInTErenteR%0d=%0d[8].find(confirm)%0dx//,url_navigation,0
<DeTAiLS/+/OnpoiNTerenTEr%0d=%0d(prompt)``%0dx//,html_tag,0
<DeTAiLS/+/OnpoiNTerenTEr%0d=%0d(prompt)``%0dx//,html_attribute,0
<DeTAiLS/+/OnpoiNTerenTEr%0d=%0d(prompt)``%0dx//,html_text,0
<DeTAiLS/+/OnpoiNTerenTEr%0d=%0d(prompt)``%0dx//,script_block,0
<DeTAiLS/+/OnpoiNTerenTEr%0d=%0d(prompt)``%0dx//,comment,0
<DeTAiLS/+/OnpoiNTerenTEr%0d=%0d(prompt)``%0dx//,url_href,0
<DeTAiLS/+/OnpoiNTerenTEr%0d=%0d(prompt)``%0dx//,url_navigation,0
<htmL/+/onpointeREnTeR%09=%09confirm()>,html_tag,0
<htmL/+/onpointeREnTeR%09=%09confirm()>,html_attribute,0
<htmL/+/onpointeREnTeR%09=%09confirm()>,html_text,0
<htmL/+/onpointeREnTeR%09=%09confirm()>,script_block,0
<htmL/+/onpointeREnTeR%09=%09confirm()>,comment,0
<htmL/+/onpointeREnTeR%09=%09confirm()>,url_href,0
<htmL/+/onpointeREnTeR%09=%09confirm()>,url_navigation,0
"<D3v%0aONPOinteRenTer%0d=%0da=prompt,a()>v3dm0s",html_tag,1
"<D3v%0aONPOinteRenTer%0d=%0da=prompt,a()>v3dm0s",html_attribute,0
"<D3v%0aONPOinteRenTer%0d=%0da=prompt,a()>v3dm0s",html_text,1
"<D3v%0aONPOinteRenTer%0d=%0da=prompt,a()>v3dm0s",script_block,0
"<D3v%0aONPOinteRenTer%0d=%0da=prompt,a()>v3dm0s",comment,0
"<D3v%0aONPOinteRenTer%0d=%0da=prompt,a()>v3dm0s",url_href,0
"<D3v%0aONPOinteRenTer%0d=%0da=prompt,a()>v3dm0s",url_navigation,0
<deTaiLS/+/OnpOINtEreNteR%09=%09(prompt)``>,html_tag,0
<deTaiLS/+/OnpOINtEreNteR%09=%09(prompt)``>,html_attribute,0
<deTaiLS/+/OnpOINtEreNteR%09=%09(prompt)``>,html_text,0
<deTaiLS/+/OnpOINtEreNteR%09=%09(prompt)``>,script_block,0
<deTaiLS/+/OnpOINtEreNteR%09=%09(prompt)``>,comment,0
<deTaiLS/+/OnpOINtEreNteR%09=%09(prompt)``>,url_href,0
<deTaiLS/+/OnpOINtEreNteR%09=%09(prompt)``>,url_navigation,0
<a%0aOnpOINtERENTeR%0d=%0dconfirm()>v3dm0s,html_tag,1
<a%0aOnpOINtERENTeR%0d=%0dconfirm()>v3dm0s,html_attribute,0
<a%0aOnpOINtERENTeR%0d=%0dconfirm()>v3dm0s,html_text,1
<a%0aOnpOINtERENTeR%0d=%0dconfirm()>v3dm0s,script_block,0
<a%0aOnpOINtERENTeR%0d=%0dconfirm()>v3dm0s,comment,0
<a%0aOnpOINtERENTeR%0d=%0dconfirm()>v3dm0s,url_href,0
<a%0aOnpOINtERENTeR%0d=%0dconfirm()>v3dm0s,url_navigation,0
"<HTMl%0dOnpoiNTErenTeR%0d=%0da=prompt,a()//",html_tag,0
"<HTMl%0dOnpoiNTErenTeR%0d=%0da=prompt,a()//",html_attribute,0
"<HTMl%0dOnpoiNTErenTeR%0d=%0da=prompt,a()//",html_text,0
"<HTMl%0dOnpoiNTErenTeR%0d=%0da=prompt,a()//",script_block,0
"<HTMl%0dOnpoiNTErenTeR%0d=%0da=prompt,a()//",comment,0
"<HTMl%0dOnpoiNTErenTeR%0d=%0da=prompt,a()//",url_href,0
"<HTMl%0dOnpoiNTErenTeR%0d=%0da=prompt,a()//",url_navigation,0
<A%0aonmOuseoVer%0d=%0d(confirm)()>v3dm0s,html_tag,1
<A%0aonmOuseoVer%0d=%0d(confirm)()>v3dm0s,html_attribute,0
<A%0aonmOuseoVer%0d=%0d(confirm)()>v3dm0s,html_text,1
<A%0aonmOuseoVer%0d=%0d(confirm)()>v3dm0s,script_block,0
<A%0aonmOuseoVer%0d=%0d(confirm)()>v3dm0s,comment,0
<A%0aonmOuseoVer%0d=%0d(confirm)()>v3dm0s,url_href,0
<A%0aonmOuseoVer%0d=%0d(confirm)()>v3dm0s,url_navigation,0
<htmL%0doNMOuSEOVEr+=+confirm()%0dx>,html_tag,0
<htmL%0doNMOuSEOVEr+=+confirm()%0dx>,html_attribute,0
<htmL%0doNMOuSEOVEr+=+confirm()%0dx>,html_text,0
<htmL%0doNMOuSEOVEr+=+confirm()%0dx>,script_block,0
<htmL%0doNMOuSEOVEr+=+confirm()%0dx>,comment,0
<htmL%0doNMOuSEOVEr+=+confirm()%0dx>,url_href,0
<htmL%0doNMOuSEOVEr+=+confirm()%0dx>,url_navigation,0
<DetAils/+/oNTOggLe%0a=%0a(confirm)()%0dx//,html_tag,0
<DetAils/+/oNTOggLe%0a=%0a(confirm)()%0dx//,html_attribute,0
<DetAils/+/oNTOggLe%0a=%0a(confirm)()%0dx//,html_text,0
<DetAils/+/oNTOggLe%0a=%0a(confirm)()%0dx//,script_block,0
<DetAils/+/oNTOggLe%0a=%0a(confirm)()%0dx//,comment,0
<DetAils/+/oNTOggLe%0a=%0a(confirm)()%0dx//,url_href,0
<DetAils/+/oNTOggLe%0a=%0a(confirm)()%0dx//,url_navigation,0
<D3v%0aOnMOuSEOvER%09=%09(prompt)``%0dx>v3dm0s,html_tag,1
<D3v%0aOnMOuSEOvER%09=%09(prompt)``%0dx>v3dm0s,html_attribute,0
<D3v%0aOnMOuSEOvER%09=%09(prompt)``%0dx>v3dm0s,html_text,1
<D3v%0aOnMOuSEOvER%09=%09(prompt)``%0dx>v3dm0s,script_block,0
<D3v%0aOnMOuSEOvER%09=%09(prompt)``%0dx>v3dm0s,comment,0
<D3v%0aOnMOuSEOvER%09=%09(prompt)``%0dx>v3dm0s,url_href,0
<D3v%0aOnMOuSEOvER%09=%09(prompt)``%0dx>v3dm0s,url_navigation,0
<d3v/+/OnpoiNTeREnTeR%0a=%0a(prompt)``>v3dm0s,html_tag,1
<d3v/+/OnpoiNTeREnTeR%0a=%0a(prompt)``>v3dm0s,html_attribute,0
<d3v/+/OnpoiNTeREnTeR%0a=%0a(prompt)``>v3dm0s,html_text,1
<d3v/+/OnpoiNTeREnTeR%0a=%0a(prompt)``>v3dm0s,script_block,0
<d3v/+/OnpoiNTeREnTeR%0a=%0a(prompt)``>v3dm0s,comment,0
<d3v/+/OnpoiNTeREnTeR%0a=%0a(prompt)``>v3dm0s,url_href,0
<d3v/+/OnpoiNTeREnTeR%0a=%0a(prompt)``>v3dm0s,url_navigation,0
"<DetAILs%09oNtOGgLE%0a=%0aa=prompt,a()%0dx>",html_tag,0
"<DetAILs%09oNtOGgLE%0a=%0aa=prompt,a()%0dx>",html_attribute,0
"<DetAILs%09oNtOGgLE%0a=%0aa=prompt,a()%0dx>",html_text,0
"<DetAILs%09oNtOGgLE%0a=%0aa=prompt,a()%0dx>",script_block,0
"<DetAILs%09oNtOGgLE%0a=%0aa=prompt,a()%0dx>",comment,0
"<DetAILs%09oNtOGgLE%0a=%0aa=prompt,a()%0dx>",url_href,0
"<DetAILs%09oNtOGgLE%0a=%0aa=prompt,a()%0dx>",url_navigation,0
<A%0dOnmOuseOveR%0d=%0dconfirm()>v3dm0s,html_tag,1
<A%0dOnmOuseOveR%0d=%0dconfirm()>v3dm0s,html_attribute,0
<A%0dOnmOuseOveR%0d=%0dconfirm()>v3dm0s,html_text,1
<A%0dOnmOuseOveR%0d=%0dconfirm()>v3dm0s,script_block,0
<A%0dOnmOuseOveR%0d=%0dconfirm()>v3dm0s,comment,0
<A%0dOnmOuseOveR%0d=%0dconfirm()>v3dm0s,url_href,0
<A%0dOnmOuseOveR%0d=%0dconfirm()>v3dm0s,url_navigation,0
<a%09OnMOuSEover+=+(prompt)``%0dx>v3dm0s,html_tag,0
<a%09OnMOuSEover+=+(prompt)``%0dx>v3dm0s,html_attribute,0
<a%09OnMOuSEover+=+(prompt)``%0dx>v3dm0s,html_text,0
<a%09OnMOuSEover+=+(prompt)``%0dx>v3dm0s,script_block,0
<a%09OnMOuSEover+=+(prompt)``%0dx>v3dm0s,comment,0
<a%09OnMOuSEover+=+(prompt)``%0dx>v3dm0s,url_href,0
<a%09OnMOuSEover+=+(prompt)``%0dx>v3dm0s,url_navigation,0
<A%09OnPoinTEREntER%09=%09confirm()>v3dm0s,html_tag,1
<A%09OnPoinTEREntER%09=%09confirm()>v3dm0s,html_attribute,0
<A%09OnPoinTEREntER%09=%09confirm()>v3dm0s,html_text,1
<A%09OnPoinTEREntER%09=%09confirm()>v3dm0s,script_block,0
<A%09OnPoinTEREntER%09=%09confirm()>v3dm0s,comment,0
<A%09OnPoinTEREntER%09=%09confirm()>v3dm0s,url_href,0
<A%09OnPoinTEREntER%09=%09confirm()>v3dm0s,url_navigation,0
<detAIlS/+/OntoGGle%09=%09(prompt)``//,html_tag,0
<detAIlS/+/OntoGGle%09=%09(prompt)``//,html_attribute,0
<detAIlS/+/OntoGGle%09=%09(prompt)``//,html_text,0
<detAIlS/+/OntoGGle%09=%09(prompt)``//,script_block,0
<detAIlS/+/OntoGGle%09=%09(prompt)``//,comment,0
<detAIlS/+/OntoGGle%09=%09(prompt)``//,url_href,0
<detAIlS/+/OntoGGle%09=%09(prompt)``//,url_navigation,0
<D3V/+/oNMoUsEOveR%0d=%0d(prompt)``>v3dm0s,html_tag,1
<D3V/+/oNMoUsEOveR%0d=%0d(prompt)``>v3dm0s,html_attribute,0
<D3V/+/oNMoUsEOveR%0d=%0d(prompt)``>v3dm0s,html_text,1
<D3V/+/oNMoUsEOveR%0d=%0d(prompt)``>v3dm0s,script_block,0
<D3V/+/oNMoUsEOveR%0d=%0d(prompt)``>v3dm0s,comment,0
<D3V/+/oNMoUsEOveR%0d=%0d(prompt)``>v3dm0s,url_href,0
<D3V/+/oNMoUsEOveR%0d=%0d(prompt)``>v3dm0s,url_navigation,0
<HtMl%0doNMOuseoveR+=+[8].find(confirm)//,html_tag,0
<HtMl%0doNMOuseoveR+=+[8].find(confirm)//,html_attribute,0
<HtMl%0doNMOuseoveR+=+[8].find(confirm)//,html_text,0
<HtMl%0doNMOuseoveR+=+[8].find(confirm)//,script_block,0
<HtMl%0doNMOuseoveR+=+[8].find(confirm)//,comment,0
<HtMl%0doNMOuseoveR+=+[8].find(confirm)//,url_href,0
<HtMl%0doNMOuseoveR+=+[8].find(confirm)//,url_navigation,0
<DETaILs/+/ONtoGGLE%09=%09(prompt)``%0dx>,html_tag,0
<DETaILs/+/ONtoGGLE%09=%09(prompt)``%0dx>,html_attribute,0
<DETaILs/+/ONtoGGLE%09=%09(prompt)``%0dx>,html_text,0
<DETaILs/+/ONtoGGLE%09=%09(prompt)``%0dx>,script_block,0
<DETaILs/+/ONtoGGLE%09=%09(prompt)``%0dx>,comment,0
<DETaILs/+/ONtoGGLE%09=%09(prompt)``%0dx>,url_href,0
<DETaILs/+/ONtoGGLE%09=%09(prompt)``%0dx>,url_navigation,0
"<dETaILS/+/OnToggLE%09=%09a=prompt,a()%0dx//",html_tag,0
"<dETaILS/+/OnToggLE%09=%09a=prompt,a()%0dx//",html_attribute,0
"<dETaILS/+/OnToggLE%09=%09a=prompt,a()%0dx//",html_text,0
"<dETaILS/+/OnToggLE%09=%09a=prompt,a()%0dx//",script_block,0
"<dETaILS/+/OnToggLE%09=%09a=prompt,a()%0dx//",comment,0
"<dETaILS/+/OnToggLE%09=%09a=prompt,a()%0dx//",url_href,0
"<dETaILS/+/OnToggLE%09=%09a=prompt,a()%0dx//",url_navigation,0
<d3v%0aoNMOuSeoVEr%0a=%0aconfirm()%0dx>v3dm0s,html_tag,1
<d3v%0aoNMOuSeoVEr%0a=%0aconfirm()%0dx>v3dm0s,html_attribute,0
<d3v%0aoNMOuSeoVEr%0a=%0aconfirm()%0dx>v3dm0s,html_text,1
<d3v%0aoNMOuSeoVEr%0a=%0aconfirm()%0dx>v3dm0s,script_block,0
<d3v%0aoNMOuSeoVEr%0a=%0aconfirm()%0dx>v3dm0s,comment,0
<d3v%0aoNMOuSeoVEr%0a=%0aconfirm()%0dx>v3dm0s,url_href,0
<d3v%0aoNMOuSeoVEr%0a=%0aconfirm()%0dx>v3dm0s,url_navigation,0
<HTMl%0aonmOUSEoVer+=+(prompt)``%0dx//,html_tag,0
<HTMl%0aonmOUSEoVer+=+(prompt)``%0dx//,html_attribute,0
<HTMl%0aonmOUSEoVer+=+(prompt)``%0dx//,html_text,0
<HTMl%0aonmOUSEoVer+=+(prompt)``%0dx//,script_block,0
<HTMl%0aonmOUSEoVer+=+(prompt)``%0dx//,comment,0
<HTMl%0aonmOUSEoVer+=+(prompt)``%0dx//,url_href,0
<HTMl%0aonmOUSEoVer+=+(prompt)``%0dx//,url_navigation,0
"<a%0aONpOIntEreNteR%0d=%0da=prompt,a()>v3dm0s",html_tag,1
"<a%0aONpOIntEreNteR%0d=%0da=prompt,a()>v3dm0s",html_attribute,0
"<a%0aONpOIntEreNteR%0d=%0da=prompt,a()>v3dm0s",html_text,1
"<a%0aONpOIntEreNteR%0d=%0da=prompt,a()>v3dm0s",script_block,0
"<a%0aONpOIntEreNteR%0d=%0da=prompt,a()>v3dm0s",comment,0
"<a%0aONpOIntEreNteR%0d=%0da=prompt,a()>v3dm0s",url_href,0
"<a%0aONpOIntEreNteR%0d=%0da=prompt,a()>v3dm0s",url_navigation,0
<a%0aoNMOuSEoVEr%09=%09[8].find(confirm)%0dx>v3dm0s,html_tag,1
<a%0aoNMOuSEoVEr%09=%09[8].find(confirm)%0dx>v3dm0s,html_attribute,0
<a%0aoNMOuSEoVEr%09=%09[8].find(confirm)%0dx>v3dm0s,html_text,1
<a%0aoNMOuSEoVEr%09=%09[8].find(confirm)%0dx>v3dm0s,script_block,0
<a%0aoNMOuSEoVEr%09=%09[8].find(confirm)%0dx>v3dm0s,comment,0
<a%0aoNMOuSEoVEr%09=%09[8].find(confirm)%0dx>v3dm0s,url_href,0
<a%0aoNMOuSEoVEr%09=%09[8].find(confirm)%0dx>v3dm0s,url_navigation,0
<dEtaIlS%0aoNTOGgLe+=+confirm()%0dx>,html_tag,0
<dEtaIlS%0aoNTOGgLe+=+confirm()%0dx>,html_attribute,0
<dEtaIlS%0aoNTOGgLe+=+confirm()%0dx>,html_text,0
<dEtaIlS%0aoNTOGgLe+=+confirm()%0dx>,script_block,0
<dEtaIlS%0aoNTOGgLe+=+confirm()%0dx>,comment,0
<dEtaIlS%0aoNTOGgLe+=+confirm()%0dx>,url_href,0
<dEtaIlS%0aoNTOGgLe+=+confirm()%0dx>,url_navigation,0
<HtmL%09OnPOiNTerENTEr+=+confirm()>,html_tag,0
<HtmL%09OnPOiNTerENTEr+=+confirm()>,html_attribute,0
<HtmL%09OnPOiNTerENTEr+=+confirm()>,html_text,0
<HtmL%09OnPOiNTerENTEr+=+confirm()>,script_block,0
<HtmL%09OnPOiNTerENTEr+=+confirm()>,comment,0
<HtmL%09OnPOiNTerENTEr+=+confirm()>,url_href,0
<HtmL%09OnPOiNTerENTEr+=+confirm()>,url_navigation,0
"<HTMl%09ONmoUSEOVer+=+a=prompt,a()//",html_tag,0
"<HTMl%09ONmoUSEOVer+=+a=prompt,a()//",html_attribute,0
"<HTMl%09ONmoUSEOVer+=+a=prompt,a()//",html_text,0
"<HTMl%09ONmoUSEOVer+=+a=prompt,a()//",script_block,0
"<HTMl%09ONmoUSEOVer+=+a=prompt,a()//",comment,0
"<HTMl%09ONmoUSEOVer+=+a=prompt,a()//",url_href,0
"<HTMl%09ONmoUSEOVer+=+a=prompt,a()//",url_navigation,0
<HTMl%0aONpOINTeRenTer%09=%09(confirm)()%0dx//,html_tag,0
<HTMl%0aONpOINTeRenTer%09=%09(confirm)()%0dx//,html_attribute,0
<HTMl%0aONpOINTeRenTer%09=%09(confirm)()%0dx//,html_text,0
<HTMl%0aONpOINTeRenTer%09=%09(confirm)()%0dx//,script_block,0
<HTMl%0aONpOINTeRenTer%09=%09(confirm)()%0dx//,comment,0
<HTMl%0aONpOINTeRenTer%09=%09(confirm)()%0dx//,url_href,0
<HTMl%0aONpOINTeRenTer%09=%09(confirm)()%0dx//,url_navigation,0
<dETAIlS/+/ONtoggLE%0a=%0aconfirm()%0dx//,html_tag,0
<dETAIlS/+/ONtoggLE%0a=%0aconfirm()%0dx//,html_attribute,0
<dETAIlS/+/ONtoggLE%0a=%0aconfirm()%0dx//,html_text,0
<dETAIlS/+/ONtoggLE%0a=%0aconfirm()%0dx//,script_block,0
<dETAIlS/+/ONtoggLE%0a=%0aconfirm()%0dx//,comment,0
<dETAIlS/+/ONtoggLE%0a=%0aconfirm()%0dx//,url_href,0
<dETAIlS/+/ONtoggLE%0a=%0aconfirm()%0dx//,url_navigation,0
<HTML%0aOnMoUSEOvEr%0d=%0dconfirm()%0dx//,html_tag,0
<HTML%0aOnMoUSEOvEr%0d=%0dconfirm()%0dx//,html_attribute,0
<HTML%0aOnMoUSEOvEr%0d=%0dconfirm()%0dx//,html_text,0
<HTML%0aOnMoUSEOvEr%0d=%0dconfirm()%0dx//,script_block,0
<HTML%0aOnMoUSEOvEr%0d=%0dconfirm()%0dx//,comment,0
<HTML%0aOnMoUSEOvEr%0d=%0dconfirm()%0dx//,url_href,0
<HTML%0aOnMoUSEOvEr%0d=%0dconfirm()%0dx//,url_navigation,0
<a/+/OnMOUSeoVEr%0d=%0d(confirm)()>v3dm0s,html_tag,1
<a/+/OnMOUSeoVEr%0d=%0d(confirm)()>v3dm0s,html_attribute,0
<a/+/OnMOUSeoVEr%0d=%0d(confirm)()>v3dm0s,html_text,1
<a/+/OnMOUSeoVEr%0d=%0d(confirm)()>v3dm0s,script_block,0
<a/+/OnMOUSeoVEr%0d=%0d(confirm)()>v3dm0s,comment,0
<a/+/OnMOUSeoVEr%0d=%0d(confirm)()>v3dm0s,url_href,0
<a/+/OnMOUSeoVEr%0d=%0d(confirm)()>v3dm0s,url_navigation,0
<deTAIlS%09oNTogGlE+=+confirm()//,html_tag,0
<deTAIlS%09oNTogGlE+=+confirm()//,html_attribute,0
<deTAIlS%09oNTogGlE+=+confirm()//,html_text,0
<deTAIlS%09oNTogGlE+=+confirm()//,script_block,0
<deTAIlS%09oNTogGlE+=+confirm()//,comment,0
<deTAIlS%09oNTogGlE+=+confirm()//,url_href,0
<deTAIlS%09oNTogGlE+=+confirm()//,url_navigation,0
<DeTAiLs%0dONPoINteREnTEr%09=%09confirm()%0dx//,html_tag,0
<DeTAiLs%0dONPoINteREnTEr%09=%09confirm()%0dx//,html_attribute,0
<DeTAiLs%0dONPoINteREnTEr%09=%09confirm()%0dx//,html_text,0
<DeTAiLs%0dONPoINteREnTEr%09=%09confirm()%0dx//,script_block,0
<DeTAiLs%0dONPoINteREnTEr%09=%09confirm()%0dx//,comment,0
<DeTAiLs%0dONPoINteREnTEr%09=%09confirm()%0dx//,url_href,0
<DeTAiLs%0dONPoINteREnTEr%09=%09confirm()%0dx//,url_navigation,0
"<dEtAiLs%0aOnpOINTEreNTEr%09=%09a=prompt,a()%0dx//",html_tag,0
"<dEtAiLs%0aOnpOINTEreNTEr%09=%09a=prompt,a()%0dx//",html_attribute,0
"<dEtAiLs%0aOnpOINTEreNTEr%09=%09a=prompt,a()%0dx//",html_text,0
"<dEtAiLs%0aOnpOINTEreNTEr%09=%09a=prompt,a()%0dx//",script_block,0
"<dEtAiLs%0aOnpOINTEreNTEr%09=%09a=prompt,a()%0dx//",comment,0
"<dEtAiLs%0aOnpOINTEreNTEr%09=%09a=prompt,a()%0dx//",url_href,0
"<dEtAiLs%0aOnpOINTEreNTEr%09=%09a=prompt,a()%0dx//",url_navigation,0
<A%0aONPOiNTerentER%09=%09confirm()>v3dm0s,html_tag,1
<A%0aONPOiNTerentER%09=%09confirm()>v3dm0s,html_attribute,0
<A%0aONPOiNTerentER%09=%09confirm()>v3dm0s,html_text,1
<A%0aONPOiNTerentER%09=%09confirm()>v3dm0s,script_block,0
<A%0aONPOiNTerentER%09=%09confirm()>v3dm0s,comment,0
<A%0aONPOiNTerentER%09=%09confirm()>v3dm0s,url_href,0
<A%0aONPOiNTerentER%09=%09confirm()>v3dm0s,url_navigation,0
"<HTML%0aONmOusEOVER%09=%09a=prompt,a()//",html_tag,0
"<HTML%0aONmOusEOVER%09=%09a=prompt,a()//",html_attribute,0
"<HTML%0aONmOusEOVER%09=%09a=prompt,a()//",html_text,0
"<HTML%0aONmOusEOVER%09=%09a=prompt,a()//",script_block,0
"<HTML%0aONmOusEOVER%09=%09a=prompt,a()//",comment,0
"<HTML%0aONmOusEOVER%09=%09a=prompt,a()//",url_href,0
"<HTML%0aONmOusEOVER%09=%09a=prompt,a()//",url_navigation,0
<d3v%0doNPoiNTeREnTER%0a=%0a[8].find(confirm)%0dx>v3dm0s,html_tag,1
<d3v%0doNPoiNTeREnTER%0a=%0a[8].find(confirm)%0dx>v3dm0s,html_attribute,0
<d3v%0doNPoiNTeREnTER%0a=%0a[8].find(confirm)%0dx>v3dm0s,html_text,1
<d3v%0doNPoiNTeREnTER%0a=%0a[8].find(confirm)%0dx>v3dm0s,script_block,0
<d3v%0doNPoiNTeREnTER%0a=%0a[8].find(confirm)%0dx>v3dm0s,comment,0
<d3v%0doNPoiNTeREnTER%0a=%0a[8].find(confirm)%0dx>v3dm0s,url_href,0
<d3v%0doNPoiNTeREnTER%0a=%0a[8].find(confirm)%0dx>v3dm0s,url_navigation,0
<a%09ONmoUSeOVEr%0d=%0d(confirm)()>v3dm0s,html_tag,1
<a%09ONmoUSeOVEr%0d=%0d(confirm)()>v3dm0s,html_attribute,0
<a%09ONmoUSeOVEr%0d=%0d(confirm)()>v3dm0s,html_text,1
<a%09ONmoUSeOVEr%0d=%0d(confirm)()>v3dm0s,script_block,0
<a%09ONmoUSeOVEr%0d=%0d(confirm)()>v3dm0s,comment,0
<a%09ONmoUSeOVEr%0d=%0d(confirm)()>v3dm0s,url_href,0
<a%09ONmoUSeOVEr%0d=%0d(confirm)()>v3dm0s,url_navigation,0
<a%0dOnmOusEOvER%09=%09(prompt)``%0dx>v3dm0s,html_tag,1
<a%0dOnmOusEOvER%09=%09(prompt)``%0dx>v3dm0s,html_attribute,0
<a%0dOnmOusEOvER%09=%09(prompt)``%0dx>v3dm0s,html_text,1
<a%0dOnmOusEOvER%09=%09(prompt)``%0dx>v3dm0s,script_block,0
<a%0dOnmOusEOvER%09=%09(prompt)``%0dx>v3dm0s,comment,0
<a%0dOnmOusEOvER%09=%09(prompt)``%0dx>v3dm0s,url_href,0
<a%0dOnmOusEOvER%09=%09(prompt)``%0dx>v3dm0s,url_navigation,0
<htmL%0donPoINTeRentEr%0d=%0d(prompt)``>,html_tag,0
<htmL%0donPoINTeRentEr%0d=%0d(prompt)``>,html_attribute,0
<htmL%0donPoINTeRentEr%0d=%0d(prompt)``>,html_text,0
<htmL%0donPoINTeRentEr%0d=%0d(prompt)``>,script_block,0
<htmL%0donPoINTeRentEr%0d=%0d(prompt)``>,comment,0
<htmL%0donPoINTeRentEr%0d=%0d(prompt)``>,url_href,0
<htmL%0donPoINTeRentEr%0d=%0d(prompt)``>,url_navigation,0
<HtmL%0doNMOuSEOveR%0a=%0aconfirm()//,html_tag,0
<HtmL%0doNMOuSEOveR%0a=%0aconfirm()//,html_attribute,0
<HtmL%0doNMOuSEOveR%0a=%0aconfirm()//,html_text,0
<HtmL%0doNMOuSEOveR%0a=%0aconfirm()//,script_block,0
<HtmL%0doNMOuSEOveR%0a=%0aconfirm()//,comment,0
<HtmL%0doNMOuSEOveR%0a=%0aconfirm()//,url_href,0
<HtmL%0doNMOuSEOveR%0a=%0aconfirm()//,url_navigation,0
<html%0dONmOuSeovER+=+[8].find(confirm)%0dx//,html_tag,0
<html%0dONmOuSeovER+=+[8].find(confirm)%0dx//,html_attribute,0
<html%0dONmOuSeovER+=+[8].find(confirm)%0dx//,html_text,0
<html%0dONmOuSeovER+=+[8].find(confirm)%0dx//,script_block,0
<html%0dONmOuSeovER+=+[8].find(confirm)%0dx//,comment,0
<html%0dONmOuSeovER+=+[8].find(confirm)%0dx//,url_href,0
<html%0dONmOuSeovER+=+[8].find(confirm)%0dx//,url_navigation,0
<hTmL/+/ONmOUSEoVer%09=%09confirm()>,html_tag,0
<hTmL/+/ONmOUSEoVer%09=%09confirm()>,html_attribute,0
<hTmL/+/ONmOUSEoVer%09=%09confirm()>,html_text,0
<hTmL/+/ONmOUSEoVer%09=%09confirm()>,script_block,0
<hTmL/+/ONmOUSEoVer%09=%09confirm()>,comment,0
<hTmL/+/ONmOUSEoVer%09=%09confirm()>,url_href,0
<hTmL/+/ONmOUSEoVer%09=%09confirm()>,url_navigation,0
<D3V%09oNmOUseOVeR%09=%09(confirm)()>v3dm0s,html_tag,1
<D3V%09oNmOUseOVeR%09=%09(confirm)()>v3dm0s,html_attribute,0
<D3V%09oNmOUseOVeR%09=%09(confirm)()>v3dm0s,html_text,1
<D3V%09oNmOUseOVeR%09=%09(confirm)()>v3dm0s,script_block,0
<D3V%09oNmOUseOVeR%09=%09(confirm)()>v3dm0s,comment,0
<D3V%09oNmOUseOVeR%09=%09(confirm)()>v3dm0s,url_href,0
<D3V%09oNmOUseOVeR%09=%09(confirm)()>v3dm0s,url_navigation,0
"<A/+/OnPoInTERenTeR+=+a=prompt,a()%0dx>v3dm0s",html_tag,0
"<A/+/OnPoInTERenTeR+=+a=prompt,a()%0dx>v3dm0s",html_attribute,0
"<A/+/OnPoInTERenTeR+=+a=prompt,a()%0dx>v3dm0s",html_text,0
"<A/+/OnPoInTERenTeR+=+a=prompt,a()%0dx>v3dm0s",script_block,0
"<A/+/OnPoInTERenTeR+=+a=prompt,a()%0dx>v3dm0s",comment,0
"<A/+/OnPoInTERenTeR+=+a=prompt,a()%0dx>v3dm0s",url_href,0
"<A/+/OnPoInTERenTeR+=+a=prompt,a()%0dx>v3dm0s",url_navigation,0
<HtmL%0aonmouSEovER%09=%09confirm()%0dx//,html_tag,0
<HtmL%0aonmouSEovER%09=%09confirm()%0dx//,html_attribute,0
<HtmL%0aonmouSEovER%09=%09confirm()%0dx//,html_text,0
<HtmL%0aonmouSEovER%09=%09confirm()%0dx//,script_block,0
<HtmL%0aonmouSEovER%09=%09confirm()%0dx//,comment,0
<HtmL%0aonmouSEovER%09=%09confirm()%0dx//,url_href,0
<HtmL%0aonmouSEovER%09=%09confirm()%0dx//,url_navigation,0
"<detAILS%0dONToGgLe%0d=%0da=prompt,a()%0dx>",html_tag,0
"<detAILS%0dONToGgLe%0d=%0da=prompt,a()%0dx>",html_attribute,0
"<detAILS%0dONToGgLe%0d=%0da=prompt,a()%0dx>",html_text,0
"<detAILS%0dONToGgLe%0d=%0da=prompt,a()%0dx>",script_block,0
"<detAILS%0dONToGgLe%0d=%0da=prompt,a()%0dx>",comment,0
"<detAILS%0dONToGgLe%0d=%0da=prompt,a()%0dx>",url_href,0
"<detAILS%0dONToGgLe%0d=%0da=prompt,a()%0dx>",url_navigation,0
"<deTAIls%09ONpoINTEREnTER+=+a=prompt,a()%0dx>",html_tag,0
"<deTAIls%09ONpoINTEREnTER+=+a=prompt,a()%0dx>",html_attribute,0
"<deTAIls%09ONpoINTEREnTER+=+a=prompt,a()%0dx>",html_text,0
"<deTAIls%09ONpoINTEREnTER+=+a=prompt,a()%0dx>",script_block,0
"<deTAIls%09ONpoINTEREnTER+=+a=prompt,a()%0dx>",comment,0
"<deTAIls%09ONpoINTEREnTER+=+a=prompt,a()%0dx>",url_href,0
"<deTAIls%09ONpoINTEREnTER+=+a=prompt,a()%0dx>",url_navigation,0
"<a/+/onPOinteReNTeR%0a=%0aa=prompt,a()>v3dm0s",html_tag,1
"<a/+/onPOinteReNTeR%0a=%0aa=prompt,a()>v3dm0s",html_attribute,0
"<a/+/onPOinteReNTeR%0a=%0aa=prompt,a()>v3dm0s",html_text,1
"<a/+/onPOinteReNTeR%0a=%0aa=prompt,a()>v3dm0s",script_block,0
"<a/+/onPOinteReNTeR%0a=%0aa=prompt,a()>v3dm0s",comment,0
"<a/+/onPOinteReNTeR%0a=%0aa=prompt,a()>v3dm0s",url_href,0
"<a/+/onPOinteReNTeR%0a=%0aa=prompt,a()>v3dm0s",url_navigation,0
<details%0aOntoGgLE%09=%09(confirm)()%0dx//,html_tag,0
<details%0aOntoGgLE%09=%09(confirm)()%0dx//,html_attribute,0
<details%0aOntoGgLE%09=%09(confirm)()%0dx//,html_text,0
<details%0aOntoGgLE%09=%09(confirm)()%0dx//,script_block,0
<details%0aOntoGgLE%09=%09(confirm)()%0dx//,comment,0
<details%0aOntoGgLE%09=%09(confirm)()%0dx//,url_href,0
<details%0aOntoGgLE%09=%09(confirm)()%0dx//,url_navigation,0
<D3V/+/onMOUSEOvER%09=%09(confirm)()%0dx>v3dm0s,html_tag,1
<D3V/+/onMOUSEOvER%09=%09(confirm)()%0dx>v3dm0s,html_attribute,0
<D3V/+/onMOUSEOvER%09=%09(confirm)()%0dx>v3dm0s,html_text,1
<D3V/+/onMOUSEOvER%09=%09(confirm)()%0dx>v3dm0s,script_block,0
<D3V/+/onMOUSEOvER%09=%09(confirm)()%0dx>v3dm0s,comment,0
<D3V/+/onMOUSEOvER%09=%09(confirm)()%0dx>v3dm0s,url_href,0
<D3V/+/onMOUSEOvER%09=%09(confirm)()%0dx>v3dm0s,url_navigation,0
<A%0aoNMoUseoVeR+=+(confirm)()%0dx>v3dm0s,html_tag,0
<A%0aoNMoUseoVeR+=+(confirm)()%0dx>v3dm0s,html_attribute,0
<A%0aoNMoUseoVeR+=+(confirm)()%0dx>v3dm0s,html_text,0
<A%0aoNMoUseoVeR+=+(confirm)()%0dx>v3dm0s,script_block,0
<A%0aoNMoUseoVeR+=+(confirm)()%0dx>v3dm0s,comment,0
<A%0aoNMoUseoVeR+=+(confirm)()%0dx>v3dm0s,url_href,0
<A%0aoNMoUseoVeR+=+(confirm)()%0dx>v3dm0s,url_navigation,0
<a/+/OnpoinTeREnTer%0d=%0dconfirm()%0dx>v3dm0s,html_tag,1
<a/+/OnpoinTeREnTer%0d=%0dconfirm()%0dx>v3dm0s,html_attribute,0
<a/+/OnpoinTeREnTer%0d=%0dconfirm()%0dx>v3dm0s,html_text,1
<a/+/OnpoinTeREnTer%0d=%0dconfirm()%0dx>v3dm0s,script_block,0
<a/+/OnpoinTeREnTer%0d=%0dconfirm()%0dx>v3dm0s,comment,0
<a/+/OnpoinTeREnTer%0d=%0dconfirm()%0dx>v3dm0s,url_href,0
<a/+/OnpoinTeREnTer%0d=%0dconfirm()%0dx>v3dm0s,url_navigation,0
<html%0aonmouSEoVEr%0a=%0a[8].find(confirm)%0dx>,html_tag,0
<html%0aonmouSEoVEr%0a=%0a[8].find(confirm)%0dx>,html_attribute,0
<html%0aonmouSEoVEr%0a=%0a[8].find(confirm)%0dx>,html_text,0
<html%0aonmouSEoVEr%0a=%0a[8].find(confirm)%0dx>,script_block,0
<html%0aonmouSEoVEr%0a=%0a[8].find(confirm)%0dx>,comment,0
<html%0aonmouSEoVEr%0a=%0a[8].find(confirm)%0dx>,url_href,0
<html%0aonmouSEoVEr%0a=%0a[8].find(confirm)%0dx>,url_navigation,0
<d3v%0aoNpOInTErEnTEr%0d=%0d[8].find(confirm)>v3dm0s,html_tag,1
<d3v%0aoNpOInTErEnTEr%0d=%0d[8].find(confirm)>v3dm0s,html_attribute,0
<d3v%0aoNpOInTErEnTEr%0d=%0d[8].find(confirm)>v3dm0s,html_text,1
<d3v%0aoNpOInTErEnTEr%0d=%0d[8].find(confirm)>v3dm0s,script_block,0
<d3v%0aoNpOInTErEnTEr%0d=%0d[8].find(confirm)>v3dm0s,comment,0
<d3v%0aoNpOInTErEnTEr%0d=%0d[8].find(confirm)>v3dm0s,url_href,0
<d3v%0aoNpOInTErEnTEr%0d=%0d[8].find(confirm)>v3dm0s,url_navigation,0
<A%0donmoUSeover+=+confirm()>v3dm0s,html_tag,0
<A%0donmoUSeover+=+confirm()>v3dm0s,html_attribute,0
<A%0donmoUSeover+=+confirm()>v3dm0s,html_text,0
<A%0donmoUSeover+=+confirm()>v3dm0s,script_block,0
<A%0donmoUSeover+=+confirm()>v3dm0s,comment,0
<A%0donmoUSeover+=+confirm()>v3dm0s,url_href,0
<A%0donmoUSeover+=+confirm()>v3dm0s,url_navigation,0
<a%0dONMousEOVeR%09=%09(prompt)``>v3dm0s,html_tag,1
<a%0dONMousEOVeR%09=%09(prompt)``>v3dm0s,html_attribute,0
<a%0dONMousEOVeR%09=%09(prompt)``>v3dm0s,html_text,1
<a%0dONMousEOVeR%09=%09(prompt)``>v3dm0s,script_block,0
<a%0dONMousEOVeR%09=%09(prompt)``>v3dm0s,comment,0
<a%0dONMousEOVeR%09=%09(prompt)``>v3dm0s,url_href,0
<a%0dONMousEOVeR%09=%09(prompt)``>v3dm0s,url_navigation,0
<deTAiLS%0doNTOGGLe%0d=%0d(confirm)()%0dx//,html_tag,0
<deTAiLS%0doNTOGGLe%0d=%0d(confirm)()%0dx//,html_attribute,0
<deTAiLS%0doNTOGGLe%0d=%0d(confirm)()%0dx//,html_text,0
<deTAiLS%0doNTOGGLe%0d=%0d(confirm)()%0dx//,script_block,0
<deTAiLS%0doNTOGGLe%0d=%0d(confirm)()%0dx//,comment,0
<deTAiLS%0doNTOGGLe%0d=%0d(confirm)()%0dx//,url_href,0
<deTAiLS%0doNTOGGLe%0d=%0d(confirm)()%0dx//,url_navigation,0
<D3v%0dOnPoiNTerEnTEr%0a=%0aconfirm()%0dx>v3dm0s,html_tag,1
<D3v%0dOnPoiNTerEnTEr%0a=%0aconfirm()%0dx>v3dm0s,html_attribute,0
<D3v%0dOnPoiNTerEnTEr%0a=%0aconfirm()%0dx>v3dm0s,html_text,1
<D3v%0dOnPoiNTerEnTEr%0a=%0aconfirm()%0dx>v3dm0s,script_block,0
<D3v%0dOnPoiNTerEnTEr%0a=%0aconfirm()%0dx>v3dm0s,comment,0
<D3v%0dOnPoiNTerEnTEr%0a=%0aconfirm()%0dx>v3dm0s,url_href,0
<D3v%0dOnPoiNTerEnTEr%0a=%0aconfirm()%0dx>v3dm0s,url_navigation,0
"<DETaiLs%0dONtOGGLE%09=%09a=prompt,a()%0dx>",html_tag,0
"<DETaiLs%0dONtOGGLE%09=%09a=prompt,a()%0dx>",html_attribute,0
"<DETaiLs%0dONtOGGLE%09=%09a=prompt,a()%0dx>",html_text,0
"<DETaiLs%0dONtOGGLE%09=%09a=prompt,a()%0dx>",script_block,0
"<DETaiLs%0dONtOGGLE%09=%09a=prompt,a()%0dx>",comment,0
"<DETaiLs%0dONtOGGLE%09=%09a=prompt,a()%0dx>",url_href,0
"<DETaiLs%0dONtOGGLE%09=%09a=prompt,a()%0dx>",url_navigation,0
<a%0aonPoIntERENter%0a=%0a(prompt)``>v3dm0s,html_tag,1
<a%0aonPoIntERENter%0a=%0a(prompt)``>v3dm0s,html_attribute,0
<a%0aonPoIntERENter%0a=%0a(prompt)``>v3dm0s,html_text,1
<a%0aonPoIntERENter%0a=%0a(prompt)``>v3dm0s,script_block,0
<a%0aonPoIntERENter%0a=%0a(prompt)``>v3dm0s,comment,0
<a%0aonPoIntERENter%0a=%0a(prompt)``>v3dm0s,url_href,0
<a%0aonPoIntERENter%0a=%0a(prompt)``>v3dm0s,url_navigation,0
<D3V/+/onPointerEnteR%0d=%0dconfirm()%0dx>v3dm0s,html_tag,1
<D3V/+/onPointerEnteR%0d=%0dconfirm()%0dx>v3dm0s,html_attribute,0
<D3V/+/onPointerEnteR%0d=%0dconfirm()%0dx>v3dm0s,html_text,1
<D3V/+/onPointerEnteR%0d=%0dconfirm()%0dx>v3dm0s,script_block,0
<D3V/+/onPointerEnteR%0d=%0dconfirm()%0dx>v3dm0s,comment,0
<D3V/+/onPointerEnteR%0d=%0dconfirm()%0dx>v3dm0s,url_href,0
<D3V/+/onPointerEnteR%0d=%0dconfirm()%0dx>v3dm0s,url_navigation,0
<a%0donpoiNtERENTer%0d=%0d(confirm)()>v3dm0s,html_tag,1
<a%0donpoiNtERENTer%0d=%0d(confirm)()>v3dm0s,html_attribute,0
<a%0donpoiNtERENTer%0d=%0d(confirm)()>v3dm0s,html_text,1
<a%0donpoiNtERENTer%0d=%0d(confirm)()>v3dm0s,script_block,0
<a%0donpoiNtERENTer%0d=%0d(confirm)()>v3dm0s,comment,0
<a%0donpoiNtERENTer%0d=%0d(confirm)()>v3dm0s,url_href,0
<a%0donpoiNtERENTer%0d=%0d(confirm)()>v3dm0s,url_navigation,0
<a%09onpOInTerENTeR%0d=%0d(prompt)``>v3dm0s,html_tag,1
<a%09onpOInTerENTeR%0d=%0d(prompt)``>v3dm0s,html_attribute,0
<a%09onpOInTerENTeR%0d=%0d(prompt)``>v3dm0s,html_text,1
<a%09onpOInTerENTeR%0d=%0d(prompt)``>v3dm0s,script_block,0
<a%09onpOInTerENTeR%0d=%0d(prompt)``>v3dm0s,comment,0
<a%09onpOInTerENTeR%0d=%0d(prompt)``>v3dm0s,url_href,0
<a%09onpOInTerENTeR%0d=%0d(prompt)``>v3dm0s,url_navigation,0
<A%09oNMOuSeoVeR%09=%09(prompt)``>v3dm0s,html_tag,1
<A%09oNMOuSeoVeR%09=%09(prompt)``>v3dm0s,html_attribute,0
<A%09oNMOuSeoVeR%09=%09(prompt)``>v3dm0s,html_text,1
<A%09oNMOuSeoVeR%09=%09(prompt)``>v3dm0s,script_block,0
<A%09oNMOuSeoVeR%09=%09(prompt)``>v3dm0s,comment,0
<A%09oNMOuSeoVeR%09=%09(prompt)``>v3dm0s,url_href,0
<A%09oNMOuSeoVeR%09=%09(prompt)``>v3dm0s,url_navigation,0
<detaILs%09ontogGle%0a=%0a(confirm)()%0dx>,html_tag,0
<detaILs%09ontogGle%0a=%0a(confirm)()%0dx>,html_attribute,0
<detaILs%09ontogGle%0a=%0a(confirm)()%0dx>,html_text,0
<detaILs%09ontogGle%0a=%0a(confirm)()%0dx>,script_block,0
<detaILs%09ontogGle%0a=%0a(confirm)()%0dx>,comment,0
<detaILs%09ontogGle%0a=%0a(confirm)()%0dx>,url_href,0
<detaILs%09ontogGle%0a=%0a(confirm)()%0dx>,url_navigation,0
<HTmL/+/OnMOUseOVER%0d=%0dconfirm()%0dx>,html_tag,0
<HTmL/+/OnMOUseOVER%0d=%0dconfirm()%0dx>,html_attribute,0
<HTmL/+/OnMOUseOVER%0d=%0dconfirm()%0dx>,html_text,0
<HTmL/+/OnMOUseOVER%0d=%0dconfirm()%0dx>,script_block,0
<HTmL/+/OnMOUseOVER%0d=%0dconfirm()%0dx>,comment,0
<HTmL/+/OnMOUseOVER%0d=%0dconfirm()%0dx>,url_href,0
<HTmL/+/OnMOUseOVER%0d=%0dconfirm()%0dx>,url_navigation,0
<deTaIls%0doNPoINtErenter+=+confirm()>,html_tag,0
<deTaIls%0doNPoINtErenter+=+confirm()>,html_attribute,0
<deTaIls%0doNPoINtErenter+=+confirm()>,html_text,0
<deTaIls%0doNPoINtErenter+=+confirm()>,script_block,0
<deTaIls%0doNPoINtErenter+=+confirm()>,comment,0
<deTaIls%0doNPoINtErenter+=+confirm()>,url_href,0
<deTaIls%0doNPoINtErenter+=+confirm()>,url_navigation,0
"<A/+/ONmOusEOVEr%0d=%0da=prompt,a()%0dx>v3dm0s",html_tag,1
"<A/+/ONmOusEOVEr%0d=%0da=prompt,a()%0dx>v3dm0s",html_attribute,0
"<A/+/ONmOusEOVEr%0d=%0da=prompt,a()%0dx>v3dm0s",html_text,1
"<A/+/ONmOusEOVEr%0d=%0da=prompt,a()%0dx>v3dm0s",script_block,0
"<A/+/ONmOusEOVEr%0d=%0da=prompt,a()%0dx>v3dm0s",comment,0
"<A/+/ONmOusEOVEr%0d=%0da=prompt,a()%0dx>v3dm0s",url_href,0
"<A/+/ONmOusEOVEr%0d=%0da=prompt,a()%0dx>v3dm0s",url_navigation,0
<a%0doNpOiNteRenteR%09=%09[8].find(confirm)%0dx>v3dm0s,html_tag,1
<a%0doNpOiNteRenteR%09=%09[8].find(confirm)%0dx>v3dm0s,html_attribute,0
<a%0doNpOiNteRenteR%09=%09[8].find(confirm)%0dx>v3dm0s,html_text,1
<a%0doNpOiNteRenteR%09=%09[8].find(confirm)%0dx>v3dm0s,script_block,0
<a%0doNpOiNteRenteR%09=%09[8].find(confirm)%0dx>v3dm0s,comment,0
<a%0doNpOiNteRenteR%09=%09[8].find(confirm)%0dx>v3dm0s,url_href,0
<a%0doNpOiNteRenteR%09=%09[8].find(confirm)%0dx>v3dm0s,url_navigation,0
<A%0donPOINTerENTEr%0d=%0dconfirm()>v3dm0s,html_tag,1
<A%0donPOINTerENTEr%0d=%0dconfirm()>v3dm0s,html_attribute,0
<A%0donPOINTerENTEr%0d=%0dconfirm()>v3dm0s,html_text,1
<A%0donPOINTerENTEr%0d=%0dconfirm()>v3dm0s,script_block,0
<A%0donPOINTerENTEr%0d=%0dconfirm()>v3dm0s,comment,0
<A%0donPOINTerENTEr%0d=%0dconfirm()>v3dm0s,url_href,0
<A%0donPOINTerENTEr%0d=%0dconfirm()>v3dm0s,url_navigation,0
<d3v%0dOnmOuSeovER+=+(prompt)``>v3dm0s,html_tag,0
<d3v%0dOnmOuSeovER+=+(prompt)``>v3dm0s,html_attribute,0
<d3v%0dOnmOuSeovER+=+(prompt)``>v3dm0s,html_text,0
<d3v%0dOnmOuSeovER+=+(prompt)``>v3dm0s,script_block,0
<d3v%0dOnmOuSeovER+=+(prompt)``>v3dm0s,comment,0
<d3v%0dOnmOuSeovER+=+(prompt)``>v3dm0s,url_href,0
<d3v%0dOnmOuSeovER+=+(prompt)``>v3dm0s,url_navigation,0
<a%0dOnpointerenTEr%0d=%0d(prompt)``%0dx>v3dm0s,html_tag,1
<a%0dOnpointerenTEr%0d=%0d(prompt)``%0dx>v3dm0s,html_attribute,0
<a%0dOnpointerenTEr%0d=%0d(prompt)``%0dx>v3dm0s,html_text,1
<a%0dOnpointerenTEr%0d=%0d(prompt)``%0dx>v3dm0s,script_block,0
<a%0dOnpointerenTEr%0d=%0d(prompt)``%0dx>v3dm0s,comment,0
<a%0dOnpointerenTEr%0d=%0d(prompt)``%0dx>v3dm0s,url_href,0
<a%0dOnpointerenTEr%0d=%0d(prompt)``%0dx>v3dm0s,url_navigation,0
<dETaILS%0aONPoiNtEREntEr%09=%09confirm()%0dx//,html_tag,0
<dETaILS%0aONPoiNtEREntEr%09=%09confirm()%0dx//,html_attribute,0
<dETaILS%0aONPoiNtEREntEr%09=%09confirm()%0dx//,html_text,0
<dETaILS%0aONPoiNtEREntEr%09=%09confirm()%0dx//,script_block,0
<dETaILS%0aONPoiNtEREntEr%09=%09confirm()%0dx//,comment,0
<dETaILS%0aONPoiNtEREntEr%09=%09confirm()%0dx//,url_href,0
<dETaILS%0aONPoiNtEREntEr%09=%09confirm()%0dx//,url_navigation,0
<A%09oNMOUsEOvER%09=%09[8].find(confirm)>v3dm0s,html_tag,1
<A%09oNMOUsEOvER%09=%09[8].find(confirm)>v3dm0s,html_attribute,0
<A%09oNMOUsEOvER%09=%09[8].find(confirm)>v3dm0s,html_text,1
<A%09oNMOUsEOvER%09=%09[8].find(confirm)>v3dm0s,script_block,0
<A%09oNMOUsEOvER%09=%09[8].find(confirm)>v3dm0s,comment,0
<A%09oNMOUsEOvER%09=%09[8].find(confirm)>v3dm0s,url_href,0
<A%09oNMOUsEOvER%09=%09[8].find(confirm)>v3dm0s,url_navigation,0
<a%0aONpOInTEREnTER%0a=%0aconfirm()>v3dm0s,html_tag,1
<a%0aONpOInTEREnTER%0a=%0aconfirm()>v3dm0s,html_attribute,0
<a%0aONpOInTEREnTER%0a=%0aconfirm()>v3dm0s,html_text,1
<a%0aONpOInTEREnTER%0a=%0aconfirm()>v3dm0s,script_block,0
<a%0aONpOInTEREnTER%0a=%0aconfirm()>v3dm0s,comment,0
<a%0aONpOInTEREnTER%0a=%0aconfirm()>v3dm0s,url_href,0
<a%0aONpOInTEREnTER%0a=%0aconfirm()>v3dm0s,url_navigation,0
<d3v%09ONmOuseoveR%0d=%0dconfirm()%0dx>v3dm0s,html_tag,1
<d3v%09ONmOuseoveR%0d=%0dconfirm()%0dx>v3dm0s,html_attribute,0
<d3v%09ONmOuseoveR%0d=%0dconfirm()%0dx>v3dm0s,html_text,1
<d3v%09ONmOuseoveR%0d=%0dconfirm()%0dx>v3dm0s,script_block,0
<d3v%09ONmOuseoveR%0d=%0dconfirm()%0dx>v3dm0s,comment,0
<d3v%09ONmOuseoveR%0d=%0dconfirm()%0dx>v3dm0s,url_href,0
<d3v%09ONmOuseoveR%0d=%0dconfirm()%0dx>v3dm0s,url_navigation,0
<a%09oNMOuseOVEr%0a=%0a[8].find(confirm)%0dx>v3dm0s,html_tag,1
<a%09oNMOuseOVEr%0a=%0a[8].find(confirm)%0dx>v3dm0s,html_attribute,0
<a%09oNMOuseOVEr%0a=%0a[8].find(confirm)%0dx>v3dm0s,html_text,1
<a%09oNMOuseOVEr%0a=%0a[8].find(confirm)%0dx>v3dm0s,script_block,0
<a%09oNMOuseOVEr%0a=%0a[8].find(confirm)%0dx>v3dm0s,comment,0
<a%09oNMOuseOVEr%0a=%0a[8].find(confirm)%0dx>v3dm0s,url_href,0
<a%09oNMOuseOVEr%0a=%0a[8].find(confirm)%0dx>v3dm0s,url_navigation,0
<a%0aONPOiNTeREnTer+=+(prompt)``>v3dm0s,html_tag,0
<a%0aONPOiNTeREnTer+=+(prompt)``>v3dm0s,html_attribute,0
<a%0aONPOiNTeREnTer+=+(prompt)``>v3dm0s,html_text,0
<a%0aONPOiNTeREnTer+=+(prompt)``>v3dm0s,script_block,0
<a%0aONPOiNTeREnTer+=+(prompt)``>v3dm0s,comment,0
<a%0aONPOiNTeREnTer+=+(prompt)``>v3dm0s,url_href,0
<a%0aONPOiNTeREnTer+=+(prompt)``>v3dm0s,url_navigation,0
<a%0aonPOINTERENteR%09=%09confirm()>v3dm0s,html_tag,1
<a%0aonPOINTERENteR%09=%09confirm()>v3dm0s,html_attribute,0
<a%0aonPOINTERENteR%09=%09confirm()>v3dm0s,html_text,1
<a%0aonPOINTERENteR%09=%09confirm()>v3dm0s,script_block,0
<a%0aonPOINTERENteR%09=%09confirm()>v3dm0s,comment,0
<a%0aonPOINTERENteR%09=%09confirm()>v3dm0s,url_href,0
<a%0aonPOINTERENteR%09=%09confirm()>v3dm0s,url_navigation,0
"<A%09OnMoUSeOVEr%09=%09a=prompt,a()>v3dm0s",html_tag,1
"<A%09OnMoUSeOVEr%09=%09a=prompt,a()>v3dm0s",html_attribute,0
"<A%09OnMoUSeOVEr%09=%09a=prompt,a()>v3dm0s",html_text,1
"<A%09OnMoUSeOVEr%09=%09a=prompt,a()>v3dm0s",script_block,0
"<A%09OnMoUSeOVEr%09=%09a=prompt,a()>v3dm0s",comment,0
"<A%09OnMoUSeOVEr%09=%09a=prompt,a()>v3dm0s",url_href,0
"<A%09OnMoUSeOVEr%09=%09a=prompt,a()>v3dm0s",url_navigation,0
<htMl%0aONmOUSeOVEr%0d=%0dconfirm()%0dx>,html_tag,0
<htMl%0aONmOUSeOVEr%0d=%0dconfirm()%0dx>,html_attribute,0
<htMl%0aONmOUSeOVEr%0d=%0dconfirm()%0dx>,html_text,0
<htMl%0aONmOUSeOVEr%0d=%0dconfirm()%0dx>,script_block,0
<htMl%0aONmOUSeOVEr%0d=%0dconfirm()%0dx>,comment,0
<htMl%0aONmOUSeOVEr%0d=%0dconfirm()%0dx>,url_href,0
<htMl%0aONmOUSeOVEr%0d=%0dconfirm()%0dx>,url_navigation,0
<a/+/onMouseoVER%0a=%0aconfirm()>v3dm0s,html_tag,1
<a/+/onMouseoVER%0a=%0aconfirm()>v3dm0s,html_attribute,0
<a/+/onMouseoVER%0a=%0aconfirm()>v3dm0s,html_text,1
<a/+/onMouseoVER%0a=%0aconfirm()>v3dm0s,script_block,0
<a/+/onMouseoVER%0a=%0aconfirm()>v3dm0s,comment,0
<a/+/onMouseoVER%0a=%0aconfirm()>v3dm0s,url_href,0
<a/+/onMouseoVER%0a=%0aconfirm()>v3dm0s,url_navigation,0
<D3v%0dOnmoUseoVEr%0a=%0a(confirm)()%0dx>v3dm0s,html_tag,1
<D3v%0dOnmoUseoVEr%0a=%0a(confirm)()%0dx>v3dm0s,html_attribute,0
<D3v%0dOnmoUseoVEr%0a=%0a(confirm)()%0dx>v3dm0s,html_text,1
<D3v%0dOnmoUseoVEr%0a=%0a(confirm)()%0dx>v3dm0s,script_block,0
<D3v%0dOnmoUseoVEr%0a=%0a(confirm)()%0dx>v3dm0s,comment,0
<D3v%0dOnmoUseoVEr%0a=%0a(confirm)()%0dx>v3dm0s,url_href,0
<D3v%0dOnmoUseoVEr%0a=%0a(confirm)()%0dx>v3dm0s,url_navigation,0
<a%0aOnmOUseoVEr%0a=%0a(prompt)``>v3dm0s,html_tag,1
<a%0aOnmOUseoVEr%0a=%0a(prompt)``>v3dm0s,html_attribute,0
<a%0aOnmOUseoVEr%0a=%0a(prompt)``>v3dm0s,html_text,1
<a%0aOnmOUseoVEr%0a=%0a(prompt)``>v3dm0s,script_block,0
<a%0aOnmOUseoVEr%0a=%0a(prompt)``>v3dm0s,comment,0
<a%0aOnmOUseoVEr%0a=%0a(prompt)``>v3dm0s,url_href,0
<a%0aOnmOUseoVEr%0a=%0a(prompt)``>v3dm0s,url_navigation,0
<detAILs%0doNpoInTErENtER+=+confirm()%0dx>,html_tag,0
<detAILs%0doNpoInTErENtER+=+confirm()%0dx>,html_attribute,0
<detAILs%0doNpoInTErENtER+=+confirm()%0dx>,html_text,0
<detAILs%0doNpoInTErENtER+=+confirm()%0dx>,script_block,0
<detAILs%0doNpoInTErENtER+=+confirm()%0dx>,comment,0
<detAILs%0doNpoInTErENtER+=+confirm()%0dx>,url_href,0
<detAILs%0doNpoInTErENtER+=+confirm()%0dx>,url_navigation,0
<DETAIls%0donPOintErENteR%09=%09[8].find(confirm)//,html_tag,0
<DETAIls%0donPOintErENteR%09=%09[8].find(confirm)//,html_attribute,0
<DETAIls%0donPOintErENteR%09=%09[8].find(confirm)//,html_text,0
<DETAIls%0donPOintErENteR%09=%09[8].find(confirm)//,script_block,0
<DETAIls%0donPOintErENteR%09=%09[8].find(confirm)//,comment,0
<DETAIls%0donPOintErENteR%09=%09[8].find(confirm)//,url_href,0
<DETAIls%0donPOintErENteR%09=%09[8].find(confirm)//,url_navigation,0
<detaIlS%0donTogglE+=+confirm()//,html_tag,0
<detaIlS%0donTogglE+=+confirm()//,html_attribute,0
<detaIlS%0donTogglE+=+confirm()//,html_text,0
<detaIlS%0donTogglE+=+confirm()//,script_block,0
<detaIlS%0donTogglE+=+confirm()//,comment,0
<detaIlS%0donTogglE+=+confirm()//,url_href,0
<detaIlS%0donTogglE+=+confirm()//,url_navigation,0
<A/+/ONpOiNtERenTeR%09=%09confirm()%0dx>v3dm0s,html_tag,1
<A/+/ONpOiNtERenTeR%09=%09confirm()%0dx>v3dm0s,html_attribute,0
<A/+/ONpOiNtERenTeR%09=%09confirm()%0dx>v3dm0s,html_text,1
<A/+/ONpOiNtERenTeR%09=%09confirm()%0dx>v3dm0s,script_block,0
<A/+/ONpOiNtERenTeR%09=%09confirm()%0dx>v3dm0s,comment,0
<A/+/ONpOiNtERenTeR%09=%09confirm()%0dx>v3dm0s,url_href,0
<A/+/ONpOiNtERenTeR%09=%09confirm()%0dx>v3dm0s,url_navigation,0
<D3V/+/ONpOintereNter+=+(confirm)()>v3dm0s,html_tag,0
<D3V/+/ONpOintereNter+=+(confirm)()>v3dm0s,html_attribute,0
<D3V/+/ONpOintereNter+=+(confirm)()>v3dm0s,html_text,0
<D3V/+/ONpOintereNter+=+(confirm)()>v3dm0s,script_block,0
<D3V/+/ONpOintereNter+=+(confirm)()>v3dm0s,comment,0
<D3V/+/ONpOintereNter+=+(confirm)()>v3dm0s,url_href,0
<D3V/+/ONpOintereNter+=+(confirm)()>v3dm0s,url_navigation,0
<d3v/+/ONMousEoveR%0a=%0a(prompt)``>v3dm0s,html_tag,1
<d3v/+/ONMousEoveR%0a=%0a(prompt)``>v3dm0s,html_attribute,0
<d3v/+/ONMousEoveR%0a=%0a(prompt)``>v3dm0s,html_text,1
<d3v/+/ONMousEoveR%0a=%0a(prompt)``>v3dm0s,script_block,0
<d3v/+/ONMousEoveR%0a=%0a(prompt)``>v3dm0s,comment,0
<d3v/+/ONMousEoveR%0a=%0a(prompt)``>v3dm0s,url_href,0
<d3v/+/ONMousEoveR%0a=%0a(prompt)``>v3dm0s,url_navigation,0
<D3V%0doNmOuSEOVEr%0d=%0d(prompt)``>v3dm0s,html_tag,1
<D3V%0doNmOuSEOVEr%0d=%0d(prompt)``>v3dm0s,html_attribute,0
<D3V%0doNmOuSEOVEr%0d=%0d(prompt)``>v3dm0s,html_text,1
<D3V%0doNmOuSEOVEr%0d=%0d(prompt)``>v3dm0s,script_block,0
<D3V%0doNmOuSEOVEr%0d=%0d(prompt)``>v3dm0s,comment,0
<D3V%0doNmOuSEOVEr%0d=%0d(prompt)``>v3dm0s,url_href,0
<D3V%0doNmOuSEOVEr%0d=%0d(prompt)``>v3dm0s,url_navigation,0
<DEtAILS%0aOnpOiNterentER+=+(prompt)``>,html_tag,0
<DEtAILS%0aOnpOiNterentER+=+(prompt)``>,html_attribute,0
<DEtAILS%0aOnpOiNterentER+=+(prompt)``>,html_text,0
<DEtAILS%0aOnpOiNterentER+=+(prompt)``>,script_block,0
<DEtAILS%0aOnpOiNterentER+=+(prompt)``>,comment,0
<DEtAILS%0aOnpOiNterentER+=+(prompt)``>,url_href,0
<DEtAILS%0aOnpOiNterentER+=+(prompt)``>,url_navigation,0
<a/+/ONmoUSEovER+=+confirm()%0dx>v3dm0s,html_tag,0
<a/+/ONmoUSEovER+=+confirm()%0dx>v3dm0s,html_attribute,0
<a/+/ONmoUSEovER+=+confirm()%0dx>v3dm0s,html_text,0
<a/+/ONmoUSEovER+=+confirm()%0dx>v3dm0s,script_block,0
<a/+/ONmoUSEovER+=+confirm()%0dx>v3dm0s,comment,0
<a/+/ONmoUSEovER+=+confirm()%0dx>v3dm0s,url_href,0
<a/+/ONmoUSEovER+=+confirm()%0dx>v3dm0s,url_navigation,0
<a/+/oNPOINtEReNtEr%0d=%0d(confirm)()>v3dm0s,html_tag,1
<a/+/oNPOINtEReNtEr%0d=%0d(confirm)()>v3dm0s,html_attribute,0
<a/+/oNPOINtEReNtEr%0d=%0d(confirm)()>v3dm0s,html_text,1
<a/+/oNPOINtEReNtEr%0d=%0d(confirm)()>v3dm0s,script_block,0
<a/+/oNPOINtEReNtEr%0d=%0d(confirm)()>v3dm0s,comment,0
<a/+/oNPOINtEReNtEr%0d=%0d(confirm)()>v3dm0s,url_href,0
<a/+/oNPOINtEReNtEr%0d=%0d(confirm)()>v3dm0s,url_navigation,0
<D3V/+/onMouseOvEr%0a=%0aconfirm()>v3dm0s,html_tag,1
<D3V/+/onMouseOvEr%0a=%0aconfirm()>v3dm0s,html_attribute,0
<D3V/+/onMouseOvEr%0a=%0aconfirm()>v3dm0s,html_text,1
<D3V/+/onMouseOvEr%0a=%0aconfirm()>v3dm0s,script_block,0
<D3V/+/onMouseOvEr%0a=%0aconfirm()>v3dm0s,comment,0
<D3V/+/onMouseOvEr%0a=%0aconfirm()>v3dm0s,url_href,0
<D3V/+/onMouseOvEr%0a=%0aconfirm()>v3dm0s,url_navigation,0
<a/+/OnMoUSEOVeR+=+confirm()%0dx>v3dm0s,html_tag,0
<a/+/OnMoUSEOVeR+=+confirm()%0dx>v3dm0s,html_attribute,0
<a/+/OnMoUSEOVeR+=+confirm()%0dx>v3dm0s,html_text,0
<a/+/OnMoUSEOVeR+=+confirm()%0dx>v3dm0s,script_block,0
<a/+/OnMoUSEOVeR+=+confirm()%0dx>v3dm0s,comment,0
<a/+/OnMoUSEOVeR+=+confirm()%0dx>v3dm0s,url_href,0
<a/+/OnMoUSEOVeR+=+confirm()%0dx>v3dm0s,url_navigation,0
<D3v%0doNMOUSEovER%0a=%0a(prompt)``%0dx>v3dm0s,html_tag,1
<D3v%0doNMOUSEovER%0a=%0a(prompt)``%0dx>v3dm0s,html_attribute,0
<D3v%0doNMOUSEovER%0a=%0a(prompt)``%0dx>v3dm0s,html_text,1
<D3v%0doNMOUSEovER%0a=%0a(prompt)``%0dx>v3dm0s,script_block,0
<D3v%0doNMOUSEovER%0a=%0a(prompt)``%0dx>v3dm0s,comment,0
<D3v%0doNMOUSEovER%0a=%0a(prompt)``%0dx>v3dm0s,url_href,0
<D3v%0doNMOUSEovER%0a=%0a(prompt)``%0dx>v3dm0s,url_navigation,0
<hTML%0aonMOuSeovER+=+[8].find(confirm)>,html_tag,0
<hTML%0aonMOuSeovER+=+[8].find(confirm)>,html_attribute,0
<hTML%0aonMOuSeovER+=+[8].find(confirm)>,html_text,0
<hTML%0aonMOuSeovER+=+[8].find(confirm)>,script_block,0
<hTML%0aonMOuSeovER+=+[8].find(confirm)>,comment,0
<hTML%0aonMOuSeovER+=+[8].find(confirm)>,url_href,0
<hTML%0aonMOuSeovER+=+[8].find(confirm)>,url_navigation,0
<HtML%0aoNPOInterENTER%0d=%0d(confirm)()%0dx>,html_tag,0
<HtML%0aoNPOInterENTER%0d=%0d(confirm)()%0dx>,html_attribute,0
<HtML%0aoNPOInterENTER%0d=%0d(confirm)()%0dx>,html_text,0
<HtML%0aoNPOInterENTER%0d=%0d(confirm)()%0dx>,script_block,0
<HtML%0aoNPOInterENTER%0d=%0d(confirm)()%0dx>,comment,0
<HtML%0aoNPOInterENTER%0d=%0d(confirm)()%0dx>,url_href,0
<HtML%0aoNPOInterENTER%0d=%0d(confirm)()%0dx>,url_navigation,0
<HtMl%0aonMOUseOVER%0a=%0a(prompt)``%0dx>,html_tag,0
<HtMl%0aonMOUseOVER%0a=%0a(prompt)``%0dx>,html_attribute,0
<HtMl%0aonMOUseOVER%0a=%0a(prompt)``%0dx>,html_text,0
<HtMl%0aonMOUseOVER%0a=%0a(prompt)``%0dx>,script_block,0
<HtMl%0aonMOUseOVER%0a=%0a(prompt)``%0dx>,comment,0
<HtMl%0aonMOUseOVER%0a=%0a(prompt)``%0dx>,url_href,0
<HtMl%0aonMOUseOVER%0a=%0a(prompt)``%0dx>,url_navigation,0
<d3V%0dOnPoinTEReNTeR%09=%09(prompt)``>v3dm0s,html_tag,1
<d3V%0dOnPoinTEReNTeR%09=%09(prompt)``>v3dm0s,html_attribute,0
<d3V%0dOnPoinTEReNTeR%09=%09(prompt)``>v3dm0s,html_text,1
<d3V%0dOnPoinTEReNTeR%09=%09(prompt)``>v3dm0s,script_block,0
<d3V%0dOnPoinTEReNTeR%09=%09(prompt)``>v3dm0s,comment,0
<d3V%0dOnPoinTEReNTeR%09=%09(prompt)``>v3dm0s,url_href,0
<d3V%0dOnPoinTEReNTeR%09=%09(prompt)``>v3dm0s,url_navigation,0
<deTAILs/+/OnpoINTErEntER+=+(confirm)()%0dx>,html_tag,0
<deTAILs/+/OnpoINTErEntER+=+(confirm)()%0dx>,html_attribute,0
<deTAILs/+/OnpoINTErEntER+=+(confirm)()%0dx>,html_text,0
<deTAILs/+/OnpoINTErEntER+=+(confirm)()%0dx>,script_block,0
<deTAILs/+/OnpoINTErEntER+=+(confirm)()%0dx>,comment,0
<deTAILs/+/OnpoINTErEntER+=+(confirm)()%0dx>,url_href,0
<deTAILs/+/OnpoINTErEntER+=+(confirm)()%0dx>,url_navigation,0
<detAILs%09onpOiNtereNteR%09=%09[8].find(confirm)>,html_tag,0
<detAILs%09onpOiNtereNteR%09=%09[8].find(confirm)>,html_attribute,0
<detAILs%09onpOiNtereNteR%09=%09[8].find(confirm)>,html_text,0
<detAILs%09onpOiNtereNteR%09=%09[8].find(confirm)>,script_block,0
<detAILs%09onpOiNtereNteR%09=%09[8].find(confirm)>,comment,0
<detAILs%09onpOiNtereNteR%09=%09[8].find(confirm)>,url_href,0
<detAILs%09onpOiNtereNteR%09=%09[8].find(confirm)>,url_navigation,0
<detailS%09OnpoINterEnTEr+=+(confirm)()%0dx//,html_tag,0
<detailS%09OnpoINterEnTEr+=+(confirm)()%0dx//,html_attribute,0
<detailS%09OnpoINterEnTEr+=+(confirm)()%0dx//,html_text,0
<detailS%09OnpoINterEnTEr+=+(confirm)()%0dx//,script_block,0
<detailS%09OnpoINterEnTEr+=+(confirm)()%0dx//,comment,0
<detailS%09OnpoINterEnTEr+=+(confirm)()%0dx//,url_href,0
<detailS%09OnpoINterEnTEr+=+(confirm)()%0dx//,url_navigation,0
<DetAiLS%0aOnPOiNTErEntEr%09=%09confirm()%0dx>,html_tag,0
<DetAiLS%0aOnPOiNTErEntEr%09=%09confirm()%0dx>,html_attribute,0
<DetAiLS%0aOnPOiNTErEntEr%09=%09confirm()%0dx>,html_text,0
<DetAiLS%0aOnPOiNTErEntEr%09=%09confirm()%0dx>,script_block,0
<DetAiLS%0aOnPOiNTErEntEr%09=%09confirm()%0dx>,comment,0
<DetAiLS%0aOnPOiNTErEntEr%09=%09confirm()%0dx>,url_href,0
<DetAiLS%0aOnPOiNTErEntEr%09=%09confirm()%0dx>,url_navigation,0
<A/+/oNMOuseOVer+=+confirm()>v3dm0s,html_tag,0
<A/+/oNMOuseOVer+=+confirm()>v3dm0s,html_attribute,0
<A/+/oNMOuseOVer+=+confirm()>v3dm0s,html_text,0
<A/+/oNMOuseOVer+=+confirm()>v3dm0s,script_block,0
<A/+/oNMOuseOVer+=+confirm()>v3dm0s,comment,0
<A/+/oNMOuseOVer+=+confirm()>v3dm0s,url_href,0
<A/+/oNMOuseOVer+=+confirm()>v3dm0s,url_navigation,0
<Html%0aONmouSeOVEr%0a=%0aconfirm()>,html_tag,0
<Html%0aONmouSeOVEr%0a=%0aconfirm()>,html_attribute,0
<Html%0aONmouSeOVEr%0a=%0aconfirm()>,html_text,0
<Html%0aONmouSeOVEr%0a=%0aconfirm()>,script_block,0
<Html%0aONmouSeOVEr%0a=%0aconfirm()>,comment,0
<Html%0aONmouSeOVEr%0a=%0aconfirm()>,url_href,0
<Html%0aONmouSeOVEr%0a=%0aconfirm()>,url_navigation,0
<A%09OnpoIntEreNter+=+(prompt)``%0dx>v3dm0s,html_tag,0
<A%09OnpoIntEreNter+=+(prompt)``%0dx>v3dm0s,html_attribute,0
<A%09OnpoIntEreNter+=+(prompt)``%0dx>v3dm0s,html_text,0
<A%09OnpoIntEreNter+=+(prompt)``%0dx>v3dm0s,script_block,0
<A%09OnpoIntEreNter+=+(prompt)``%0dx>v3dm0s,comment,0
<A%09OnpoIntEreNter+=+(prompt)``%0dx>v3dm0s,url_href,0
<A%09OnpoIntEreNter+=+(prompt)``%0dx>v3dm0s,url_navigation,0
<DETails/+/onTOgGLE+=+[8].find(confirm)%0dx//,html_tag,0
<DETails/+/onTOgGLE+=+[8].find(confirm)%0dx//,html_attribute,0
<DETails/+/onTOgGLE+=+[8].find(confirm)%0dx//,html_text,0
<DETails/+/onTOgGLE+=+[8].find(confirm)%0dx//,script_block,0
<DETails/+/onTOgGLE+=+[8].find(confirm)%0dx//,comment,0
<DETails/+/onTOgGLE+=+[8].find(confirm)%0dx//,url_href,0
<DETails/+/onTOgGLE+=+[8].find(confirm)%0dx//,url_navigation,0
<DetAIlS%0aONPoINTErEnTEr%0a=%0aconfirm()%0dx>,html_tag,0
<DetAIlS%0aONPoINTErEnTEr%0a=%0aconfirm()%0dx>,html_attribute,0
<DetAIlS%0aONPoINTErEnTEr%0a=%0aconfirm()%0dx>,html_text,0
<DetAIlS%0aONPoINTErEnTEr%0a=%0aconfirm()%0dx>,script_block,0
<DetAIlS%0aONPoINTErEnTEr%0a=%0aconfirm()%0dx>,comment,0
<DetAIlS%0aONPoINTErEnTEr%0a=%0aconfirm()%0dx>,url_href,0
<DetAIlS%0aONPoINTErEnTEr%0a=%0aconfirm()%0dx>,url_navigation,0
"<htML%09oNpOINteREnter%09=%09a=prompt,a()//",html_tag,0
"<htML%09oNpOINteREnter%09=%09a=prompt,a()//",html_attribute,0
"<htML%09oNpOINteREnter%09=%09a=prompt,a()//",html_text,0
"<htML%09oNpOINteREnter%09=%09a=prompt,a()//",script_block,0
"<htML%09oNpOINteREnter%09=%09a=prompt,a()//",comment,0
"<htML%09oNpOINteREnter%09=%09a=prompt,a()//",url_href,0
"<htML%09oNpOINteREnter%09=%09a=prompt,a()//",url_navigation,0
<dEtAIlS%0aonTOgGLE%09=%09confirm()//,html_tag,0
<dEtAIlS%0aonTOgGLE%09=%09confirm()//,html_attribute,0
<dEtAIlS%0aonTOgGLE%09=%09confirm()//,html_text,0
<dEtAIlS%0aonTOgGLE%09=%09confirm()//,script_block,0
<dEtAIlS%0aonTOgGLE%09=%09confirm()//,comment,0
<dEtAIlS%0aonTOgGLE%09=%09confirm()//,url_href,0
<dEtAIlS%0aonTOgGLE%09=%09confirm()//,url_navigation,0
<HTML%09ONpoInTERENTER%0a=%0aconfirm()%0dx>,html_tag,0
<HTML%09ONpoInTERENTER%0a=%0aconfirm()%0dx>,html_attribute,0
<HTML%09ONpoInTERENTER%0a=%0aconfirm()%0dx>,html_text,0
<HTML%09ONpoInTERENTER%0a=%0aconfirm()%0dx>,script_block,0
<HTML%09ONpoInTERENTER%0a=%0aconfirm()%0dx>,comment,0
<HTML%09ONpoInTERENTER%0a=%0aconfirm()%0dx>,url_href,0
<HTML%09ONpoInTERENTER%0a=%0aconfirm()%0dx>,url_navigation,0
<hTml%09ONmoUSeOVER%0d=%0d(confirm)()//,html_tag,0
<hTml%09ONmoUSeOVER%0d=%0d(confirm)()//,html_attribute,0
<hTml%09ONmoUSeOVER%0d=%0d(confirm)()//,html_text,0
<hTml%09ONmoUSeOVER%0d=%0d(confirm)()//,script_block,0
<hTml%09ONmoUSeOVER%0d=%0d(confirm)()//,comment,0
<hTml%09ONmoUSeOVER%0d=%0d(confirm)()//,url_href,0
<hTml%09ONmoUSeOVER%0d=%0d(confirm)()//,url_navigation,0
"<deTailS/+/OntOGGlE+=+a=prompt,a()>",html_tag,0
"<deTailS/+/OntOGGlE+=+a=prompt,a()>",html_attribute,0
"<deTailS/+/OntOGGlE+=+a=prompt,a()>",html_text,0
"<deTailS/+/OntOGGlE+=+a=prompt,a()>",script_block,0
"<deTailS/+/OntOGGlE+=+a=prompt,a()>",comment,0
"<deTailS/+/OntOGGlE+=+a=prompt,a()>",url_href,0
"<deTailS/+/OntOGGlE+=+a=prompt,a()>",url_navigation,0
<Html%0dOnPoIntErENtER+=+(confirm)()//,html_tag,0
<Html%0dOnPoIntErENtER+=+(confirm)()//,html_attribute,0
<Html%0dOnPoIntErENtER+=+(confirm)()//,html_text,0
<Html%0dOnPoIntErENtER+=+(confirm)()//,script_block,0
<Html%0dOnPoIntErENtER+=+(confirm)()//,comment,0
<Html%0dOnPoIntErENtER+=+(confirm)()//,url_href,0
<Html%0dOnPoIntErENtER+=+(confirm)()//,url_navigation,0
<DeTAiLs%0donTOgGLE%0d=%0dconfirm()//,html_tag,0
<DeTAiLs%0donTOgGLE%0d=%0dconfirm()//,html_attribute,0
<DeTAiLs%0donTOgGLE%0d=%0dconfirm()//,html_text,0
<DeTAiLs%0donTOgGLE%0d=%0dconfirm()//,script_block,0
<DeTAiLs%0donTOgGLE%0d=%0dconfirm()//,comment,0
<DeTAiLs%0donTOgGLE%0d=%0dconfirm()//,url_href,0
<DeTAiLs%0donTOgGLE%0d=%0dconfirm()//,url_navigation,0
<A/+/OnMoUSEOver%09=%09(confirm)()%0dx>v3dm0s,html_tag,1
<A/+/OnMoUSEOver%09=%09(confirm)()%0dx>v3dm0s,html_attribute,0
<A/+/OnMoUSEOver%09=%09(confirm)()%0dx>v3dm0s,html_text,1
<A/+/OnMoUSEOver%09=%09(confirm)()%0dx>v3dm0s,script_block,0
<A/+/OnMoUSEOver%09=%09(confirm)()%0dx>v3dm0s,comment,0
<A/+/OnMoUSEOver%09=%09(confirm)()%0dx>v3dm0s,url_href,0
<A/+/OnMoUSEOver%09=%09(confirm)()%0dx>v3dm0s,url_navigation,0
<d3v%09oNmOuSEOVer+=+confirm()%0dx>v3dm0s,html_tag,0
<d3v%09oNmOuSEOVer+=+confirm()%0dx>v3dm0s,html_attribute,0
<d3v%09oNmOuSEOVer+=+confirm()%0dx>v3dm0s,html_text,0
<d3v%09oNmOuSEOVer+=+confirm()%0dx>v3dm0s,script_block,0
<d3v%09oNmOuSEOVer+=+confirm()%0dx>v3dm0s,comment,0
<d3v%09oNmOuSEOVer+=+confirm()%0dx>v3dm0s,url_href,0
<d3v%09oNmOuSEOVer+=+confirm()%0dx>v3dm0s,url_navigation,0
<D3V%0aoNMoUSeoVER+=+[8].find(confirm)>v3dm0s,html_tag,0
<D3V%0aoNMoUSeoVER+=+[8].find(confirm)>v3dm0s,html_attribute,0
<D3V%0aoNMoUSeoVER+=+[8].find(confirm)>v3dm0s,html_text,0
<D3V%0aoNMoUSeoVER+=+[8].find(confirm)>v3dm0s,script_block,0
<D3V%0aoNMoUSeoVER+=+[8].find(confirm)>v3dm0s,comment,0
<D3V%0aoNMoUSeoVER+=+[8].find(confirm)>v3dm0s,url_href,0
<D3V%0aoNMoUSeoVER+=+[8].find(confirm)>v3dm0s,url_navigation,0
<D3v%09onpoInTerEnTer%0d=%0dconfirm()>v3dm0s,html_tag,1
<D3v%09onpoInTerEnTer%0d=%0dconfirm()>v3dm0s,html_attribute,0
<D3v%09onpoInTerEnTer%0d=%0dconfirm()>v3dm0s,html_text,1
<D3v%09onpoInTerEnTer%0d=%0dconfirm()>v3dm0s,script_block,0
<D3v%09onpoInTerEnTer%0d=%0dconfirm()>v3dm0s,comment,0
<D3v%09onpoInTerEnTer%0d=%0dconfirm()>v3dm0s,url_href,0
<D3v%09onpoInTerEnTer%0d=%0dconfirm()>v3dm0s,url_navigation,0
<A%0dONMOuseovER%0a=%0aconfirm()>v3dm0s,html_tag,1
<A%0dONMOuseovER%0a=%0aconfirm()>v3dm0s,html_attribute,0
<A%0dONMOuseovER%0a=%0aconfirm()>v3dm0s,html_text,1
<A%0dONMOuseovER%0a=%0aconfirm()>v3dm0s,script_block,0
<A%0dONMOuseovER%0a=%0aconfirm()>v3dm0s,comment,0
<A%0dONMOuseovER%0a=%0aconfirm()>v3dm0s,url_href,0
<A%0dONMOuseovER%0a=%0aconfirm()>v3dm0s,url_navigation,0
<A%09ONmouseOVEr%09=%09confirm()>v3dm0s,html_tag,1
<A%09ONmouseOVEr%09=%09confirm()>v3dm0s,html_attribute,0
<A%09ONmouseOVEr%09=%09confirm()>v3dm0s,html_text,1
<A%09ONmouseOVEr%09=%09confirm()>v3dm0s,script_block,0
<A%09ONmouseOVEr%09=%09confirm()>v3dm0s,comment,0
<A%09ONmouseOVEr%09=%09confirm()>v3dm0s,url_href,0
<A%09ONmouseOVEr%09=%09confirm()>v3dm0s,url_navigation,0
<DeTaILS%09ONtoggLE+=+confirm()%0dx>,html_tag,0
<DeTaILS%09ONtoggLE+=+confirm()%0dx>,html_attribute,0
<DeTaILS%09ONtoggLE+=+confirm()%0dx>,html_text,0
<DeTaILS%09ONtoggLE+=+confirm()%0dx>,script_block,0
<DeTaILS%09ONtoggLE+=+confirm()%0dx>,comment,0
<DeTaILS%09ONtoggLE+=+confirm()%0dx>,url_href,0
<DeTaILS%09ONtoggLE+=+confirm()%0dx>,url_navigation,0
<A%09oNmouSeoVER+=+(confirm)()>v3dm0s,html_tag,0
<A%09oNmouSeoVER+=+(confirm)()>v3dm0s,html_attribute,0
<A%09oNmouSeoVER+=+(confirm)()>v3dm0s,html_text,0
<A%09oNmouSeoVER+=+(confirm)()>v3dm0s,script_block,0
<A%09oNmouSeoVER+=+(confirm)()>v3dm0s,comment,0
<A%09oNmouSeoVER+=+(confirm)()>v3dm0s,url_href,0
<A%09oNmouSeoVER+=+(confirm)()>v3dm0s,url_navigation,0
<D3v/+/ONmoUSEoVer%0a=%0aconfirm()>v3dm0s,html_tag,1
<D3v/+/ONmoUSEoVer%0a=%0aconfirm()>v3dm0s,html_attribute,0
<D3v/+/ONmoUSEoVer%0a=%0aconfirm()>v3dm0s,html_text,1
<D3v/+/ONmoUSEoVer%0a=%0aconfirm()>v3dm0s,script_block,0
<D3v/+/ONmoUSEoVer%0a=%0aconfirm()>v3dm0s,comment,0
<D3v/+/ONmoUSEoVer%0a=%0aconfirm()>v3dm0s,url_href,0
<D3v/+/ONmoUSEoVer%0a=%0aconfirm()>v3dm0s,url_navigation,0
"<dETAils%0aOntogGLe%0a=%0aa=prompt,a()//",html_tag,0
"<dETAils%0aOntogGLe%0a=%0aa=prompt,a()//",html_attribute,0
"<dETAils%0aOntogGLe%0a=%0aa=prompt,a()//",html_text,0
"<dETAils%0aOntogGLe%0a=%0aa=prompt,a()//",script_block,0
"<dETAils%0aOntogGLe%0a=%0aa=prompt,a()//",comment,0
"<dETAils%0aOntogGLe%0a=%0aa=prompt,a()//",url_href,0
"<dETAils%0aOntogGLe%0a=%0aa=prompt,a()//",url_navigation,0
<DETaILs%0aOnpoiNtERenTEr+=+confirm()//,html_tag,0
<DETaILs%0aOnpoiNtERenTEr+=+confirm()//,html_attribute,0
<DETaILs%0aOnpoiNtERenTEr+=+confirm()//,html_text,0
<DETaILs%0aOnpoiNtERenTEr+=+confirm()//,script_block,0
<DETaILs%0aOnpoiNtERenTEr+=+confirm()//,comment,0
<DETaILs%0aOnpoiNtERenTEr+=+confirm()//,url_href,0
<DETaILs%0aOnpoiNtERenTEr+=+confirm()//,url_navigation,0
<d3v%09ONmOUsEover%09=%09(confirm)()%0dx>v3dm0s,html_tag,1
<d3v%09ONmOUsEover%09=%09(confirm)()%0dx>v3dm0s,html_attribute,0
<d3v%09ONmOUsEover%09=%09(confirm)()%0dx>v3dm0s,html_text,1
<d3v%09ONmOUsEover%09=%09(confirm)()%0dx>v3dm0s,script_block,0
<d3v%09ONmOUsEover%09=%09(confirm)()%0dx>v3dm0s,comment,0
<d3v%09ONmOUsEover%09=%09(confirm)()%0dx>v3dm0s,url_href,0
<d3v%09ONmOUsEover%09=%09(confirm)()%0dx>v3dm0s,url_navigation,0
<deTaIls%0dOnPoiNTEREnTer%0a=%0aconfirm()>,html_tag,0
<deTaIls%0dOnPoiNTEREnTer%0a=%0aconfirm()>,html_attribute,0
<deTaIls%0dOnPoiNTEREnTer%0a=%0aconfirm()>,html_text,0
<deTaIls%0dOnPoiNTEREnTer%0a=%0aconfirm()>,script_block,0
<deTaIls%0dOnPoiNTEREnTer%0a=%0aconfirm()>,comment,0
<deTaIls%0dOnPoiNTEREnTer%0a=%0aconfirm()>,url_href,0
<deTaIls%0dOnPoiNTEREnTer%0a=%0aconfirm()>,url_navigation,0
<A/+/ONmoUSEoVer%0a=%0a(prompt)``%0dx>v3dm0s,html_tag,1
<A/+/ONmoUSEoVer%0a=%0a(prompt)``%0dx>v3dm0s,html_attribute,0
<A/+/ONmoUSEoVer%0a=%0a(prompt)``%0dx>v3dm0s,html_text,1
<A/+/ONmoUSEoVer%0a=%0a(prompt)``%0dx>v3dm0s,script_block,0
<A/+/ONmoUSEoVer%0a=%0a(prompt)``%0dx>v3dm0s,comment,0
<A/+/ONmoUSEoVer%0a=%0a(prompt)``%0dx>v3dm0s,url_href,0
<A/+/ONmoUSEoVer%0a=%0a(prompt)``%0dx>v3dm0s,url_navigation,0
<detAILS%0dONTOgglE%09=%09confirm()>,html_tag,0
<detAILS%0dONTOgglE%09=%09confirm()>,html_attribute,0
<detAILS%0dONTOgglE%09=%09confirm()>,html_text,0
<detAILS%0dONTOgglE%09=%09confirm()>,script_block,0
<detAILS%0dONTOgglE%09=%09confirm()>,comment,0
<detAILS%0dONTOgglE%09=%09confirm()>,url_href,0
<detAILS%0dONTOgglE%09=%09confirm()>,url_navigation,0
<hTmL%09oNPoiNtereNteR%09=%09confirm()>,html_tag,0
<hTmL%09oNPoiNtereNteR%09=%09confirm()>,html_attribute,0
<hTmL%09oNPoiNtereNteR%09=%09confirm()>,html_text,0
<hTmL%09oNPoiNtereNteR%09=%09confirm()>,script_block,0
<hTmL%09oNPoiNtereNteR%09=%09confirm()>,comment,0
<hTmL%09oNPoiNtereNteR%09=%09confirm()>,url_href,0
<hTmL%09oNPoiNtereNteR%09=%09confirm()>,url_navigation,0
<detAILs%0aONtoggle%09=%09confirm()%0dx//,html_tag,0
<detAILs%0aONtoggle%09=%09confirm()%0dx//,html_attribute,0
<detAILs%0aONtoggle%09=%09confirm()%0dx//,html_text,0
<detAILs%0aONtoggle%09=%09confirm()%0dx//,script_block,0
<detAILs%0aONtoggle%09=%09confirm()%0dx//,comment,0
<detAILs%0aONtoggle%09=%09confirm()%0dx//,url_href,0
<detAILs%0aONtoggle%09=%09confirm()%0dx//,url_navigation,0
<A%0dONmouseoveR%0a=%0a(confirm)()%0dx>v3dm0s,html_tag,1
<A%0dONmouseoveR%0a=%0a(confirm)()%0dx>v3dm0s,html_attribute,0
<A%0dONmouseoveR%0a=%0a(confirm)()%0dx>v3dm0s,html_text,1
<A%0dONmouseoveR%0a=%0a(confirm)()%0dx>v3dm0s,script_block,0
<A%0dONmouseoveR%0a=%0a(confirm)()%0dx>v3dm0s,comment,0
<A%0dONmouseoveR%0a=%0a(confirm)()%0dx>v3dm0s,url_href,0
<A%0dONmouseoveR%0a=%0a(confirm)()%0dx>v3dm0s,url_navigation,0
<dEtaILS/+/OnPOiNtErentER%09=%09confirm()>,html_tag,0
<dEtaILS/+/OnPOiNtErentER%09=%09confirm()>,html_attribute,0
<dEtaILS/+/OnPOiNtErentER%09=%09confirm()>,html_text,0
<dEtaILS/+/OnPOiNtErentER%09=%09confirm()>,script_block,0
<dEtaILS/+/OnPOiNtErentER%09=%09confirm()>,comment,0
<dEtaILS/+/OnPOiNtErentER%09=%09confirm()>,url_href,0
<dEtaILS/+/OnPOiNtErentER%09=%09confirm()>,url_navigation,0
<HTml%0aOnpoInteReNTer%0a=%0a(confirm)()>,html_tag,0
<HTml%0aOnpoInteReNTer%0a=%0a(confirm)()>,html_attribute,0
<HTml%0aOnpoInteReNTer%0a=%0a(confirm)()>,html_text,0
<HTml%0aOnpoInteReNTer%0a=%0a(confirm)()>,script_block,0
<HTml%0aOnpoInteReNTer%0a=%0a(confirm)()>,comment,0
<HTml%0aOnpoInteReNTer%0a=%0a(confirm)()>,url_href,0
<HTml%0aOnpoInteReNTer%0a=%0a(confirm)()>,url_navigation,0
<A/+/OnMOuSeoVeR%0a=%0aconfirm()%0dx>v3dm0s,html_tag,1
<A/+/OnMOuSeoVeR%0a=%0aconfirm()%0dx>v3dm0s,html_attribute,0
<A/+/OnMOuSeoVeR%0a=%0aconfirm()%0dx>v3dm0s,html_text,1
<A/+/OnMOuSeoVeR%0a=%0aconfirm()%0dx>v3dm0s,script_block,0
<A/+/OnMOuSeoVeR%0a=%0aconfirm()%0dx>v3dm0s,comment,0
<A/+/OnMOuSeoVeR%0a=%0aconfirm()%0dx>v3dm0s,url_href,0
<A/+/OnMOuSeoVeR%0a=%0aconfirm()%0dx>v3dm0s,url_navigation,0
<htmL%09onpOiNtEreNteR%0d=%0d(prompt)``>,html_tag,0
<htmL%09onpOiNtEreNteR%0d=%0d(prompt)``>,html_attribute,0
<htmL%09onpOiNtEreNteR%0d=%0d(prompt)``>,html_text,0
<htmL%09onpOiNtEreNteR%0d=%0d(prompt)``>,script_block,0
<htmL%09onpOiNtEreNteR%0d=%0d(prompt)``>,comment,0
<htmL%09onpOiNtEreNteR%0d=%0d(prompt)``>,url_href,0
<htmL%09onpOiNtEreNteR%0d=%0d(prompt)``>,url_navigation,0
<deTaiLs%0donPointereNteR%0d=%0d(prompt)``//,html_tag,0
<deTaiLs%0donPointereNteR%0d=%0d(prompt)``//,html_attribute,0
<deTaiLs%0donPointereNteR%0d=%0d(prompt)``//,html_text,0
<deTaiLs%0donPointereNteR%0d=%0d(prompt)``//,script_block,0
<deTaiLs%0donPointereNteR%0d=%0d(prompt)``//,comment,0
<deTaiLs%0donPointereNteR%0d=%0d(prompt)``//,url_href,0
<deTaiLs%0donPointereNteR%0d=%0d(prompt)``//,url_navigation,0
"<d3v/+/OnMoUSEOvER%0d=%0da=prompt,a()%0dx>v3dm0s",html_tag,1
"<d3v/+/OnMoUSEOvER%0d=%0da=prompt,a()%0dx>v3dm0s",html_attribute,0
"<d3v/+/OnMoUSEOvER%0d=%0da=prompt,a()%0dx>v3dm0s",html_text,1
"<d3v/+/OnMoUSEOvER%0d=%0da=prompt,a()%0dx>v3dm0s",script_block,0
"<d3v/+/OnMoUSEOvER%0d=%0da=prompt,a()%0dx>v3dm0s",comment,0
"<d3v/+/OnMoUSEOvER%0d=%0da=prompt,a()%0dx>v3dm0s",url_href,0
"<d3v/+/OnMoUSEOvER%0d=%0da=prompt,a()%0dx>v3dm0s",url_navigation,0
"<htML%0dONpOinTeREnTER%0d=%0da=prompt,a()%0dx>",html_tag,0
"<htML%0dONpOinTeREnTER%0d=%0da=prompt,a()%0dx>",html_attribute,0
"<htML%0dONpOinTeREnTER%0d=%0da=prompt,a()%0dx>",html_text,0
"<htML%0dONpOinTeREnTER%0d=%0da=prompt,a()%0dx>",script_block,0
"<htML%0dONpOinTeREnTER%0d=%0da=prompt,a()%0dx>",comment,0
"<htML%0dONpOinTeREnTER%0d=%0da=prompt,a()%0dx>",url_href,0
"<htML%0dONpOinTeREnTER%0d=%0da=prompt,a()%0dx>",url_navigation,0
"<dEtAIls/+/ONPoINTEreNTER+=+a=prompt,a()%0dx>",html_tag,0
"<dEtAIls/+/ONPoINTEreNTER+=+a=prompt,a()%0dx>",html_attribute,0
"<dEtAIls/+/ONPoINTEreNTER+=+a=prompt,a()%0dx>",html_text,0
"<dEtAIls/+/ONPoINTEreNTER+=+a=prompt,a()%0dx>",script_block,0
"<dEtAIls/+/ONPoINTEreNTER+=+a=prompt,a()%0dx>",comment,0
"<dEtAIls/+/ONPoINTEreNTER+=+a=prompt,a()%0dx>",url_href,0
"<dEtAIls/+/ONPoINTEreNTER+=+a=prompt,a()%0dx>",url_navigation,0
<Details%0aoNtoggLe+=+confirm()//,html_tag,0
<Details%0aoNtoggLe+=+confirm()//,html_attribute,0
<Details%0aoNtoggLe+=+confirm()//,html_text,0
<Details%0aoNtoggLe+=+confirm()//,script_block,0
<Details%0aoNtoggLe+=+confirm()//,comment,0
<Details%0aoNtoggLe+=+confirm()//,url_href,0
<Details%0aoNtoggLe+=+confirm()//,url_navigation,0
"<dEtaiLS%0aontOgGlE%0d=%0da=prompt,a()%0dx//",html_tag,0
"<dEtaiLS%0aontOgGlE%0d=%0da=prompt,a()%0dx//",html_attribute,0
"<dEtaiLS%0aontOgGlE%0d=%0da=prompt,a()%0dx//",html_text,0
"<dEtaiLS%0aontOgGlE%0d=%0da=prompt,a()%0dx//",script_block,0
"<dEtaiLS%0aontOgGlE%0d=%0da=prompt,a()%0dx//",comment,0
"<dEtaiLS%0aontOgGlE%0d=%0da=prompt,a()%0dx//",url_href,0
"<dEtaiLS%0aontOgGlE%0d=%0da=prompt,a()%0dx//",url_navigation,0
<a%09oNPOinTeRENTEr%0a=%0aconfirm()>v3dm0s,html_tag,1
<a%09oNPOinTeRENTEr%0a=%0aconfirm()>v3dm0s,html_attribute,0
<a%09oNPOinTeRENTEr%0a=%0aconfirm()>v3dm0s,html_text,1
<a%09oNPOinTeRENTEr%0a=%0aconfirm()>v3dm0s,script_block,0
<a%09oNPOinTeRENTEr%0a=%0aconfirm()>v3dm0s,comment,0
<a%09oNPOinTeRENTEr%0a=%0aconfirm()>v3dm0s,url_href,0
<a%09oNPOinTeRENTEr%0a=%0aconfirm()>v3dm0s,url_navigation,0
<HtmL%09ONMoUSeOvER%09=%09[8].find(confirm)%0dx//,html_tag,0
<HtmL%09ONMoUSeOvER%09=%09[8].find(confirm)%0dx//,html_attribute,0
<HtmL%09ONMoUSeOvER%09=%09[8].find(confirm)%0dx//,html_text,0
<HtmL%09ONMoUSeOvER%09=%09[8].find(confirm)%0dx//,script_block,0
<HtmL%09ONMoUSeOvER%09=%09[8].find(confirm)%0dx//,comment,0
<HtmL%09ONMoUSeOvER%09=%09[8].find(confirm)%0dx//,url_href,0
<HtmL%09ONMoUSeOvER%09=%09[8].find(confirm)%0dx//,url_navigation,0
<deTAIls%0aONtOggLe%0a=%0a[8].find(confirm)//,html_tag,0
<deTAIls%0aONtOggLe%0a=%0a[8].find(confirm)//,html_attribute,0
<deTAIls%0aONtOggLe%0a=%0a[8].find(confirm)//,html_text,0
<deTAIls%0aONtOggLe%0a=%0a[8].find(confirm)//,script_block,0
<deTAIls%0aONtOggLe%0a=%0a[8].find(confirm)//,comment,0
<deTAIls%0aONtOggLe%0a=%0a[8].find(confirm)//,url_href,0
<deTAIls%0aONtOggLe%0a=%0a[8].find(confirm)//,url_navigation,0
<hTML%0aOnPOInteRENteR%0a=%0a(prompt)``>,html_tag,0
<hTML%0aOnPOInteRENteR%0a=%0a(prompt)``>,html_attribute,0
<hTML%0aOnPOInteRENteR%0a=%0a(prompt)``>,html_text,0
<hTML%0aOnPOInteRENteR%0a=%0a(prompt)``>,script_block,0
<hTML%0aOnPOInteRENteR%0a=%0a(prompt)``>,comment,0
<hTML%0aOnPOInteRENteR%0a=%0a(prompt)``>,url_href,0
<hTML%0aOnPOInteRENteR%0a=%0a(prompt)``>,url_navigation,0
<D3v%0aOnPOinterentER%09=%09[8].find(confirm)%0dx>v3dm0s,html_tag,1
<D3v%0aOnPOinterentER%09=%09[8].find(confirm)%0dx>v3dm0s,html_attribute,0
<D3v%0aOnPOinterentER%09=%09[8].find(confirm)%0dx>v3dm0s,html_text,1
<D3v%0aOnPOinterentER%09=%09[8].find(confirm)%0dx>v3dm0s,script_block,0
<D3v%0aOnPOinterentER%09=%09[8].find(confirm)%0dx>v3dm0s,comment,0
<D3v%0aOnPOinterentER%09=%09[8].find(confirm)%0dx>v3dm0s,url_href,0
<D3v%0aOnPOinterentER%09=%09[8].find(confirm)%0dx>v3dm0s,url_navigation,0
<D3V%0aonpOInTerENtEr%0a=%0a(prompt)``%0dx>v3dm0s,html_tag,1
<D3V%0aonpOInTerENtEr%0a=%0a(prompt)``%0dx>v3dm0s,html_attribute,0
<D3V%0aonpOInTerENtEr%0a=%0a(prompt)``%0dx>v3dm0s,html_text,1
<D3V%0aonpOInTerENtEr%0a=%0a(prompt)``%0dx>v3dm0s,script_block,0
<D3V%0aonpOInTerENtEr%0a=%0a(prompt)``%0dx>v3dm0s,comment,0
<D3V%0aonpOInTerENtEr%0a=%0a(prompt)``%0dx>v3dm0s,url_href,0
<D3V%0aonpOInTerENtEr%0a=%0a(prompt)``%0dx>v3dm0s,url_navigation,0
<DetailS/+/oNtoggLE%0d=%0d(confirm)()%0dx>,html_tag,0
<DetailS/+/oNtoggLE%0d=%0d(confirm)()%0dx>,html_attribute,0
<DetailS/+/oNtoggLE%0d=%0d(confirm)()%0dx>,html_text,0
<DetailS/+/oNtoggLE%0d=%0d(confirm)()%0dx>,script_block,0
<DetailS/+/oNtoggLE%0d=%0d(confirm)()%0dx>,comment,0
<DetailS/+/oNtoggLE%0d=%0d(confirm)()%0dx>,url_href,0
<DetailS/+/oNtoggLE%0d=%0d(confirm)()%0dx>,url_navigation,0
"<detAILs%0aontOGgle+=+a=prompt,a()%0dx//",html_tag,0
"<detAILs%0aontOGgle+=+a=prompt,a()%0dx//",html_attribute,0
"<detAILs%0aontOGgle+=+a=prompt,a()%0dx//",html_text,0
"<detAILs%0aontOGgle+=+a=prompt,a()%0dx//",script_block,0
"<detAILs%0aontOGgle+=+a=prompt,a()%0dx//",comment,0
"<detAILs%0aontOGgle+=+a=prompt,a()%0dx//",url_href,0
"<detAILs%0aontOGgle+=+a=prompt,a()%0dx//",url_navigation,0
<detAILS%09OntOGGLe%0d=%0dconfirm()>,html_tag,0
<detAILS%09OntOGGLe%0d=%0dconfirm()>,html_attribute,0
<detAILS%09OntOGGLe%0d=%0dconfirm()>,html_text,0
<detAILS%09OntOGGLe%0d=%0dconfirm()>,script_block,0
<detAILS%09OntOGGLe%0d=%0dconfirm()>,comment,0
<detAILS%09OntOGGLe%0d=%0dconfirm()>,url_href,0
<detAILS%09OntOGGLe%0d=%0dconfirm()>,url_navigation,0
<detAils%0doNtoGGLE%0a=%0a[8].find(confirm)%0dx//,html_tag,0
<detAils%0doNtoGGLE%0a=%0a[8].find(confirm)%0dx//,html_attribute,0
<detAils%0doNtoGGLE%0a=%0a[8].find(confirm)%0dx//,html_text,0
<detAils%0doNtoGGLE%0a=%0a[8].find(confirm)%0dx//,script_block,0
<detAils%0doNtoGGLE%0a=%0a[8].find(confirm)%0dx//,comment,0
<detAils%0doNtoGGLE%0a=%0a[8].find(confirm)%0dx//,url_href,0
<detAils%0doNtoGGLE%0a=%0a[8].find(confirm)%0dx//,url_navigation,0
<d3V%09OnpOiNterENter+=+confirm()>v3dm0s,html_tag,0
<d3V%09OnpOiNterENter+=+confirm()>v3dm0s,html_attribute,0
<d3V%09OnpOiNterENter+=+confirm()>v3dm0s,html_text,0
<d3V%09OnpOiNterENter+=+confirm()>v3dm0s,script_block,0
<d3V%09OnpOiNterENter+=+confirm()>v3dm0s,comment,0
<d3V%09OnpOiNterENter+=+confirm()>v3dm0s,url_href,0
<d3V%09OnpOiNterENter+=+confirm()>v3dm0s,url_navigation,0
<dETAiLS%0donpOiNTErENter%0d=%0d(prompt)``>,html_tag,0
<dETAiLS%0donpOiNTErENter%0d=%0d(prompt)``>,html_attribute,0
<dETAiLS%0donpOiNTErENter%0d=%0d(prompt)``>,html_text,0
<dETAiLS%0donpOiNTErENter%0d=%0d(prompt)``>,script_block,0
<dETAiLS%0donpOiNTErENter%0d=%0d(prompt)``>,comment,0
<dETAiLS%0donpOiNTErENter%0d=%0d(prompt)``>,url_href,0
<dETAiLS%0donpOiNTErENter%0d=%0d(prompt)``>,url_navigation,0
"<A/+/OnMousEoVeR%09=%09a=prompt,a()%0dx>v3dm0s",html_tag,1
"<A/+/OnMousEoVeR%09=%09a=prompt,a()%0dx>v3dm0s",html_attribute,0
"<A/+/OnMousEoVeR%09=%09a=prompt,a()%0dx>v3dm0s",html_text,1
"<A/+/OnMousEoVeR%09=%09a=prompt,a()%0dx>v3dm0s",script_block,0
"<A/+/OnMousEoVeR%09=%09a=prompt,a()%0dx>v3dm0s",comment,0
"<A/+/OnMousEoVeR%09=%09a=prompt,a()%0dx>v3dm0s",url_href,0
"<A/+/OnMousEoVeR%09=%09a=prompt,a()%0dx>v3dm0s",url_navigation,0
<HTMl/+/ONMousEOVeR%09=%09(confirm)()>,html_tag,0
<HTMl/+/ONMousEOVeR%09=%09(confirm)()>,html_attribute,0
<HTMl/+/ONMousEOVeR%09=%09(confirm)()>,html_text,0
<HTMl/+/ONMousEOVeR%09=%09(confirm)()>,script_block,0
<HTMl/+/ONMousEOVeR%09=%09(confirm)()>,comment,0
<HTMl/+/ONMousEOVeR%09=%09(confirm)()>,url_href,0
<HTMl/+/ONMousEOVeR%09=%09(confirm)()>,url_navigation,0
"<A/+/ONMouSEOveR%0d=%0da=prompt,a()>v3dm0s",html_tag,1
"<A/+/ONMouSEOveR%0d=%0da=prompt,a()>v3dm0s",html_attribute,0
"<A/+/ONMouSEOveR%0d=%0da=prompt,a()>v3dm0s",html_text,1
"<A/+/ONMouSEOveR%0d=%0da=prompt,a()>v3dm0s",script_block,0
"<A/+/ONMouSEOveR%0d=%0da=prompt,a()>v3dm0s",comment,0
"<A/+/ONMouSEOveR%0d=%0da=prompt,a()>v3dm0s",url_href,0
"<A/+/ONMouSEOveR%0d=%0da=prompt,a()>v3dm0s",url_navigation,0
<d3V/+/oNmoUseoVer%0a=%0a(confirm)()>v3dm0s,html_tag,1
<d3V/+/oNmoUseoVer%0a=%0a(confirm)()>v3dm0s,html_attribute,0
<d3V/+/oNmoUseoVer%0a=%0a(confirm)()>v3dm0s,html_text,1
<d3V/+/oNmoUseoVer%0a=%0a(confirm)()>v3dm0s,script_block,0
<d3V/+/oNmoUseoVer%0a=%0a(confirm)()>v3dm0s,comment,0
<d3V/+/oNmoUseoVer%0a=%0a(confirm)()>v3dm0s,url_href,0
<d3V/+/oNmoUseoVer%0a=%0a(confirm)()>v3dm0s,url_navigation,0
<a%0aonpoInTErEnTeR%0d=%0dconfirm()%0dx>v3dm0s,html_tag,1
<a%0aonpoInTErEnTeR%0d=%0dconfirm()%0dx>v3dm0s,html_attribute,0
<a%0aonpoInTErEnTeR%0d=%0dconfirm()%0dx>v3dm0s,html_text,1
<a%0aonpoInTErEnTeR%0d=%0dconfirm()%0dx>v3dm0s,script_block,0
<a%0aonpoInTErEnTeR%0d=%0dconfirm()%0dx>v3dm0s,comment,0
<a%0aonpoInTErEnTeR%0d=%0dconfirm()%0dx>v3dm0s,url_href,0
<a%0aonpoInTErEnTeR%0d=%0dconfirm()%0dx>v3dm0s,url_navigation,0
<HtmL%0aOnmouseovER%09=%09(prompt)``//,html_tag,0
<HtmL%0aOnmouseovER%09=%09(prompt)``//,html_attribute,0
<HtmL%0aOnmouseovER%09=%09(prompt)``//,html_text,0
<HtmL%0aOnmouseovER%09=%09(prompt)``//,script_block,0
<HtmL%0aOnmouseovER%09=%09(prompt)``//,comment,0
<HtmL%0aOnmouseovER%09=%09(prompt)``//,url_href,0
<HtmL%0aOnmouseovER%09=%09(prompt)``//,url_navigation,0
<HTMl%0aOnMoUSeOver%09=%09(confirm)()>,html_tag,0
<HTMl%0aOnMoUSeOver%09=%09(confirm)()>,html_attribute,0
<HTMl%0aOnMoUSeOver%09=%09(confirm)()>,html_text,0
<HTMl%0aOnMoUSeOver%09=%09(confirm)()>,script_block,0
<HTMl%0aOnMoUSeOver%09=%09(confirm)()>,comment,0
<HTMl%0aOnMoUSeOver%09=%09(confirm)()>,url_href,0
<HTMl%0aOnMoUSeOver%09=%09(confirm)()>,url_navigation,0
"<d3V%09OnpOinTErEntER%0d=%0da=prompt,a()%0dx>v3dm0s",html_tag,1
"<d3V%09OnpOinTErEntER%0d=%0da=prompt,a()%0dx>v3dm0s",html_attribute,0
"<d3V%09OnpOinTErEntER%0d=%0da=prompt,a()%0dx>v3dm0s",html_text,1
"<d3V%09OnpOinTErEntER%0d=%0da=prompt,a()%0dx>v3dm0s",script_block,0
"<d3V%09OnpOinTErEntER%0d=%0da=prompt,a()%0dx>v3dm0s",comment,0
"<d3V%09OnpOinTErEntER%0d=%0da=prompt,a()%0dx>v3dm0s",url_href,0
"<d3V%09OnpOinTErEntER%0d=%0da=prompt,a()%0dx>v3dm0s",url_navigation,0
<DETAILS%0dontOggLE%09=%09(confirm)()%0dx>,html_tag,0
<DETAILS%0dontOggLE%09=%09(confirm)()%0dx>,html_attribute,0
<DETAILS%0dontOggLE%09=%09(confirm)()%0dx>,html_text,0
<DETAILS%0dontOggLE%09=%09(confirm)()%0dx>,script_block,0
<DETAILS%0dontOggLE%09=%09(confirm)()%0dx>,comment,0
<DETAILS%0dontOggLE%09=%09(confirm)()%0dx>,url_href,0
<DETAILS%0dontOggLE%09=%09(confirm)()%0dx>,url_navigation,0
<A%09onMoUsEOVER%09=%09confirm()%0dx>v3dm0s,html_tag,1
<A%09onMoUsEOVER%09=%09confirm()%0dx>v3dm0s,html_attribute,0
<A%09onMoUsEOVER%09=%09confirm()%0dx>v3dm0s,html_text,1
<A%09onMoUsEOVER%09=%09confirm()%0dx>v3dm0s,script_block,0
<A%09onMoUsEOVER%09=%09confirm()%0dx>v3dm0s,comment,0
<A%09onMoUsEOVER%09=%09confirm()%0dx>v3dm0s,url_href,0
<A%09onMoUsEOVER%09=%09confirm()%0dx>v3dm0s,url_navigation,0
<D3V/+/onPointERENTeR%0d=%0dconfirm()%0dx>v3dm0s,html_tag,1
<D3V/+/onPointERENTeR%0d=%0dconfirm()%0dx>v3dm0s,html_attribute,0
<D3V/+/onPointERENTeR%0d=%0dconfirm()%0dx>v3dm0s,html_text,1
<D3V/+/onPointERENTeR%0d=%0dconfirm()%0dx>v3dm0s,script_block,0
<D3V/+/onPointERENTeR%0d=%0dconfirm()%0dx>v3dm0s,comment,0
<D3V/+/onPointERENTeR%0d=%0dconfirm()%0dx>v3dm0s,url_href,0
<D3V/+/onPointERENTeR%0d=%0dconfirm()%0dx>v3dm0s,url_navigation,0
<HTMl%0aoNMouSeovER%0d=%0d[8].find(confirm)>,html_tag,0
<HTMl%0aoNMouSeovER%0d=%0d[8].find(confirm)>,html_attribute,0
<HTMl%0aoNMouSeovER%0d=%0d[8].find(confirm)>,html_text,0
<HTMl%0aoNMouSeovER%0d=%0d[8].find(confirm)>,script_block,0
<HTMl%0aoNMouSeovER%0d=%0d[8].find(confirm)>,comment,0
<HTMl%0aoNMouSeovER%0d=%0d[8].find(confirm)>,url_href,0
<HTMl%0aoNMouSeovER%0d=%0d[8].find(confirm)>,url_navigation,0
<hTmL%09oNpoINtErEntEr%0a=%0a(prompt)``//,html_tag,0
<hTmL%09oNpoINtErEntEr%0a=%0a(prompt)``//,html_attribute,0
<hTmL%09oNpoINtErEntEr%0a=%0a(prompt)``//,html_text,0
<hTmL%09oNpoINtErEntEr%0a=%0a(prompt)``//,script_block,0
<hTmL%09oNpoINtErEntEr%0a=%0a(prompt)``//,comment,0
<hTmL%09oNpoINtErEntEr%0a=%0a(prompt)``//,url_href,0
<hTmL%09oNpoINtErEntEr%0a=%0a(prompt)``//,url_navigation,0
<detaiLs%0aonPointeRentEr+=+(confirm)()%0dx//,html_tag,0
<detaiLs%0aonPointeRentEr+=+(confirm)()%0dx//,html_attribute,0
<detaiLs%0aonPointeRentEr+=+(confirm)()%0dx//,html_text,0
<detaiLs%0aonPointeRentEr+=+(confirm)()%0dx//,script_block,0
<detaiLs%0aonPointeRentEr+=+(confirm)()%0dx//,comment,0
<detaiLs%0aonPointeRentEr+=+(confirm)()%0dx//,url_href,0
<detaiLs%0aonPointeRentEr+=+(confirm)()%0dx//,url_navigation,0
<a%09OnpointeRenTER%0d=%0d(prompt)``%0dx>v3dm0s,html_tag,1
<a%09OnpointeRenTER%0d=%0d(prompt)``%0dx>v3dm0s,html_attribute,0
<a%09OnpointeRenTER%0d=%0d(prompt)``%0dx>v3dm0s,html_text,1
<a%09OnpointeRenTER%0d=%0d(prompt)``%0dx>v3dm0s,script_block,0
<a%09OnpointeRenTER%0d=%0d(prompt)``%0dx>v3dm0s,comment,0
<a%09OnpointeRenTER%0d=%0d(prompt)``%0dx>v3dm0s,url_href,0
<a%09OnpointeRenTER%0d=%0d(prompt)``%0dx>v3dm0s,url_navigation,0
<Html%0dOnMOUSeOVEr+=+confirm()>,html_tag,0
<Html%0dOnMOUSeOVEr+=+confirm()>,html_attribute,0
<Html%0dOnMOUSeOVEr+=+confirm()>,html_text,0
<Html%0dOnMOUSeOVEr+=+confirm()>,script_block,0
<Html%0dOnMOUSeOVEr+=+confirm()>,comment,0
<Html%0dOnMOUSeOVEr+=+confirm()>,url_href,0
<Html%0dOnMOUSeOVEr+=+confirm()>,url_navigation,0
<dETAiLS%0aoNtOggLE%0a=%0a[8].find(confirm)%0dx//,html_tag,0
<dETAiLS%0aoNtOggLE%0a=%0a[8].find(confirm)%0dx//,html_attribute,0
<dETAiLS%0aoNtOggLE%0a=%0a[8].find(confirm)%0dx//,html_text,0
<dETAiLS%0aoNtOggLE%0a=%0a[8].find(confirm)%0dx//,script_block,0
<dETAiLS%0aoNtOggLE%0a=%0a[8].find(confirm)%0dx//,comment,0
<dETAiLS%0aoNtOggLE%0a=%0a[8].find(confirm)%0dx//,url_href,0
<dETAiLS%0aoNtOggLE%0a=%0a[8].find(confirm)%0dx//,url_navigation,0
<D3v%0dONpoInTErENTEr%0d=%0d(prompt)``%0dx>v3dm0s,html_tag,1
<D3v%0dONpoInTErENTEr%0d=%0d(prompt)``%0dx>v3dm0s,html_attribute,0
<D3v%0dONpoInTErENTEr%0d=%0d(prompt)``%0dx>v3dm0s,html_text,1
<D3v%0dONpoInTErENTEr%0d=%0d(prompt)``%0dx>v3dm0s,script_block,0
<D3v%0dONpoInTErENTEr%0d=%0d(prompt)``%0dx>v3dm0s,comment,0
<D3v%0dONpoInTErENTEr%0d=%0d(prompt)``%0dx>v3dm0s,url_href,0
<D3v%0dONpoInTErENTEr%0d=%0d(prompt)``%0dx>v3dm0s,url_navigation,0
<dETAILS%09onTOGglE%0d=%0d(prompt)``//,html_tag,0
<dETAILS%09onTOGglE%0d=%0d(prompt)``//,html_attribute,0
<dETAILS%09onTOGglE%0d=%0d(prompt)``//,html_text,0
<dETAILS%09onTOGglE%0d=%0d(prompt)``//,script_block,0
<dETAILS%09onTOGglE%0d=%0d(prompt)``//,comment,0
<dETAILS%09onTOGglE%0d=%0d(prompt)``//,url_href,0
<dETAILS%09onTOGglE%0d=%0d(prompt)``//,url_navigation,0
<D3v%0aOnPoInTERenter%0d=%0d(prompt)``>v3dm0s,html_tag,1
<D3v%0aOnPoInTERenter%0d=%0d(prompt)``>v3dm0s,html_attribute,0
<D3v%0aOnPoInTERenter%0d=%0d(prompt)``>v3dm0s,html_text,1
<D3v%0aOnPoInTERenter%0d=%0d(prompt)``>v3dm0s,script_block,0
<D3v%0aOnPoInTERenter%0d=%0d(prompt)``>v3dm0s,comment,0
<D3v%0aOnPoInTERenter%0d=%0d(prompt)``>v3dm0s,url_href,0
<D3v%0aOnPoInTERenter%0d=%0d(prompt)``>v3dm0s,url_navigation,0
<D3v%0aONpOINterEntER%09=%09[8].find(confirm)%0dx>v3dm0s,html_tag,1
<D3v%0aONpOINterEntER%09=%09[8].find(confirm)%0dx>v3dm0s,html_attribute,0
<D3v%0aONpOINterEntER%09=%09[8].find(confirm)%0dx>v3dm0s,html_text,1
<D3v%0aONpOINterEntER%09=%09[8].find(confirm)%0dx>v3dm0s,script_block,0
<D3v%0aONpOINterEntER%09=%09[8].find(confirm)%0dx>v3dm0s,comment,0
<D3v%0aONpOINterEntER%09=%09[8].find(confirm)%0dx>v3dm0s,url_href,0
<D3v%0aONpOINterEntER%09=%09[8].find(confirm)%0dx>v3dm0s,url_navigation,0
<DETaIlS/+/onpOINteReNtER+=+confirm()//,html_tag,0
<DETaIlS/+/onpOINteReNtER+=+confirm()//,html_attribute,0
<DETaIlS/+/onpOINteReNtER+=+confirm()//,html_text,0
<DETaIlS/+/onpOINteReNtER+=+confirm()//,script_block,0
<DETaIlS/+/onpOINteReNtER+=+confirm()//,comment,0
<DETaIlS/+/onpOINteReNtER+=+confirm()//,url_href,0
<DETaIlS/+/onpOINteReNtER+=+confirm()//,url_navigation,0
<D3v%0aONmouseOvER+=+(confirm)()%0dx>v3dm0s,html_tag,0
<D3v%0aONmouseOvER+=+(confirm)()%0dx>v3dm0s,html_attribute,0
<D3v%0aONmouseOvER+=+(confirm)()%0dx>v3dm0s,html_text,0
<D3v%0aONmouseOvER+=+(confirm)()%0dx>v3dm0s,script_block,0
<D3v%0aONmouseOvER+=+(confirm)()%0dx>v3dm0s,comment,0
<D3v%0aONmouseOvER+=+(confirm)()%0dx>v3dm0s,url_href,0
<D3v%0aONmouseOvER+=+(confirm)()%0dx>v3dm0s,url_navigation,0
<D3v%0aoNMousEOvER+=+(confirm)()>v3dm0s,html_tag,0
<D3v%0aoNMousEOvER+=+(confirm)()>v3dm0s,html_attribute,0
<D3v%0aoNMousEOvER+=+(confirm)()>v3dm0s,html_text,0
<D3v%0aoNMousEOvER+=+(confirm)()>v3dm0s,script_block,0
<D3v%0aoNMousEOvER+=+(confirm)()>v3dm0s,comment,0
<D3v%0aoNMousEOvER+=+(confirm)()>v3dm0s,url_href,0
<D3v%0aoNMousEOvER+=+(confirm)()>v3dm0s,url_navigation,0
<d3v%0aoNMOusEover%09=%09(prompt)``%0dx>v3dm0s,html_tag,1
<d3v%0aoNMOusEover%09=%09(prompt)``%0dx>v3dm0s,html_attribute,0
<d3v%0aoNMOusEover%09=%09(prompt)``%0dx>v3dm0s,html_text,1
<d3v%0aoNMOusEover%09=%09(prompt)``%0dx>v3dm0s,script_block,0
<d3v%0aoNMOusEover%09=%09(prompt)``%0dx>v3dm0s,comment,0
<d3v%0aoNMOusEover%09=%09(prompt)``%0dx>v3dm0s,url_href,0
<d3v%0aoNMOusEover%09=%09(prompt)``%0dx>v3dm0s,url_navigation,0
<HTml%0dOnmOuSEoVeR%09=%09(prompt)``//,html_tag,0
<HTml%0dOnmOuSEoVeR%09=%09(prompt)``//,html_attribute,0
<HTml%0dOnmOuSEoVeR%09=%09(prompt)``//,html_text,0
<HTml%0dOnmOuSEoVeR%09=%09(prompt)``//,script_block,0
<HTml%0dOnmOuSEoVeR%09=%09(prompt)``//,comment,0
<HTml%0dOnmOuSEoVeR%09=%09(prompt)``//,url_href,0
<HTml%0dOnmOuSEoVeR%09=%09(prompt)``//,url_navigation,0
<A%0aonmoUseoVER%09=%09confirm()%0dx>v3dm0s,html_tag,1
<A%0aonmoUseoVER%09=%09confirm()%0dx>v3dm0s,html_attribute,0
<A%0aonmoUseoVER%09=%09confirm()%0dx>v3dm0s,html_text,1
<A%0aonmoUseoVER%09=%09confirm()%0dx>v3dm0s,script_block,0
<A%0aonmoUseoVER%09=%09confirm()%0dx>v3dm0s,comment,0
<A%0aonmoUseoVER%09=%09confirm()%0dx>v3dm0s,url_href,0
<A%0aonmoUseoVER%09=%09confirm()%0dx>v3dm0s,url_navigation,0
<DEtaiLS%0dOntOgGLE+=+[8].find(confirm)>,html_tag,0
<DEtaiLS%0dOntOgGLE+=+[8].find(confirm)>,html_attribute,0
<DEtaiLS%0dOntOgGLE+=+[8].find(confirm)>,html_text,0
<DEtaiLS%0dOntOgGLE+=+[8].find(confirm)>,script_block,0
<DEtaiLS%0dOntOgGLE+=+[8].find(confirm)>,comment,0
<DEtaiLS%0dOntOgGLE+=+[8].find(confirm)>,url_href,0
<DEtaiLS%0dOntOgGLE+=+[8].find(confirm)>,url_navigation,0
<d3V%0doNmOusEoVER+=+confirm()>v3dm0s,html_tag,0
<d3V%0doNmOusEoVER+=+confirm()>v3dm0s,html_attribute,0
<d3V%0doNmOusEoVER+=+confirm()>v3dm0s,html_text,0
<d3V%0doNmOusEoVER+=+confirm()>v3dm0s,script_block,0
<d3V%0doNmOusEoVER+=+confirm()>v3dm0s,comment,0
<d3V%0doNmOusEoVER+=+confirm()>v3dm0s,url_href,0
<d3V%0doNmOusEoVER+=+confirm()>v3dm0s,url_navigation,0
<hTMl%0donMOuSEoVEr%0d=%0d[8].find(confirm)//,html_tag,0
<hTMl%0donMOuSEoVEr%0d=%0d[8].find(confirm)//,html_attribute,0
<hTMl%0donMOuSEoVEr%0d=%0d[8].find(confirm)//,html_text,0
<hTMl%0donMOuSEoVEr%0d=%0d[8].find(confirm)//,script_block,0
<hTMl%0donMOuSEoVEr%0d=%0d[8].find(confirm)//,comment,0
<hTMl%0donMOuSEoVEr%0d=%0d[8].find(confirm)//,url_href,0
<hTMl%0donMOuSEoVEr%0d=%0d[8].find(confirm)//,url_navigation,0
<HtMl%0dONPOiNTEreNteR%0d=%0dconfirm()>,html_tag,0
<HtMl%0dONPOiNTEreNteR%0d=%0dconfirm()>,html_attribute,0
<HtMl%0dONPOiNTEreNteR%0d=%0dconfirm()>,html_text,0
<HtMl%0dONPOiNTEreNteR%0d=%0dconfirm()>,script_block,0
<HtMl%0dONPOiNTEreNteR%0d=%0dconfirm()>,comment,0
<HtMl%0dONPOiNTEreNteR%0d=%0dconfirm()>,url_href,0
<HtMl%0dONPOiNTEreNteR%0d=%0dconfirm()>,url_navigation,0
<d3V%09OnmOusEOvER%0a=%0a(prompt)``%0dx>v3dm0s,html_tag,1
<d3V%09OnmOusEOvER%0a=%0a(prompt)``%0dx>v3dm0s,html_attribute,0
<d3V%09OnmOusEOvER%0a=%0a(prompt)``%0dx>v3dm0s,html_text,1
<d3V%09OnmOusEOvER%0a=%0a(prompt)``%0dx>v3dm0s,script_block,0
<d3V%09OnmOusEOvER%0a=%0a(prompt)``%0dx>v3dm0s,comment,0
<d3V%09OnmOusEOvER%0a=%0a(prompt)``%0dx>v3dm0s,url_href,0
<d3V%09OnmOusEOvER%0a=%0a(prompt)``%0dx>v3dm0s,url_navigation,0
<hTml%0dONPoIntErentER%0d=%0d[8].find(confirm)%0dx//,html_tag,0
<hTml%0dONPoIntErentER%0d=%0d[8].find(confirm)%0dx//,html_attribute,0
<hTml%0dONPoIntErentER%0d=%0d[8].find(confirm)%0dx//,html_text,0
<hTml%0dONPoIntErentER%0d=%0d[8].find(confirm)%0dx//,script_block,0
<hTml%0dONPoIntErentER%0d=%0d[8].find(confirm)%0dx//,comment,0
<hTml%0dONPoIntErentER%0d=%0d[8].find(confirm)%0dx//,url_href,0
<hTml%0dONPoIntErentER%0d=%0d[8].find(confirm)%0dx//,url_navigation,0
<DEtailS%09ontOgGlE%09=%09(prompt)``%0dx//,html_tag,0
<DEtailS%09ontOgGlE%09=%09(prompt)``%0dx//,html_attribute,0
<DEtailS%09ontOgGlE%09=%09(prompt)``%0dx//,html_text,0
<DEtailS%09ontOgGlE%09=%09(prompt)``%0dx//,script_block,0
<DEtailS%09ontOgGlE%09=%09(prompt)``%0dx//,comment,0
<DEtailS%09ontOgGlE%09=%09(prompt)``%0dx//,url_href,0
<DEtailS%09ontOgGlE%09=%09(prompt)``%0dx//,url_navigation,0
<DEtaiLs%09oNpoinTErentEr+=+[8].find(confirm)>,html_tag,0
<DEtaiLs%09oNpoinTErentEr+=+[8].find(confirm)>,html_attribute,0
<DEtaiLs%09oNpoinTErentEr+=+[8].find(confirm)>,html_text,0
<DEtaiLs%09oNpoinTErentEr+=+[8].find(confirm)>,script_block,0
<DEtaiLs%09oNpoinTErentEr+=+[8].find(confirm)>,comment,0
<DEtaiLs%09oNpoinTErentEr+=+[8].find(confirm)>,url_href,0
<DEtaiLs%09oNpoinTErentEr+=+[8].find(confirm)>,url_navigation,0
<d3V%09oNmouSeOver+=+(prompt)``>v3dm0s,html_tag,0
<d3V%09oNmouSeOver+=+(prompt)``>v3dm0s,html_attribute,0
<d3V%09oNmouSeOver+=+(prompt)``>v3dm0s,html_text,0
<d3V%09oNmouSeOver+=+(prompt)``>v3dm0s,script_block,0
<d3V%09oNmouSeOver+=+(prompt)``>v3dm0s,comment,0
<d3V%09oNmouSeOver+=+(prompt)``>v3dm0s,url_href,0
<d3V%09oNmouSeOver+=+(prompt)``>v3dm0s,url_navigation,0
<htmL%0donPOinteRENter%0a=%0a(prompt)``>,html_tag,0
<htmL%0donPOinteRENter%0a=%0a(prompt)``>,html_attribute,0
<htmL%0donPOinteRENter%0a=%0a(prompt)``>,html_text,0
<htmL%0donPOinteRENter%0a=%0a(prompt)``>,script_block,0
<htmL%0donPOinteRENter%0a=%0a(prompt)``>,comment,0
<htmL%0donPOinteRENter%0a=%0a(prompt)``>,url_href,0
<htmL%0donPOinteRENter%0a=%0a(prompt)``>,url_navigation,0
<d3V%09OnpOinTeRenter%0a=%0aconfirm()%0dx>v3dm0s,html_tag,1
<d3V%09OnpOinTeRenter%0a=%0aconfirm()%0dx>v3dm0s,html_attribute,0
<d3V%09OnpOinTeRenter%0a=%0aconfirm()%0dx>v3dm0s,html_text,1
<d3V%09OnpOinTeRenter%0a=%0aconfirm()%0dx>v3dm0s,script_block,0
<d3V%09OnpOinTeRenter%0a=%0aconfirm()%0dx>v3dm0s,comment,0
<d3V%09OnpOinTeRenter%0a=%0aconfirm()%0dx>v3dm0s,url_href,0
<d3V%09OnpOinTeRenter%0a=%0aconfirm()%0dx>v3dm0s,url_navigation,0
<dETaIls%09ONPOiNtEReNTER%09=%09(confirm)()>,html_tag,0
<dETaIls%09ONPOiNtEReNTER%09=%09(confirm)()>,html_attribute,0
<dETaIls%09ONPOiNtEReNTER%09=%09(confirm)()>,html_text,0
<dETaIls%09ONPOiNtEReNTER%09=%09(confirm)()>,script_block,0
<dETaIls%09ONPOiNtEReNTER%09=%09(confirm)()>,comment,0
<dETaIls%09ONPOiNtEReNTER%09=%09(confirm)()>,url_href,0
<dETaIls%09ONPOiNtEReNTER%09=%09(confirm)()>,url_navigation,0
<DEtAils%0aOnTOggle+=+(confirm)()>,html_tag,0
<DEtAils%0aOnTOggle+=+(confirm)()>,html_attribute,0
<DEtAils%0aOnTOggle+=+(confirm)()>,html_text,0
<DEtAils%0aOnTOggle+=+(confirm)()>,script_block,0
<DEtAils%0aOnTOggle+=+(confirm)()>,comment,0
<DEtAils%0aOnTOggle+=+(confirm)()>,url_href,0
<DEtAils%0aOnTOggle+=+(confirm)()>,url_navigation,0
<d3v%09ONmOuseovEr%0d=%0d(confirm)()>v3dm0s,html_tag,1
<d3v%09ONmOuseovEr%0d=%0d(confirm)()>v3dm0s,html_attribute,0
<d3v%09ONmOuseovEr%0d=%0d(confirm)()>v3dm0s,html_text,1
<d3v%09ONmOuseovEr%0d=%0d(confirm)()>v3dm0s,script_block,0
<d3v%09ONmOuseovEr%0d=%0d(confirm)()>v3dm0s,comment,0
<d3v%09ONmOuseovEr%0d=%0d(confirm)()>v3dm0s,url_href,0
<d3v%09ONmOuseovEr%0d=%0d(confirm)()>v3dm0s,url_navigation,0
<D3v%0dONPOiNtErENTer%0a=%0aconfirm()>v3dm0s,html_tag,1
<D3v%0dONPOiNtErENTer%0a=%0aconfirm()>v3dm0s,html_attribute,0
<D3v%0dONPOiNtErENTer%0a=%0aconfirm()>v3dm0s,html_text,1
<D3v%0dONPOiNtErENTer%0a=%0aconfirm()>v3dm0s,script_block,0
<D3v%0dONPOiNtErENTer%0a=%0aconfirm()>v3dm0s,comment,0
<D3v%0dONPOiNtErENTer%0a=%0aconfirm()>v3dm0s,url_href,0
<D3v%0dONPOiNtErENTer%0a=%0aconfirm()>v3dm0s,url_navigation,0
<a/+/onPoIntErENTer+=+confirm()>v3dm0s,html_tag,0
<a/+/onPoIntErENTer+=+confirm()>v3dm0s,html_attribute,0
<a/+/onPoIntErENTer+=+confirm()>v3dm0s,html_text,0
<a/+/onPoIntErENTer+=+confirm()>v3dm0s,script_block,0
<a/+/onPoIntErENTer+=+confirm()>v3dm0s,comment,0
<a/+/onPoIntErENTer+=+confirm()>v3dm0s,url_href,0
<a/+/onPoIntErENTer+=+confirm()>v3dm0s,url_navigation,0
<htmL%0aonMouSEOVer%0a=%0a(confirm)()>,html_tag,0
<htmL%0aonMouSEOVer%0a=%0a(confirm)()>,html_attribute,0
<htmL%0aonMouSEOVer%0a=%0a(confirm)()>,html_text,0
<htmL%0aonMouSEOVer%0a=%0a(confirm)()>,script_block,0
<htmL%0aonMouSEOVer%0a=%0a(confirm)()>,comment,0
<htmL%0aonMouSEOVer%0a=%0a(confirm)()>,url_href,0
<htmL%0aonMouSEOVer%0a=%0a(confirm)()>,url_navigation,0
<a%0doNmoUSeoVEr%0d=%0d(prompt)``%0dx>v3dm0s,html_tag,1
<a%0doNmoUSeoVEr%0d=%0d(prompt)``%0dx>v3dm0s,html_attribute,0
<a%0doNmoUSeoVEr%0d=%0d(prompt)``%0dx>v3dm0s,html_text,1
<a%0doNmoUSeoVEr%0d=%0d(prompt)``%0dx>v3dm0s,script_block,0
<a%0doNmoUSeoVEr%0d=%0d(prompt)``%0dx>v3dm0s,comment,0
<a%0doNmoUSeoVEr%0d=%0d(prompt)``%0dx>v3dm0s,url_href,0
<a%0doNmoUSeoVEr%0d=%0d(prompt)``%0dx>v3dm0s,url_navigation,0
<DETailS%0aOntOGgle%0d=%0dconfirm()%0dx>,html_tag,0
<DETailS%0aOntOGgle%0d=%0dconfirm()%0dx>,html_attribute,0
<DETailS%0aOntOGgle%0d=%0dconfirm()%0dx>,html_text,0
<DETailS%0aOntOGgle%0d=%0dconfirm()%0dx>,script_block,0
<DETailS%0aOntOGgle%0d=%0dconfirm()%0dx>,comment,0
<DETailS%0aOntOGgle%0d=%0dconfirm()%0dx>,url_href,0
<DETailS%0aOntOGgle%0d=%0dconfirm()%0dx>,url_navigation,0
<A%0aONPOiNtereNTeR%0a=%0aconfirm()%0dx>v3dm0s,html_tag,1
<A%0aONPOiNtereNTeR%0a=%0aconfirm()%0dx>v3dm0s,html_attribute,0
<A%0aONPOiNtereNTeR%0a=%0aconfirm()%0dx>v3dm0s,html_text,1
<A%0aONPOiNtereNTeR%0a=%0aconfirm()%0dx>v3dm0s,script_block,0
<A%0aONPOiNtereNTeR%0a=%0aconfirm()%0dx>v3dm0s,comment,0
<A%0aONPOiNtereNTeR%0a=%0aconfirm()%0dx>v3dm0s,url_href,0
<A%0aONPOiNtereNTeR%0a=%0aconfirm()%0dx>v3dm0s,url_navigation,0
<a/+/ONpointereNTer+=+(prompt)``>v3dm0s,html_tag,0
<a/+/ONpointereNTer+=+(prompt)``>v3dm0s,html_attribute,0
<a/+/ONpointereNTer+=+(prompt)``>v3dm0s,html_text,0
<a/+/ONpointereNTer+=+(prompt)``>v3dm0s,script_block,0
<a/+/ONpointereNTer+=+(prompt)``>v3dm0s,comment,0
<a/+/ONpointereNTer+=+(prompt)``>v3dm0s,url_href,0
<a/+/ONpointereNTer+=+(prompt)``>v3dm0s,url_navigation,0
"<deTAILS/+/onPOintEREnter+=+a=prompt,a()>",html_tag,0
"<deTAILS/+/onPOintEREnter+=+a=prompt,a()>",html_attribute,0
"<deTAILS/+/onPOintEREnter+=+a=prompt,a()>",html_text,0
"<deTAILS/+/onPOintEREnter+=+a=prompt,a()>",script_block,0
"<deTAILS/+/onPOintEREnter+=+a=prompt,a()>",comment,0
"<deTAILS/+/onPOintEREnter+=+a=prompt,a()>",url_href,0
"<deTAILS/+/onPOintEREnter+=+a=prompt,a()>",url_navigation,0
<A/+/OnPoINterENTer%0d=%0d[8].find(confirm)%0dx>v3dm0s,html_tag,1
<A/+/OnPoINterENTer%0d=%0d[8].find(confirm)%0dx>v3dm0s,html_attribute,0
<A/+/OnPoINterENTer%0d=%0d[8].find(confirm)%0dx>v3dm0s,html_text,1
<A/+/OnPoINterENTer%0d=%0d[8].find(confirm)%0dx>v3dm0s,script_block,0
<A/+/OnPoINterENTer%0d=%0d[8].find(confirm)%0dx>v3dm0s,comment,0
<A/+/OnPoINterENTer%0d=%0d[8].find(confirm)%0dx>v3dm0s,url_href,0
<A/+/OnPoINterENTer%0d=%0d[8].find(confirm)%0dx>v3dm0s,url_navigation,0
<D3V%0aonPOinTErENter+=+[8].find(confirm)%0dx>v3dm0s,html_tag,0
<D3V%0aonPOinTErENter+=+[8].find(confirm)%0dx>v3dm0s,html_attribute,0
<D3V%0aonPOinTErENter+=+[8].find(confirm)%0dx>v3dm0s,html_text,0
<D3V%0aonPOinTErENter+=+[8].find(confirm)%0dx>v3dm0s,script_block,0
<D3V%0aonPOinTErENter+=+[8].find(confirm)%0dx>v3dm0s,comment,0
<D3V%0aonPOinTErENter+=+[8].find(confirm)%0dx>v3dm0s,url_href,0
<D3V%0aonPOinTErENter+=+[8].find(confirm)%0dx>v3dm0s,url_navigation,0
<HtmL/+/ONmouSeOveR%09=%09(prompt)``%0dx//,html_tag,0
<HtmL/+/ONmouSeOveR%09=%09(prompt)``%0dx//,html_attribute,0
<HtmL/+/ONmouSeOveR%09=%09(prompt)``%0dx//,html_text,0
<HtmL/+/ONmouSeOveR%09=%09(prompt)``%0dx//,script_block,0
<HtmL/+/ONmouSeOveR%09=%09(prompt)``%0dx//,comment,0
<HtmL/+/ONmouSeOveR%09=%09(prompt)``%0dx//,url_href,0
<HtmL/+/ONmouSeOveR%09=%09(prompt)``%0dx//,url_navigation,0
<d3v%0aONMOuseOvEr%09=%09(prompt)``>v3dm0s,html_tag,1
<d3v%0aONMOuseOvEr%09=%09(prompt)``>v3dm0s,html_attribute,0
<d3v%0aONMOuseOvEr%09=%09(prompt)``>v3dm0s,html_text,1
<d3v%0aONMOuseOvEr%09=%09(prompt)``>v3dm0s,script_block,0
<d3v%0aONMOuseOvEr%09=%09(prompt)``>v3dm0s,comment,0
<d3v%0aONMOuseOvEr%09=%09(prompt)``>v3dm0s,url_href,0
<d3v%0aONMOuseOvEr%09=%09(prompt)``>v3dm0s,url_navigation,0
<a%0aoNpOINterEnTEr+=+(confirm)()%0dx>v3dm0s,html_tag,0
<a%0aoNpOINterEnTEr+=+(confirm)()%0dx>v3dm0s,html_attribute,0
<a%0aoNpOINterEnTEr+=+(confirm)()%0dx>v3dm0s,html_text,0
<a%0aoNpOINterEnTEr+=+(confirm)()%0dx>v3dm0s,script_block,0
<a%0aoNpOINterEnTEr+=+(confirm)()%0dx>v3dm0s,comment,0
<a%0aoNpOINterEnTEr+=+(confirm)()%0dx>v3dm0s,url_href,0
<a%0aoNpOINterEnTEr+=+(confirm)()%0dx>v3dm0s,url_navigation,0
<D3V/+/ONMOUSEOVEr+=+(confirm)()%0dx>v3dm0s,html_tag,0
<D3V/+/ONMOUSEOVEr+=+(confirm)()%0dx>v3dm0s,html_attribute,0
<D3V/+/ONMOUSEOVEr+=+(confirm)()%0dx>v3dm0s,html_text,0
<D3V/+/ONMOUSEOVEr+=+(confirm)()%0dx>v3dm0s,script_block,0
<D3V/+/ONMOUSEOVEr+=+(confirm)()%0dx>v3dm0s,comment,0
<D3V/+/ONMOUSEOVEr+=+(confirm)()%0dx>v3dm0s,url_href,0
<D3V/+/ONMOUSEOVEr+=+(confirm)()%0dx>v3dm0s,url_navigation,0
<html%0aonpoInTERENtEr%0a=%0aconfirm()%0dx>,html_tag,0
<html%0aonpoInTERENtEr%0a=%0aconfirm()%0dx>,html_attribute,0
<html%0aonpoInTERENtEr%0a=%0aconfirm()%0dx>,html_text,0
<html%0aonpoInTERENtEr%0a=%0aconfirm()%0dx>,script_block,0
<html%0aonpoInTERENtEr%0a=%0aconfirm()%0dx>,comment,0
<html%0aonpoInTERENtEr%0a=%0aconfirm()%0dx>,url_href,0
<html%0aonpoInTERENtEr%0a=%0aconfirm()%0dx>,url_navigation,0
<DetAiLS/+/ONTOgGLE%0d=%0dconfirm()//,html_tag,0
<DetAiLS/+/ONTOgGLE%0d=%0dconfirm()//,html_attribute,0
<DetAiLS/+/ONTOgGLE%0d=%0dconfirm()//,html_text,0
<DetAiLS/+/ONTOgGLE%0d=%0dconfirm()//,script_block,0
<DetAiLS/+/ONTOgGLE%0d=%0dconfirm()//,comment,0
<DetAiLS/+/ONTOgGLE%0d=%0dconfirm()//,url_href,0
<DetAiLS/+/ONTOgGLE%0d=%0dconfirm()//,url_navigation,0
<d3V%09onMOUSEOver%0d=%0d[8].find(confirm)>v3dm0s,html_tag,1
<d3V%09onMOUSEOver%0d=%0d[8].find(confirm)>v3dm0s,html_attribute,0
<d3V%09onMOUSEOver%0d=%0d[8].find(confirm)>v3dm0s,html_text,1
<d3V%09onMOUSEOver%0d=%0d[8].find(confirm)>v3dm0s,script_block,0
<d3V%09onMOUSEOver%0d=%0d[8].find(confirm)>v3dm0s,comment,0
<d3V%09onMOUSEOver%0d=%0d[8].find(confirm)>v3dm0s,url_href,0
<d3V%09onMOUSEOver%0d=%0d[8].find(confirm)>v3dm0s,url_navigation,0
<a%0aoNmOuSeoVER%09=%09[8].find(confirm)%0dx>v3dm0s,html_tag,1
<a%0aoNmOuSeoVER%09=%09[8].find(confirm)%0dx>v3dm0s,html_attribute,0
<a%0aoNmOuSeoVER%09=%09[8].find(confirm)%0dx>v3dm0s,html_text,1
<a%0aoNmOuSeoVER%09=%09[8].find(confirm)%0dx>v3dm0s,script_block,0
<a%0aoNmOuSeoVER%09=%09[8].find(confirm)%0dx>v3dm0s,comment,0
<a%0aoNmOuSeoVER%09=%09[8].find(confirm)%0dx>v3dm0s,url_href,0
<a%0aoNmOuSeoVER%09=%09[8].find(confirm)%0dx>v3dm0s,url_navigation,0
"<d3v%09onMOUSEoveR%09=%09a=prompt,a()%0dx>v3dm0s",html_tag,1
"<d3v%09onMOUSEoveR%09=%09a=prompt,a()%0dx>v3dm0s",html_attribute,0
"<d3v%09onMOUSEoveR%09=%09a=prompt,a()%0dx>v3dm0s",html_text,1
"<d3v%09onMOUSEoveR%09=%09a=prompt,a()%0dx>v3dm0s",script_block,0
"<d3v%09onMOUSEoveR%09=%09a=prompt,a()%0dx>v3dm0s",comment,0
"<d3v%09onMOUSEoveR%09=%09a=prompt,a()%0dx>v3dm0s",url_href,0
"<d3v%09onMOUSEoveR%09=%09a=prompt,a()%0dx>v3dm0s",url_navigation,0
<hTml%09oNmouSEoVer+=+[8].find(confirm)%0dx//,html_tag,0
<hTml%09oNmouSEoVer+=+[8].find(confirm)%0dx//,html_attribute,0
<hTml%09oNmouSEoVer+=+[8].find(confirm)%0dx//,html_text,0
<hTml%09oNmouSEoVer+=+[8].find(confirm)%0dx//,script_block,0
<hTml%09oNmouSEoVer+=+[8].find(confirm)%0dx//,comment,0
<hTml%09oNmouSEoVer+=+[8].find(confirm)%0dx//,url_href,0
<hTml%09oNmouSEoVer+=+[8].find(confirm)%0dx//,url_navigation,0
<d3v/+/ONMousEOver%09=%09confirm()%0dx>v3dm0s,html_tag,1
<d3v/+/ONMousEOver%09=%09confirm()%0dx>v3dm0s,html_attribute,0
<d3v/+/ONMousEOver%09=%09confirm()%0dx>v3dm0s,html_text,1
<d3v/+/ONMousEOver%09=%09confirm()%0dx>v3dm0s,script_block,0
<d3v/+/ONMousEOver%09=%09confirm()%0dx>v3dm0s,comment,0
<d3v/+/ONMousEOver%09=%09confirm()%0dx>v3dm0s,url_href,0
<d3v/+/ONMousEOver%09=%09confirm()%0dx>v3dm0s,url_navigation,0
<HtML%0dOnMouSEoVER%09=%09[8].find(confirm)>,html_tag,0
<HtML%0dOnMouSEoVER%09=%09[8].find(confirm)>,html_attribute,0
<HtML%0dOnMouSEoVER%09=%09[8].find(confirm)>,html_text,0
<HtML%0dOnMouSEoVER%09=%09[8].find(confirm)>,script_block,0
<HtML%0dOnMouSEoVER%09=%09[8].find(confirm)>,comment,0
<HtML%0dOnMouSEoVER%09=%09[8].find(confirm)>,url_href,0
<HtML%0dOnMouSEoVER%09=%09[8].find(confirm)>,url_navigation,0
"<a%0aOnpOINteRENter%09=%09a=prompt,a()>v3dm0s",html_tag,1
"<a%0aOnpOINteRENter%09=%09a=prompt,a()>v3dm0s",html_attribute,0
"<a%0aOnpOINteRENter%09=%09a=prompt,a()>v3dm0s",html_text,1
"<a%0aOnpOINteRENter%09=%09a=prompt,a()>v3dm0s",script_block,0
"<a%0aOnpOINteRENter%09=%09a=prompt,a()>v3dm0s",comment,0
"<a%0aOnpOINteRENter%09=%09a=prompt,a()>v3dm0s",url_href,0
"<a%0aOnpOINteRENter%09=%09a=prompt,a()>v3dm0s",url_navigation,0
<DeTails%0doNpOinTerenTeR%0d=%0d(confirm)()>,html_tag,0
<DeTails%0doNpOinTerenTeR%0d=%0d(confirm)()>,html_attribute,0
<DeTails%0doNpOinTerenTeR%0d=%0d(confirm)()>,html_text,0
<DeTails%0doNpOinTerenTeR%0d=%0d(confirm)()>,script_block,0
<DeTails%0doNpOinTerenTeR%0d=%0d(confirm)()>,comment,0
<DeTails%0doNpOinTerenTeR%0d=%0d(confirm)()>,url_href,0
<DeTails%0doNpOinTerenTeR%0d=%0d(confirm)()>,url_navigation,0
"<a%09OnMouSEoveR%09=%09a=prompt,a()%0dx>v3dm0s",html_tag,1
"<a%09OnMouSEoveR%09=%09a=prompt,a()%0dx>v3dm0s",html_attribute,0
"<a%09OnMouSEoveR%09=%09a=prompt,a()%0dx>v3dm0s",html_text,1
"<a%09OnMouSEoveR%09=%09a=prompt,a()%0dx>v3dm0s",script_block,0
"<a%09OnMouSEoveR%09=%09a=prompt,a()%0dx>v3dm0s",comment,0
"<a%09OnMouSEoveR%09=%09a=prompt,a()%0dx>v3dm0s",url_href,0
"<a%09OnMouSEoveR%09=%09a=prompt,a()%0dx>v3dm0s",url_navigation,0
"<d3V%0aOnpoiNtereNteR%0a=%0aa=prompt,a()>v3dm0s",html_tag,1
"<d3V%0aOnpoiNtereNteR%0a=%0aa=prompt,a()>v3dm0s",html_attribute,0
"<d3V%0aOnpoiNtereNteR%0a=%0aa=prompt,a()>v3dm0s",html_text,1
"<d3V%0aOnpoiNtereNteR%0a=%0aa=prompt,a()>v3dm0s",script_block,0
"<d3V%0aOnpoiNtereNteR%0a=%0aa=prompt,a()>v3dm0s",comment,0
"<d3V%0aOnpoiNtereNteR%0a=%0aa=prompt,a()>v3dm0s",url_href,0
"<d3V%0aOnpoiNtereNteR%0a=%0aa=prompt,a()>v3dm0s",url_navigation,0
<d3V/+/onpOINTEreNter+=+confirm()%0dx>v3dm0s,html_tag,0
<d3V/+/onpOINTEreNter+=+confirm()%0dx>v3dm0s,html_attribute,0
<d3V/+/onpOINTEreNter+=+confirm()%0dx>v3dm0s,html_text,0
<d3V/+/onpOINTEreNter+=+confirm()%0dx>v3dm0s,script_block,0
<d3V/+/onpOINTEreNter+=+confirm()%0dx>v3dm0s,comment,0
<d3V/+/onpOINTEreNter+=+confirm()%0dx>v3dm0s,url_href,0
<d3V/+/onpOINTEreNter+=+confirm()%0dx>v3dm0s,url_navigation,0
<d3V%0doNMousEovER%09=%09confirm()>v3dm0s,html_tag,1
<d3V%0doNMousEovER%09=%09confirm()>v3dm0s,html_attribute,0
<d3V%0doNMousEovER%09=%09confirm()>v3dm0s,html_text,1
<d3V%0doNMousEovER%09=%09confirm()>v3dm0s,script_block,0
<d3V%0doNMousEovER%09=%09confirm()>v3dm0s,comment,0
<d3V%0doNMousEovER%09=%09confirm()>v3dm0s,url_href,0
<d3V%0doNMousEovER%09=%09confirm()>v3dm0s,url_navigation,0
<a%09onpoiNTerENtEr%0d=%0dconfirm()%0dx>v3dm0s,html_tag,1
<a%09onpoiNTerENtEr%0d=%0dconfirm()%0dx>v3dm0s,html_attribute,0
<a%09onpoiNTerENtEr%0d=%0dconfirm()%0dx>v3dm0s,html_text,1
<a%09onpoiNTerENtEr%0d=%0dconfirm()%0dx>v3dm0s,script_block,0
<a%09onpoiNTerENtEr%0d=%0dconfirm()%0dx>v3dm0s,comment,0
<a%09onpoiNTerENtEr%0d=%0dconfirm()%0dx>v3dm0s,url_href,0
<a%09onpoiNTerENtEr%0d=%0dconfirm()%0dx>v3dm0s,url_navigation,0
<D3v%0dONPoInTeRENtEr+=+confirm()%0dx>v3dm0s,html_tag,0
<D3v%0dONPoInTeRENtEr+=+confirm()%0dx>v3dm0s,html_attribute,0
<D3v%0dONPoInTeRENtEr+=+confirm()%0dx>v3dm0s,html_text,0
<D3v%0dONPoInTeRENtEr+=+confirm()%0dx>v3dm0s,script_block,0
<D3v%0dONPoInTeRENtEr+=+confirm()%0dx>v3dm0s,comment,0
<D3v%0dONPoInTeRENtEr+=+confirm()%0dx>v3dm0s,url_href,0
<D3v%0dONPoInTeRENtEr+=+confirm()%0dx>v3dm0s,url_navigation,0
"<a%0donPoInTeRentEr+=+a=prompt,a()%0dx>v3dm0s",html_tag,0
"<a%0donPoInTeRentEr+=+a=prompt,a()%0dx>v3dm0s",html_attribute,0
"<a%0donPoInTeRentEr+=+a=prompt,a()%0dx>v3dm0s",html_text,0
"<a%0donPoInTeRentEr+=+a=prompt,a()%0dx>v3dm0s",script_block,0
"<a%0donPoInTeRentEr+=+a=prompt,a()%0dx>v3dm0s",comment,0
"<a%0donPoInTeRentEr+=+a=prompt,a()%0dx>v3dm0s",url_href,0
"<a%0donPoInTeRentEr+=+a=prompt,a()%0dx>v3dm0s",url_navigation,0
<htmL%09onMoUSeOVeR+=+(confirm)()>,html_tag,0
<htmL%09onMoUSeOVeR+=+(confirm)()>,html_attribute,0
<htmL%09onMoUSeOVeR+=+(confirm)()>,html_text,0
<htmL%09onMoUSeOVeR+=+(confirm)()>,script_block,0
<htmL%09onMoUSeOVeR+=+(confirm)()>,comment,0
<htmL%09onMoUSeOVeR+=+(confirm)()>,url_href,0
<htmL%09onMoUSeOVeR+=+(confirm)()>,url_navigation,0
<a%0dOnMoUSeOver%0d=%0d(confirm)()%0dx>v3dm0s,html_tag,1
<a%0dOnMoUSeOver%0d=%0d(confirm)()%0dx>v3dm0s,html_attribute,0
<a%0dOnMoUSeOver%0d=%0d(confirm)()%0dx>v3dm0s,html_text,1
<a%0dOnMoUSeOver%0d=%0d(confirm)()%0dx>v3dm0s,script_block,0
<a%0dOnMoUSeOver%0d=%0d(confirm)()%0dx>v3dm0s,comment,0
<a%0dOnMoUSeOver%0d=%0d(confirm)()%0dx>v3dm0s,url_href,0
<a%0dOnMoUSeOver%0d=%0d(confirm)()%0dx>v3dm0s,url_navigation,0
<D3V%0aoNPoiNTereNtER+=+confirm()>v3dm0s,html_tag,0
<D3V%0aoNPoiNTereNtER+=+confirm()>v3dm0s,html_attribute,0
<D3V%0aoNPoiNTereNtER+=+confirm()>v3dm0s,html_text,0
<D3V%0aoNPoiNTereNtER+=+confirm()>v3dm0s,script_block,0
<D3V%0aoNPoiNTereNtER+=+confirm()>v3dm0s,comment,0
<D3V%0aoNPoiNTereNtER+=+confirm()>v3dm0s,url_href,0
<D3V%0aoNPoiNTereNtER+=+confirm()>v3dm0s,url_navigation,0
<hTml%09OnmoUsEoveR%0d=%0d(confirm)()%0dx>,html_tag,0
<hTml%09OnmoUsEoveR%0d=%0d(confirm)()%0dx>,html_attribute,0
<hTml%09OnmoUsEoveR%0d=%0d(confirm)()%0dx>,html_text,0
<hTml%09OnmoUsEoveR%0d=%0d(confirm)()%0dx>,script_block,0
<hTml%09OnmoUsEoveR%0d=%0d(confirm)()%0dx>,comment,0
<hTml%09OnmoUsEoveR%0d=%0d(confirm)()%0dx>,url_href,0
<hTml%09OnmoUsEoveR%0d=%0d(confirm)()%0dx>,url_navigation,0
<D3V%09oNMOuSEOveR+=+(confirm)()>v3dm0s,html_tag,0
<D3V%09oNMOuSEOveR+=+(confirm)()>v3dm0s,html_attribute,0
<D3V%09oNMOuSEOveR+=+(confirm)()>v3dm0s,html_text,0
<D3V%09oNMOuSEOveR+=+(confirm)()>v3dm0s,script_block,0
<D3V%09oNMOuSEOveR+=+(confirm)()>v3dm0s,comment,0
<D3V%09oNMOuSEOveR+=+(confirm)()>v3dm0s,url_href,0
<D3V%09oNMOuSEOveR+=+(confirm)()>v3dm0s,url_navigation,0
<D3V%0donPointERENTEr%0d=%0dconfirm()>v3dm0s,html_tag,1
<D3V%0donPointERENTEr%0d=%0dconfirm()>v3dm0s,html_attribute,0
<D3V%0donPointERENTEr%0d=%0dconfirm()>v3dm0s,html_text,1
<D3V%0donPointERENTEr%0d=%0dconfirm()>v3dm0s,script_block,0
<D3V%0donPointERENTEr%0d=%0dconfirm()>v3dm0s,comment,0
<D3V%0donPointERENTEr%0d=%0dconfirm()>v3dm0s,url_href,0
<D3V%0donPointERENTEr%0d=%0dconfirm()>v3dm0s,url_navigation,0
"<Html%0aONmousEovEr%0a=%0aa=prompt,a()//",html_tag,0
"<Html%0aONmousEovEr%0a=%0aa=prompt,a()//",html_attribute,0
"<Html%0aONmousEovEr%0a=%0aa=prompt,a()//",html_text,0
"<Html%0aONmousEovEr%0a=%0aa=prompt,a()//",script_block,0
"<Html%0aONmousEovEr%0a=%0aa=prompt,a()//",comment,0
"<Html%0aONmousEovEr%0a=%0aa=prompt,a()//",url_href,0
"<Html%0aONmousEovEr%0a=%0aa=prompt,a()//",url_navigation,0
<d3V%09ONmousEOVeR%0d=%0dconfirm()>v3dm0s,html_tag,1
<d3V%09ONmousEOVeR%0d=%0dconfirm()>v3dm0s,html_attribute,0
<d3V%09ONmousEOVeR%0d=%0dconfirm()>v3dm0s,html_text,1
<d3V%09ONmousEOVeR%0d=%0dconfirm()>v3dm0s,script_block,0
<d3V%09ONmousEOVeR%0d=%0dconfirm()>v3dm0s,comment,0
<d3V%09ONmousEOVeR%0d=%0dconfirm()>v3dm0s,url_href,0
<d3V%09ONmousEOVeR%0d=%0dconfirm()>v3dm0s,url_navigation,0
"<DetaILS%0dontOGGLe%0a=%0aa=prompt,a()//",html_tag,0
"<DetaILS%0dontOGGLe%0a=%0aa=prompt,a()//",html_attribute,0
"<DetaILS%0dontOGGLe%0a=%0aa=prompt,a()//",html_text,0
"<DetaILS%0dontOGGLe%0a=%0aa=prompt,a()//",script_block,0
"<DetaILS%0dontOGGLe%0a=%0aa=prompt,a()//",comment,0
"<DetaILS%0dontOGGLe%0a=%0aa=prompt,a()//",url_href,0
"<DetaILS%0dontOGGLe%0a=%0aa=prompt,a()//",url_navigation,0
<dETAiLS%0dontOGGLe%0d=%0d(prompt)``>,html_tag,0
<dETAiLS%0dontOGGLe%0d=%0d(prompt)``>,html_attribute,0
<dETAiLS%0dontOGGLe%0d=%0d(prompt)``>,html_text,0
<dETAiLS%0dontOGGLe%0d=%0d(prompt)``>,script_block,0
<dETAiLS%0dontOGGLe%0d=%0d(prompt)``>,comment,0
<dETAiLS%0dontOGGLe%0d=%0d(prompt)``>,url_href,0
<dETAiLS%0dontOGGLe%0d=%0d(prompt)``>,url_navigation,0
"<D3v%09ONPoiNteRENTEr%0d=%0da=prompt,a()%0dx>v3dm0s",html_tag,1
"<D3v%09ONPoiNteRENTEr%0d=%0da=prompt,a()%0dx>v3dm0s",html_attribute,0
"<D3v%09ONPoiNteRENTEr%0d=%0da=prompt,a()%0dx>v3dm0s",html_text,1
"<D3v%09ONPoiNteRENTEr%0d=%0da=prompt,a()%0dx>v3dm0s",script_block,0
"<D3v%09ONPoiNteRENTEr%0d=%0da=prompt,a()%0dx>v3dm0s",comment,0
"<D3v%09ONPoiNteRENTEr%0d=%0da=prompt,a()%0dx>v3dm0s",url_href,0
"<D3v%09ONPoiNteRENTEr%0d=%0da=prompt,a()%0dx>v3dm0s",url_navigation,0
"<d3V%09onmOUsEOveR+=+a=prompt,a()>v3dm0s",html_tag,0
"<d3V%09onmOUsEOveR+=+a=prompt,a()>v3dm0s",html_attribute,0
"<d3V%09onmOUsEOveR+=+a=prompt,a()>v3dm0s",html_text,0
"<d3V%09onmOUsEOveR+=+a=prompt,a()>v3dm0s",script_block,0
"<d3V%09onmOUsEOveR+=+a=prompt,a()>v3dm0s",comment,0
"<d3V%09onmOUsEOveR+=+a=prompt,a()>v3dm0s",url_href,0
"<d3V%09onmOUsEOveR+=+a=prompt,a()>v3dm0s",url_navigation,0
"<A%0donPOinTERENTER%0a=%0aa=prompt,a()%0dx>v3dm0s",html_tag,1
"<A%0donPOinTERENTER%0a=%0aa=prompt,a()%0dx>v3dm0s",html_attribute,0
"<A%0donPOinTERENTER%0a=%0aa=prompt,a()%0dx>v3dm0s",html_text,1
"<A%0donPOinTERENTER%0a=%0aa=prompt,a()%0dx>v3dm0s",script_block,0
"<A%0donPOinTERENTER%0a=%0aa=prompt,a()%0dx>v3dm0s",comment,0
"<A%0donPOinTERENTER%0a=%0aa=prompt,a()%0dx>v3dm0s",url_href,0
"<A%0donPOinTERENTER%0a=%0aa=prompt,a()%0dx>v3dm0s",url_navigation,0
"<d3v%0aOnMOuSeover+=+a=prompt,a()%0dx>v3dm0s",html_tag,0
"<d3v%0aOnMOuSeover+=+a=prompt,a()%0dx>v3dm0s",html_attribute,0
"<d3v%0aOnMOuSeover+=+a=prompt,a()%0dx>v3dm0s",html_text,0
"<d3v%0aOnMOuSeover+=+a=prompt,a()%0dx>v3dm0s",script_block,0
"<d3v%0aOnMOuSeover+=+a=prompt,a()%0dx>v3dm0s",comment,0
"<d3v%0aOnMOuSeover+=+a=prompt,a()%0dx>v3dm0s",url_href,0
"<d3v%0aOnMOuSeover+=+a=prompt,a()%0dx>v3dm0s",url_navigation,0
<hTML%0aoNPoInTeRenteR+=+confirm()//,html_tag,0
<hTML%0aoNPoInTeRenteR+=+confirm()//,html_attribute,0
<hTML%0aoNPoInTeRenteR+=+confirm()//,html_text,0
<hTML%0aoNPoInTeRenteR+=+confirm()//,script_block,0
<hTML%0aoNPoInTeRenteR+=+confirm()//,comment,0
<hTML%0aoNPoInTeRenteR+=+confirm()//,url_href,0
<hTML%0aoNPoInTeRenteR+=+confirm()//,url_navigation,0
<D3v%0aOnpoiNTerENTer%0d=%0d(confirm)()%0dx>v3dm0s,html_tag,1
<D3v%0aOnpoiNTerENTer%0d=%0d(confirm)()%0dx>v3dm0s,html_attribute,0
<D3v%0aOnpoiNTerENTer%0d=%0d(confirm)()%0dx>v3dm0s,html_text,1
<D3v%0aOnpoiNTerENTer%0d=%0d(confirm)()%0dx>v3dm0s,script_block,0
<D3v%0aOnpoiNTerENTer%0d=%0d(confirm)()%0dx>v3dm0s,comment,0
<D3v%0aOnpoiNTerENTer%0d=%0d(confirm)()%0dx>v3dm0s,url_href,0
<D3v%0aOnpoiNTerENTer%0d=%0d(confirm)()%0dx>v3dm0s,url_navigation,0
<dEtAilS%0doNpoINterentER%09=%09[8].find(confirm)%0dx>,html_tag,0
<dEtAilS%0doNpoINterentER%09=%09[8].find(confirm)%0dx>,html_attribute,0
<dEtAilS%0doNpoINterentER%09=%09[8].find(confirm)%0dx>,html_text,0
<dEtAilS%0doNpoINterentER%09=%09[8].find(confirm)%0dx>,script_block,0
<dEtAilS%0doNpoINterentER%09=%09[8].find(confirm)%0dx>,comment,0
<dEtAilS%0doNpoINterentER%09=%09[8].find(confirm)%0dx>,url_href,0
<dEtAilS%0doNpoINterentER%09=%09[8].find(confirm)%0dx>,url_navigation,0
"<D3V/+/oNMousEovEr%09=%09a=prompt,a()%0dx>v3dm0s",html_tag,1
"<D3V/+/oNMousEovEr%09=%09a=prompt,a()%0dx>v3dm0s",html_attribute,0
"<D3V/+/oNMousEovEr%09=%09a=prompt,a()%0dx>v3dm0s",html_text,1
"<D3V/+/oNMousEovEr%09=%09a=prompt,a()%0dx>v3dm0s",script_block,0
"<D3V/+/oNMousEovEr%09=%09a=prompt,a()%0dx>v3dm0s",comment,0
"<D3V/+/oNMousEovEr%09=%09a=prompt,a()%0dx>v3dm0s",url_href,0
"<D3V/+/oNMousEovEr%09=%09a=prompt,a()%0dx>v3dm0s",url_navigation,0
<htMl%0donPOInTeREntEr%0a=%0a(confirm)()%0dx>,html_tag,0
<htMl%0donPOInTeREntEr%0a=%0a(confirm)()%0dx>,html_attribute,0
<htMl%0donPOInTeREntEr%0a=%0a(confirm)()%0dx>,html_text,0
<htMl%0donPOInTeREntEr%0a=%0a(confirm)()%0dx>,script_block,0
<htMl%0donPOInTeREntEr%0a=%0a(confirm)()%0dx>,comment,0
<htMl%0donPOInTeREntEr%0a=%0a(confirm)()%0dx>,url_href,0
<htMl%0donPOInTeREntEr%0a=%0a(confirm)()%0dx>,url_navigation,0
<A%0aONmOuseOvEr%0d=%0d(prompt)``>v3dm0s,html_tag,1
<A%0aONmOuseOvEr%0d=%0d(prompt)``>v3dm0s,html_attribute,0
<A%0aONmOuseOvEr%0d=%0d(prompt)``>v3dm0s,html_text,1
<A%0aONmOuseOvEr%0d=%0d(prompt)``>v3dm0s,script_block,0
<A%0aONmOuseOvEr%0d=%0d(prompt)``>v3dm0s,comment,0
<A%0aONmOuseOvEr%0d=%0d(prompt)``>v3dm0s,url_href,0
<A%0aONmOuseOvEr%0d=%0d(prompt)``>v3dm0s,url_navigation,0
<D3v%09OnpOiNTerEnTer%0d=%0d[8].find(confirm)%0dx>v3dm0s,html_tag,1
<D3v%09OnpOiNTerEnTer%0d=%0d[8].find(confirm)%0dx>v3dm0s,html_attribute,0
<D3v%09OnpOiNTerEnTer%0d=%0d[8].find(confirm)%0dx>v3dm0s,html_text,1
<D3v%09OnpOiNTerEnTer%0d=%0d[8].find(confirm)%0dx>v3dm0s,script_block,0
<D3v%09OnpOiNTerEnTer%0d=%0d[8].find(confirm)%0dx>v3dm0s,comment,0
<D3v%09OnpOiNTerEnTer%0d=%0d[8].find(confirm)%0dx>v3dm0s,url_href,0
<D3v%09OnpOiNTerEnTer%0d=%0d[8].find(confirm)%0dx>v3dm0s,url_navigation,0
<a%0aoNpoINTEreNTeR%09=%09(prompt)``>v3dm0s,html_tag,1
<a%0aoNpoINTEreNTeR%09=%09(prompt)``>v3dm0s,html_attribute,0
<a%0aoNpoINTEreNTeR%09=%09(prompt)``>v3dm0s,html_text,1
<a%0aoNpoINTEreNTeR%09=%09(prompt)``>v3dm0s,script_block,0
<a%0aoNpoINTEreNTeR%09=%09(prompt)``>v3dm0s,comment,0
<a%0aoNpoINTEreNTeR%09=%09(prompt)``>v3dm0s,url_href,0
<a%0aoNpoINTEreNTeR%09=%09(prompt)``>v3dm0s,url_navigation,0
<HtML%09OnMOUseOVer+=+confirm()%0dx//,html_tag,0
<HtML%09OnMOUseOVer+=+confirm()%0dx//,html_attribute,0
<HtML%09OnMOUseOVer+=+confirm()%0dx//,html_text,0
<HtML%09OnMOUseOVer+=+confirm()%0dx//,script_block,0
<HtML%09OnMOUseOVer+=+confirm()%0dx//,comment,0
<HtML%09OnMOUseOVer+=+confirm()%0dx//,url_href,0
<HtML%09OnMOUseOVer+=+confirm()%0dx//,url_navigation,0
"<D3V%0dOnPOiNTERENTeR+=+a=prompt,a()%0dx>v3dm0s",html_tag,0
"<D3V%0dOnPOiNTERENTeR+=+a=prompt,a()%0dx>v3dm0s",html_attribute,0
"<D3V%0dOnPOiNTERENTeR+=+a=prompt,a()%0dx>v3dm0s",html_text,0
"<D3V%0dOnPOiNTERENTeR+=+a=prompt,a()%0dx>v3dm0s",script_block,0
"<D3V%0dOnPOiNTERENTeR+=+a=prompt,a()%0dx>v3dm0s",comment,0
"<D3V%0dOnPOiNTERENTeR+=+a=prompt,a()%0dx>v3dm0s",url_href,0
"<D3V%0dOnPOiNTERENTeR+=+a=prompt,a()%0dx>v3dm0s",url_navigation,0
<d3v/+/ONPoINTereNTer%09=%09[8].find(confirm)%0dx>v3dm0s,html_tag,1
<d3v/+/ONPoINTereNTer%09=%09[8].find(confirm)%0dx>v3dm0s,html_attribute,0
<d3v/+/ONPoINTereNTer%09=%09[8].find(confirm)%0dx>v3dm0s,html_text,1
<d3v/+/ONPoINTereNTer%09=%09[8].find(confirm)%0dx>v3dm0s,script_block,0
<d3v/+/ONPoINTereNTer%09=%09[8].find(confirm)%0dx>v3dm0s,comment,0
<d3v/+/ONPoINTereNTer%09=%09[8].find(confirm)%0dx>v3dm0s,url_href,0
<d3v/+/ONPoINTereNTer%09=%09[8].find(confirm)%0dx>v3dm0s,url_navigation,0
<hTMl%0aOnmOuSeOvEr%09=%09[8].find(confirm)%0dx>,html_tag,0
<hTMl%0aOnmOuSeOvEr%09=%09[8].find(confirm)%0dx>,html_attribute,0
<hTMl%0aOnmOuSeOvEr%09=%09[8].find(confirm)%0dx>,html_text,0
<hTMl%0aOnmOuSeOvEr%09=%09[8].find(confirm)%0dx>,script_block,0
<hTMl%0aOnmOuSeOvEr%09=%09[8].find(confirm)%0dx>,comment,0
<hTMl%0aOnmOuSeOvEr%09=%09[8].find(confirm)%0dx>,url_href,0
<hTMl%0aOnmOuSeOvEr%09=%09[8].find(confirm)%0dx>,url_navigation,0
<hTml%0donpoINTeReNteR%09=%09(confirm)()%0dx//,html_tag,0
<hTml%0donpoINTeReNteR%09=%09(confirm)()%0dx//,html_attribute,0
<hTml%0donpoINTeReNteR%09=%09(confirm)()%0dx//,html_text,0
<hTml%0donpoINTeReNteR%09=%09(confirm)()%0dx//,script_block,0
<hTml%0donpoINTeReNteR%09=%09(confirm)()%0dx//,comment,0
<hTml%0donpoINTeReNteR%09=%09(confirm)()%0dx//,url_href,0
<hTml%0donpoINTeReNteR%09=%09(confirm)()%0dx//,url_navigation,0
<A/+/oNPoIntEreNTER%0a=%0a(prompt)``>v3dm0s,html_tag,1
<A/+/oNPoIntEreNTER%0a=%0a(prompt)``>v3dm0s,html_attribute,0
<A/+/oNPoIntEreNTER%0a=%0a(prompt)``>v3dm0s,html_text,1
<A/+/oNPoIntEreNTER%0a=%0a(prompt)``>v3dm0s,script_block,0
<A/+/oNPoIntEreNTER%0a=%0a(prompt)``>v3dm0s,comment,0
<A/+/oNPoIntEreNTER%0a=%0a(prompt)``>v3dm0s,url_href,0
<A/+/oNPoIntEreNTER%0a=%0a(prompt)``>v3dm0s,url_navigation,0
<HTML%0aOnpOInTEreNteR+=+confirm()%0dx>,html_tag,0
<HTML%0aOnpOInTEreNteR+=+confirm()%0dx>,html_attribute,0
<HTML%0aOnpOInTEreNteR+=+confirm()%0dx>,html_text,0
<HTML%0aOnpOInTEreNteR+=+confirm()%0dx>,script_block,0
<HTML%0aOnpOInTEreNteR+=+confirm()%0dx>,comment,0
<HTML%0aOnpOInTEreNteR+=+confirm()%0dx>,url_href,0
<HTML%0aOnpOInTEreNteR+=+confirm()%0dx>,url_navigation,0
<A/+/onMOuSEOVER%09=%09[8].find(confirm)%0dx>v3dm0s,html_tag,1
<A/+/onMOuSEOVER%09=%09[8].find(confirm)%0dx>v3dm0s,html_attribute,0
<A/+/onMOuSEOVER%09=%09[8].find(confirm)%0dx>v3dm0s,html_text,1
<A/+/onMOuSEOVER%09=%09[8].find(confirm)%0dx>v3dm0s,script_block,0
<A/+/onMOuSEOVER%09=%09[8].find(confirm)%0dx>v3dm0s,comment,0
<A/+/onMOuSEOVER%09=%09[8].find(confirm)%0dx>v3dm0s,url_href,0
<A/+/onMOuSEOVER%09=%09[8].find(confirm)%0dx>v3dm0s,url_navigation,0
<DetAilS%0aOnPOiNTerEnteR+=+[8].find(confirm)%0dx//,html_tag,0
<DetAilS%0aOnPOiNTerEnteR+=+[8].find(confirm)%0dx//,html_attribute,0
<DetAilS%0aOnPOiNTerEnteR+=+[8].find(confirm)%0dx//,html_text,0
<DetAilS%0aOnPOiNTerEnteR+=+[8].find(confirm)%0dx//,script_block,0
<DetAilS%0aOnPOiNTerEnteR+=+[8].find(confirm)%0dx//,comment,0
<DetAilS%0aOnPOiNTerEnteR+=+[8].find(confirm)%0dx//,url_href,0
<DetAilS%0aOnPOiNTerEnteR+=+[8].find(confirm)%0dx//,url_navigation,0
<html%0aoNpoiNtereNTer+=+[8].find(confirm)%0dx>,html_tag,0
<html%0aoNpoiNtereNTer+=+[8].find(confirm)%0dx>,html_attribute,0
<html%0aoNpoiNtereNTer+=+[8].find(confirm)%0dx>,html_text,0
<html%0aoNpoiNtereNTer+=+[8].find(confirm)%0dx>,script_block,0
<html%0aoNpoiNtereNTer+=+[8].find(confirm)%0dx>,comment,0
<html%0aoNpoiNtereNTer+=+[8].find(confirm)%0dx>,url_href,0
<html%0aoNpoiNtereNTer+=+[8].find(confirm)%0dx>,url_navigation,0
<D3v%0dONmoUsEoVER%0a=%0aconfirm()>v3dm0s,html_tag,1
<D3v%0dONmoUsEoVER%0a=%0aconfirm()>v3dm0s,html_attribute,0
<D3v%0dONmoUsEoVER%0a=%0aconfirm()>v3dm0s,html_text,1
<D3v%0dONmoUsEoVER%0a=%0aconfirm()>v3dm0s,script_block,0
<D3v%0dONmoUsEoVER%0a=%0aconfirm()>v3dm0s,comment,0
<D3v%0dONmoUsEoVER%0a=%0aconfirm()>v3dm0s,url_href,0
<D3v%0dONmoUsEoVER%0a=%0aconfirm()>v3dm0s,url_navigation,0
<D3V/+/oNMouseOvER%09=%09confirm()>v3dm0s,html_tag,1
<D3V/+/oNMouseOvER%09=%09confirm()>v3dm0s,html_attribute,0
<D3V/+/oNMouseOvER%09=%09confirm()>v3dm0s,html_text,1
<D3V/+/oNMouseOvER%09=%09confirm()>v3dm0s,script_block,0
<D3V/+/oNMouseOvER%09=%09confirm()>v3dm0s,comment,0
<D3V/+/oNMouseOvER%09=%09confirm()>v3dm0s,url_href,0
<D3V/+/oNMouseOvER%09=%09confirm()>v3dm0s,url_navigation,0
<d3v/+/oNmoUsEOVEr%0d=%0d(prompt)``%0dx>v3dm0s,html_tag,1
<d3v/+/oNmoUsEOVEr%0d=%0d(prompt)``%0dx>v3dm0s,html_attribute,0
<d3v/+/oNmoUsEOVEr%0d=%0d(prompt)``%0dx>v3dm0s,html_text,1
<d3v/+/oNmoUsEOVEr%0d=%0d(prompt)``%0dx>v3dm0s,script_block,0
<d3v/+/oNmoUsEOVEr%0d=%0d(prompt)``%0dx>v3dm0s,comment,0
<d3v/+/oNmoUsEOVEr%0d=%0d(prompt)``%0dx>v3dm0s,url_href,0
<d3v/+/oNmoUsEOVEr%0d=%0d(prompt)``%0dx>v3dm0s,url_navigation,0
<html%09onMOuSEOVER%0d=%0d(prompt)``//,html_tag,0
<html%09onMOuSEOVER%0d=%0d(prompt)``//,html_attribute,0
<html%09onMOuSEOVER%0d=%0d(prompt)``//,html_text,0
<html%09onMOuSEOVER%0d=%0d(prompt)``//,script_block,0
<html%09onMOuSEOVER%0d=%0d(prompt)``//,comment,0
<html%09onMOuSEOVER%0d=%0d(prompt)``//,url_href,0
<html%09onMOuSEOVER%0d=%0d(prompt)``//,url_navigation,0
<HtmL/+/ONMOusEOVer%0a=%0a[8].find(confirm)%0dx>,html_tag,0
<HtmL/+/ONMOusEOVer%0a=%0a[8].find(confirm)%0dx>,html_attribute,0
<HtmL/+/ONMOusEOVer%0a=%0a[8].find(confirm)%0dx>,html_text,0
<HtmL/+/ONMOusEOVer%0a=%0a[8].find(confirm)%0dx>,script_block,0
<HtmL/+/ONMOusEOVer%0a=%0a[8].find(confirm)%0dx>,comment,0
<HtmL/+/ONMOusEOVer%0a=%0a[8].find(confirm)%0dx>,url_href,0
<HtmL/+/ONMOusEOVer%0a=%0a[8].find(confirm)%0dx>,url_navigation,0
<HtMl%0aoNPOiNteREntEr%0d=%0d[8].find(confirm)>,html_tag,0
<HtMl%0aoNPOiNteREntEr%0d=%0d[8].find(confirm)>,html_attribute,0
<HtMl%0aoNPOiNteREntEr%0d=%0d[8].find(confirm)>,html_text,0
<HtMl%0aoNPOiNteREntEr%0d=%0d[8].find(confirm)>,script_block,0
<HtMl%0aoNPOiNteREntEr%0d=%0d[8].find(confirm)>,comment,0
<HtMl%0aoNPOiNteREntEr%0d=%0d[8].find(confirm)>,url_href,0
<HtMl%0aoNPOiNteREntEr%0d=%0d[8].find(confirm)>,url_navigation,0
<html%0aoNmOusEOver%09=%09[8].find(confirm)>,html_tag,0
<html%0aoNmOusEOver%09=%09[8].find(confirm)>,html_attribute,0
<html%0aoNmOusEOver%09=%09[8].find(confirm)>,html_text,0
<html%0aoNmOusEOver%09=%09[8].find(confirm)>,script_block,0
<html%0aoNmOusEOver%09=%09[8].find(confirm)>,comment,0
<html%0aoNmOusEOver%09=%09[8].find(confirm)>,url_href,0
<html%0aoNmOusEOver%09=%09[8].find(confirm)>,url_navigation,0
<D3v%0dONmousEOveR%09=%09(confirm)()>v3dm0s,html_tag,1
<D3v%0dONmousEOveR%09=%09(confirm)()>v3dm0s,html_attribute,0
<D3v%0dONmousEOveR%09=%09(confirm)()>v3dm0s,html_text,1
<D3v%0dONmousEOveR%09=%09(confirm)()>v3dm0s,script_block,0
<D3v%0dONmousEOveR%09=%09(confirm)()>v3dm0s,comment,0
<D3v%0dONmousEOveR%09=%09(confirm)()>v3dm0s,url_href,0
<D3v%0dONmousEOveR%09=%09(confirm)()>v3dm0s,url_navigation,0
<D3V%0aONpoiNTErENTEr%0d=%0dconfirm()>v3dm0s,html_tag,1
<D3V%0aONpoiNTErENTEr%0d=%0dconfirm()>v3dm0s,html_attribute,0
<D3V%0aONpoiNTErENTEr%0d=%0dconfirm()>v3dm0s,html_text,1
<D3V%0aONpoiNTErENTEr%0d=%0dconfirm()>v3dm0s,script_block,0
<D3V%0aONpoiNTErENTEr%0d=%0dconfirm()>v3dm0s,comment,0
<D3V%0aONpoiNTErENTEr%0d=%0dconfirm()>v3dm0s,url_href,0
<D3V%0aONpoiNTErENTEr%0d=%0dconfirm()>v3dm0s,url_navigation,0
<a/+/OnmOusEoVEr%0d=%0d[8].find(confirm)%0dx>v3dm0s,html_tag,1
<a/+/OnmOusEoVEr%0d=%0d[8].find(confirm)%0dx>v3dm0s,html_attribute,0
<a/+/OnmOusEoVEr%0d=%0d[8].find(confirm)%0dx>v3dm0s,html_text,1
<a/+/OnmOusEoVEr%0d=%0d[8].find(confirm)%0dx>v3dm0s,script_block,0
<a/+/OnmOusEoVEr%0d=%0d[8].find(confirm)%0dx>v3dm0s,comment,0
<a/+/OnmOusEoVEr%0d=%0d[8].find(confirm)%0dx>v3dm0s,url_href,0
<a/+/OnmOusEoVEr%0d=%0d[8].find(confirm)%0dx>v3dm0s,url_navigation,0
"<dETAils%0aOnpoInTeRenTer+=+a=prompt,a()%0dx>",html_tag,0
"<dETAils%0aOnpoInTeRenTer+=+a=prompt,a()%0dx>",html_attribute,0
"<dETAils%0aOnpoInTeRenTer+=+a=prompt,a()%0dx>",html_text,0
"<dETAils%0aOnpoInTeRenTer+=+a=prompt,a()%0dx>",script_block,0
"<dETAils%0aOnpoInTeRenTer+=+a=prompt,a()%0dx>",comment,0
"<dETAils%0aOnpoInTeRenTer+=+a=prompt,a()%0dx>",url_href,0
"<dETAils%0aOnpoInTeRenTer+=+a=prompt,a()%0dx>",url_navigation,0
<D3v%0dOnpOINterEnTEr%09=%09[8].find(confirm)>v3dm0s,html_tag,1
<D3v%0dOnpOINterEnTEr%09=%09[8].find(confirm)>v3dm0s,html_attribute,0
<D3v%0dOnpOINterEnTEr%09=%09[8].find(confirm)>v3dm0s,html_text,1
<D3v%0dOnpOINterEnTEr%09=%09[8].find(confirm)>v3dm0s,script_block,0
<D3v%0dOnpOINterEnTEr%09=%09[8].find(confirm)>v3dm0s,comment,0
<D3v%0dOnpOINterEnTEr%09=%09[8].find(confirm)>v3dm0s,url_href,0
<D3v%0dOnpOINterEnTEr%09=%09[8].find(confirm)>v3dm0s,url_navigation,0
<hTMl%09oNpOInteRENTeR%09=%09confirm()%0dx>,html_tag,0
<hTMl%09oNpOInteRENTeR%09=%09confirm()%0dx>,html_attribute,0
<hTMl%09oNpOInteRENTeR%09=%09confirm()%0dx>,html_text,0
<hTMl%09oNpOInteRENTeR%09=%09confirm()%0dx>,script_block,0
<hTMl%09oNpOInteRENTeR%09=%09confirm()%0dx>,comment,0
<hTMl%09oNpOInteRENTeR%09=%09confirm()%0dx>,url_href,0
<hTMl%09oNpOInteRENTeR%09=%09confirm()%0dx>,url_navigation,0
<DeTaiLs%0dONTOGgLe%09=%09[8].find(confirm)>,html_tag,0
<DeTaiLs%0dONTOGgLe%09=%09[8].find(confirm)>,html_attribute,0
<DeTaiLs%0dONTOGgLe%09=%09[8].find(confirm)>,html_text,0
<DeTaiLs%0dONTOGgLe%09=%09[8].find(confirm)>,script_block,0
<DeTaiLs%0dONTOGgLe%09=%09[8].find(confirm)>,comment,0
<DeTaiLs%0dONTOGgLe%09=%09[8].find(confirm)>,url_href,0
<DeTaiLs%0dONTOGgLe%09=%09[8].find(confirm)>,url_navigation,0
"<a/+/onpoiNTERENTER%0a=%0aa=prompt,a()%0dx>v3dm0s",html_tag,1
"<a/+/onpoiNTERENTER%0a=%0aa=prompt,a()%0dx>v3dm0s",html_attribute,0
"<a/+/onpoiNTERENTER%0a=%0aa=prompt,a()%0dx>v3dm0s",html_text,1
"<a/+/onpoiNTERENTER%0a=%0aa=prompt,a()%0dx>v3dm0s",script_block,0
"<a/+/onpoiNTERENTER%0a=%0aa=prompt,a()%0dx>v3dm0s",comment,0
"<a/+/onpoiNTERENTER%0a=%0aa=prompt,a()%0dx>v3dm0s",url_href,0
"<a/+/onpoiNTERENTER%0a=%0aa=prompt,a()%0dx>v3dm0s",url_navigation,0
<a%0aonpOIntereNTer%09=%09confirm()%0dx>v3dm0s,html_tag,1
<a%0aonpOIntereNTer%09=%09confirm()%0dx>v3dm0s,html_attribute,0
<a%0aonpOIntereNTer%09=%09confirm()%0dx>v3dm0s,html_text,1
<a%0aonpOIntereNTer%09=%09confirm()%0dx>v3dm0s,script_block,0
<a%0aonpOIntereNTer%09=%09confirm()%0dx>v3dm0s,comment,0
<a%0aonpOIntereNTer%09=%09confirm()%0dx>v3dm0s,url_href,0
<a%0aonpOIntereNTer%09=%09confirm()%0dx>v3dm0s,url_navigation,0
"<a%0aONPoiNTERenTEr%09=%09a=prompt,a()%0dx>v3dm0s",html_tag,1
"<a%0aONPoiNTERenTEr%09=%09a=prompt,a()%0dx>v3dm0s",html_attribute,0
"<a%0aONPoiNTERenTEr%09=%09a=prompt,a()%0dx>v3dm0s",html_text,1
"<a%0aONPoiNTERenTEr%09=%09a=prompt,a()%0dx>v3dm0s",script_block,0
"<a%0aONPoiNTERenTEr%09=%09a=prompt,a()%0dx>v3dm0s",comment,0
"<a%0aONPoiNTERenTEr%09=%09a=prompt,a()%0dx>v3dm0s",url_href,0
"<a%0aONPoiNTERenTEr%09=%09a=prompt,a()%0dx>v3dm0s",url_navigation,0
"<dEtaiLS/+/oNPoinTeRENTER%0a=%0aa=prompt,a()//",html_tag,0
"<dEtaiLS/+/oNPoinTeRENTER%0a=%0aa=prompt,a()//",html_attribute,0
"<dEtaiLS/+/oNPoinTeRENTER%0a=%0aa=prompt,a()//",html_text,0
"<dEtaiLS/+/oNPoinTeRENTER%0a=%0aa=prompt,a()//",script_block,0
"<dEtaiLS/+/oNPoinTeRENTER%0a=%0aa=prompt,a()//",comment,0
"<dEtaiLS/+/oNPoinTeRENTER%0a=%0aa=prompt,a()//",url_href,0
"<dEtaiLS/+/oNPoinTeRENTER%0a=%0aa=prompt,a()//",url_navigation,0
<D3V%09onpOiNTereNtEr%0d=%0d(confirm)()%0dx>v3dm0s,html_tag,1
<D3V%09onpOiNTereNtEr%0d=%0d(confirm)()%0dx>v3dm0s,html_attribute,0
<D3V%09onpOiNTereNtEr%0d=%0d(confirm)()%0dx>v3dm0s,html_text,1
<D3V%09onpOiNTereNtEr%0d=%0d(confirm)()%0dx>v3dm0s,script_block,0
<D3V%09onpOiNTereNtEr%0d=%0d(confirm)()%0dx>v3dm0s,comment,0
<D3V%09onpOiNTereNtEr%0d=%0d(confirm)()%0dx>v3dm0s,url_href,0
<D3V%09onpOiNTereNtEr%0d=%0d(confirm)()%0dx>v3dm0s,url_navigation,0
<A%0aONPOInTereNtEr%09=%09(prompt)``>v3dm0s,html_tag,1
<A%0aONPOInTereNtEr%09=%09(prompt)``>v3dm0s,html_attribute,0
<A%0aONPOInTereNtEr%09=%09(prompt)``>v3dm0s,html_text,1
<A%0aONPOInTereNtEr%09=%09(prompt)``>v3dm0s,script_block,0
<A%0aONPOInTereNtEr%09=%09(prompt)``>v3dm0s,comment,0
<A%0aONPOInTereNtEr%09=%09(prompt)``>v3dm0s,url_href,0
<A%0aONPOInTereNtEr%09=%09(prompt)``>v3dm0s,url_navigation,0
<a/+/onpoiNTerenTEr%0a=%0a(prompt)``%0dx>v3dm0s,html_tag,1
<a/+/onpoiNTerenTEr%0a=%0a(prompt)``%0dx>v3dm0s,html_attribute,0
<a/+/onpoiNTerenTEr%0a=%0a(prompt)``%0dx>v3dm0s,html_text,1
<a/+/onpoiNTerenTEr%0a=%0a(prompt)``%0dx>v3dm0s,script_block,0
<a/+/onpoiNTerenTEr%0a=%0a(prompt)``%0dx>v3dm0s,comment,0
<a/+/onpoiNTerenTEr%0a=%0a(prompt)``%0dx>v3dm0s,url_href,0
<a/+/onpoiNTerenTEr%0a=%0a(prompt)``%0dx>v3dm0s,url_navigation,0
<htMl/+/ONMoUseoVer%09=%09confirm()//,html_tag,0
<htMl/+/ONMoUseoVer%09=%09confirm()//,html_attribute,0
<htMl/+/ONMoUseoVer%09=%09confirm()//,html_text,0
<htMl/+/ONMoUseoVer%09=%09confirm()//,script_block,0
<htMl/+/ONMoUseoVer%09=%09confirm()//,comment,0
<htMl/+/ONMoUseoVer%09=%09confirm()//,url_href,0
<htMl/+/ONMoUseoVer%09=%09confirm()//,url_navigation,0
"<Html/+/oNpoIntereNteR%0d=%0da=prompt,a()%0dx>",html_tag,0
"<Html/+/oNpoIntereNteR%0d=%0da=prompt,a()%0dx>",html_attribute,0
"<Html/+/oNpoIntereNteR%0d=%0da=prompt,a()%0dx>",html_text,0
"<Html/+/oNpoIntereNteR%0d=%0da=prompt,a()%0dx>",script_block,0
"<Html/+/oNpoIntereNteR%0d=%0da=prompt,a()%0dx>",comment,0
"<Html/+/oNpoIntereNteR%0d=%0da=prompt,a()%0dx>",url_href,0
"<Html/+/oNpoIntereNteR%0d=%0da=prompt,a()%0dx>",url_navigation,0
"<D3v%0donmouSeOveR%0d=%0da=prompt,a()>v3dm0s",html_tag,1
"<D3v%0donmouSeOveR%0d=%0da=prompt,a()>v3dm0s",html_attribute,0
"<D3v%0donmouSeOveR%0d=%0da=prompt,a()>v3dm0s",html_text,1
"<D3v%0donmouSeOveR%0d=%0da=prompt,a()>v3dm0s",script_block,0
"<D3v%0donmouSeOveR%0d=%0da=prompt,a()>v3dm0s",comment,0
"<D3v%0donmouSeOveR%0d=%0da=prompt,a()>v3dm0s",url_href,0
"<D3v%0donmouSeOveR%0d=%0da=prompt,a()>v3dm0s",url_navigation,0
<htMl%0aonpOInTEREnteR%0d=%0dconfirm()%0dx//,html_tag,0
<htMl%0aonpOInTEREnteR%0d=%0dconfirm()%0dx//,html_attribute,0
<htMl%0aonpOInTEREnteR%0d=%0dconfirm()%0dx//,html_text,0
<htMl%0aonpOInTEREnteR%0d=%0dconfirm()%0dx//,script_block,0
<htMl%0aonpOInTEREnteR%0d=%0dconfirm()%0dx//,comment,0
<htMl%0aonpOInTEREnteR%0d=%0dconfirm()%0dx//,url_href,0
<htMl%0aonpOInTEREnteR%0d=%0dconfirm()%0dx//,url_navigation,0
<D3v/+/ONMOuSeOVer%09=%09[8].find(confirm)>v3dm0s,html_tag,1
<D3v/+/ONMOuSeOVer%09=%09[8].find(confirm)>v3dm0s,html_attribute,0
<D3v/+/ONMOuSeOVer%09=%09[8].find(confirm)>v3dm0s,html_text,1
<D3v/+/ONMOuSeOVer%09=%09[8].find(confirm)>v3dm0s,script_block,0
<D3v/+/ONMOuSeOVer%09=%09[8].find(confirm)>v3dm0s,comment,0
<D3v/+/ONMOuSeOVer%09=%09[8].find(confirm)>v3dm0s,url_href,0
<D3v/+/ONMOuSeOVer%09=%09[8].find(confirm)>v3dm0s,url_navigation,0
<DetailS%0aONtogglE+=+(prompt)``>,html_tag,0
<DetailS%0aONtogglE+=+(prompt)``>,html_attribute,0
<DetailS%0aONtogglE+=+(prompt)``>,html_text,0
<DetailS%0aONtogglE+=+(prompt)``>,script_block,0
<DetailS%0aONtogglE+=+(prompt)``>,comment,0
<DetailS%0aONtogglE+=+(prompt)``>,url_href,0
<DetailS%0aONtogglE+=+(prompt)``>,url_navigation,0
"<A%0donmoUSeOVER%0a=%0aa=prompt,a()>v3dm0s",html_tag,1
"<A%0donmoUSeOVER%0a=%0aa=prompt,a()>v3dm0s",html_attribute,0
"<A%0donmoUSeOVER%0a=%0aa=prompt,a()>v3dm0s",html_text,1
"<A%0donmoUSeOVER%0a=%0aa=prompt,a()>v3dm0s",script_block,0
"<A%0donmoUSeOVER%0a=%0aa=prompt,a()>v3dm0s",comment,0
"<A%0donmoUSeOVER%0a=%0aa=prompt,a()>v3dm0s",url_href,0
"<A%0donmoUSeOVER%0a=%0aa=prompt,a()>v3dm0s",url_navigation,0
<D3V%09onmOUSEOvEr%09=%09(prompt)``>v3dm0s,html_tag,1
<D3V%09onmOUSEOvEr%09=%09(prompt)``>v3dm0s,html_attribute,0
<D3V%09onmOUSEOvEr%09=%09(prompt)``>v3dm0s,html_text,1
<D3V%09onmOUSEOvEr%09=%09(prompt)``>v3dm0s,script_block,0
<D3V%09onmOUSEOvEr%09=%09(prompt)``>v3dm0s,comment,0
<D3V%09onmOUSEOvEr%09=%09(prompt)``>v3dm0s,url_href,0
<D3V%09onmOUSEOvEr%09=%09(prompt)``>v3dm0s,url_navigation,0
<a%09onMoUsEOVER%0a=%0a(confirm)()>v3dm0s,html_tag,1
<a%09onMoUsEOVER%0a=%0a(confirm)()>v3dm0s,html_attribute,0
<a%09onMoUsEOVER%0a=%0a(confirm)()>v3dm0s,html_text,1
<a%09onMoUsEOVER%0a=%0a(confirm)()>v3dm0s,script_block,0
<a%09onMoUsEOVER%0a=%0a(confirm)()>v3dm0s,comment,0
<a%09onMoUsEOVER%0a=%0a(confirm)()>v3dm0s,url_href,0
<a%09onMoUsEOVER%0a=%0a(confirm)()>v3dm0s,url_navigation,0
"<deTAiLs%0dONtOgglE%0d=%0da=prompt,a()%0dx//",html_tag,0
"<deTAiLs%0dONtOgglE%0d=%0da=prompt,a()%0dx//",html_attribute,0
"<deTAiLs%0dONtOgglE%0d=%0da=prompt,a()%0dx//",html_text,0
"<deTAiLs%0dONtOgglE%0d=%0da=prompt,a()%0dx//",script_block,0
"<deTAiLs%0dONtOgglE%0d=%0da=prompt,a()%0dx//",comment,0
"<deTAiLs%0dONtOgglE%0d=%0da=prompt,a()%0dx//",url_href,0
"<deTAiLs%0dONtOgglE%0d=%0da=prompt,a()%0dx//",url_navigation,0
<DETAiLs%0dOnpoINteRentEr%0d=%0dconfirm()//,html_tag,0
<DETAiLs%0dOnpoINteRentEr%0d=%0dconfirm()//,html_attribute,0
<DETAiLs%0dOnpoINteRentEr%0d=%0dconfirm()//,html_text,0
<DETAiLs%0dOnpoINteRentEr%0d=%0dconfirm()//,script_block,0
<DETAiLs%0dOnpoINteRentEr%0d=%0dconfirm()//,comment,0
<DETAiLs%0dOnpoINteRentEr%0d=%0dconfirm()//,url_href,0
<DETAiLs%0dOnpoINteRentEr%0d=%0dconfirm()//,url_navigation,0
"<html/+/oNpoINTErENTER%0d=%0da=prompt,a()%0dx//",html_tag,0
"<html/+/oNpoINTErENTER%0d=%0da=prompt,a()%0dx//",html_attribute,0
"<html/+/oNpoINTErENTER%0d=%0da=prompt,a()%0dx//",html_text,0
"<html/+/oNpoINTErENTER%0d=%0da=prompt,a()%0dx//",script_block,0
"<html/+/oNpoINTErENTER%0d=%0da=prompt,a()%0dx//",comment,0
"<html/+/oNpoINTErENTER%0d=%0da=prompt,a()%0dx//",url_href,0
"<html/+/oNpoINTErENTER%0d=%0da=prompt,a()%0dx//",url_navigation,0
<DeTaIls/+/OntogGlE%0d=%0d(confirm)()//,html_tag,0
<DeTaIls/+/OntogGlE%0d=%0d(confirm)()//,html_attribute,0
<DeTaIls/+/OntogGlE%0d=%0d(confirm)()//,html_text,0
<DeTaIls/+/OntogGlE%0d=%0d(confirm)()//,script_block,0
<DeTaIls/+/OntogGlE%0d=%0d(confirm)()//,comment,0
<DeTaIls/+/OntogGlE%0d=%0d(confirm)()//,url_href,0
<DeTaIls/+/OntogGlE%0d=%0d(confirm)()//,url_navigation,0
"<hTml%09onMOUseOVer+=+a=prompt,a()%0dx>",html_tag,0
"<hTml%09onMOUseOVer+=+a=prompt,a()%0dx>",html_attribute,0
"<hTml%09onMOUseOVer+=+a=prompt,a()%0dx>",html_text,0
"<hTml%09onMOUseOVer+=+a=prompt,a()%0dx>",script_block,0
"<hTml%09onMOUseOVer+=+a=prompt,a()%0dx>",comment,0
"<hTml%09onMOUseOVer+=+a=prompt,a()%0dx>",url_href,0
"<hTml%09onMOUseOVer+=+a=prompt,a()%0dx>",url_navigation,0
<a%0aOnMOuSEoVEr%0a=%0a(confirm)()%0dx>v3dm0s,html_tag,1
<a%0aOnMOuSEoVEr%0a=%0a(confirm)()%0dx>v3dm0s,html_attribute,0
<a%0aOnMOuSEoVEr%0a=%0a(confirm)()%0dx>v3dm0s,html_text,1
<a%0aOnMOuSEoVEr%0a=%0a(confirm)()%0dx>v3dm0s,script_block,0
<a%0aOnMOuSEoVEr%0a=%0a(confirm)()%0dx>v3dm0s,comment,0
<a%0aOnMOuSEoVEr%0a=%0a(confirm)()%0dx>v3dm0s,url_href,0
<a%0aOnMOuSEoVEr%0a=%0a(confirm)()%0dx>v3dm0s,url_navigation,0
"<dEtAILs%0dONToGgle+=+a=prompt,a()%0dx>",html_tag,0
"<dEtAILs%0dONToGgle+=+a=prompt,a()%0dx>",html_attribute,0
"<dEtAILs%0dONToGgle+=+a=prompt,a()%0dx>",html_text,0
"<dEtAILs%0dONToGgle+=+a=prompt,a()%0dx>",script_block,0
"<dEtAILs%0dONToGgle+=+a=prompt,a()%0dx>",comment,0
"<dEtAILs%0dONToGgle+=+a=prompt,a()%0dx>",url_href,0
"<dEtAILs%0dONToGgle+=+a=prompt,a()%0dx>",url_navigation,0
<DeTAIls%0aonPOinterEntEr%09=%09(confirm)()%0dx>,html_tag,0
<DeTAIls%0aonPOinterEntEr%09=%09(confirm)()%0dx>,html_attribute,0
<DeTAIls%0aonPOinterEntEr%09=%09(confirm)()%0dx>,html_text,0
<DeTAIls%0aonPOinterEntEr%09=%09(confirm)()%0dx>,script_block,0
<DeTAIls%0aonPOinterEntEr%09=%09(confirm)()%0dx>,comment,0
<DeTAIls%0aonPOinterEntEr%09=%09(confirm)()%0dx>,url_href,0
<DeTAIls%0aonPOinterEntEr%09=%09(confirm)()%0dx>,url_navigation,0
<DEtaILs%0aOntoGGLe%0a=%0a[8].find(confirm)%0dx>,html_tag,0
<DEtaILs%0aOntoGGLe%0a=%0a[8].find(confirm)%0dx>,html_attribute,0
<DEtaILs%0aOntoGGLe%0a=%0a[8].find(confirm)%0dx>,html_text,0
<DEtaILs%0aOntoGGLe%0a=%0a[8].find(confirm)%0dx>,script_block,0
<DEtaILs%0aOntoGGLe%0a=%0a[8].find(confirm)%0dx>,comment,0
<DEtaILs%0aOntoGGLe%0a=%0a[8].find(confirm)%0dx>,url_href,0
<DEtaILs%0aOntoGGLe%0a=%0a[8].find(confirm)%0dx>,url_navigation,0
<D3V%0aonmOuseOVeR%09=%09confirm()%0dx>v3dm0s,html_tag,1
<D3V%0aonmOuseOVeR%09=%09confirm()%0dx>v3dm0s,html_attribute,0
<D3V%0aonmOuseOVeR%09=%09confirm()%0dx>v3dm0s,html_text,1
<D3V%0aonmOuseOVeR%09=%09confirm()%0dx>v3dm0s,script_block,0
<D3V%0aonmOuseOVeR%09=%09confirm()%0dx>v3dm0s,comment,0
<D3V%0aonmOuseOVeR%09=%09confirm()%0dx>v3dm0s,url_href,0
<D3V%0aonmOuseOVeR%09=%09confirm()%0dx>v3dm0s,url_navigation,0
"<a%09oNPOIntErENter%0d=%0da=prompt,a()%0dx>v3dm0s",html_tag,1
"<a%09oNPOIntErENter%0d=%0da=prompt,a()%0dx>v3dm0s",html_attribute,0
"<a%09oNPOIntErENter%0d=%0da=prompt,a()%0dx>v3dm0s",html_text,1
"<a%09oNPOIntErENter%0d=%0da=prompt,a()%0dx>v3dm0s",script_block,0
"<a%09oNPOIntErENter%0d=%0da=prompt,a()%0dx>v3dm0s",comment,0
"<a%09oNPOIntErENter%0d=%0da=prompt,a()%0dx>v3dm0s",url_href,0
"<a%09oNPOIntErENter%0d=%0da=prompt,a()%0dx>v3dm0s",url_navigation,0
<DEtaILs%0dONToGGlE%09=%09confirm()%0dx//,html_tag,0
<DEtaILs%0dONToGGlE%09=%09confirm()%0dx//,html_attribute,0
<DEtaILs%0dONToGGlE%09=%09confirm()%0dx//,html_text,0
<DEtaILs%0dONToGGlE%09=%09confirm()%0dx//,script_block,0
<DEtaILs%0dONToGGlE%09=%09confirm()%0dx//,comment,0
<DEtaILs%0dONToGGlE%09=%09confirm()%0dx//,url_href,0
<DEtaILs%0dONToGGlE%09=%09confirm()%0dx//,url_navigation,0
<hTMl%09oNpoinTeRenteR%09=%09confirm()>,html_tag,0
<hTMl%09oNpoinTeRenteR%09=%09confirm()>,html_attribute,0
<hTMl%09oNpoinTeRenteR%09=%09confirm()>,html_text,0
<hTMl%09oNpoinTeRenteR%09=%09confirm()>,script_block,0
<hTMl%09oNpoinTeRenteR%09=%09confirm()>,comment,0
<hTMl%09oNpoinTeRenteR%09=%09confirm()>,url_href,0
<hTMl%09oNpoinTeRenteR%09=%09confirm()>,url_navigation,0
<D3v/+/onmoUseovEr+=+(prompt)``>v3dm0s,html_tag,0
<D3v/+/onmoUseovEr+=+(prompt)``>v3dm0s,html_attribute,0
<D3v/+/onmoUseovEr+=+(prompt)``>v3dm0s,html_text,0
<D3v/+/onmoUseovEr+=+(prompt)``>v3dm0s,script_block,0
<D3v/+/onmoUseovEr+=+(prompt)``>v3dm0s,comment,0
<D3v/+/onmoUseovEr+=+(prompt)``>v3dm0s,url_href,0
<D3v/+/onmoUseovEr+=+(prompt)``>v3dm0s,url_navigation,0
<dEtAiLs%0dONPoINtErEnter%0a=%0aconfirm()%0dx//,html_tag,0
<dEtAiLs%0dONPoINtErEnter%0a=%0aconfirm()%0dx//,html_attribute,0
<dEtAiLs%0dONPoINtErEnter%0a=%0aconfirm()%0dx//,html_text,0
<dEtAiLs%0dONPoINtErEnter%0a=%0aconfirm()%0dx//,script_block,0
<dEtAiLs%0dONPoINtErEnter%0a=%0aconfirm()%0dx//,comment,0
<dEtAiLs%0dONPoINtErEnter%0a=%0aconfirm()%0dx//,url_href,0
<dEtAiLs%0dONPoINtErEnter%0a=%0aconfirm()%0dx//,url_navigation,0
<A/+/ONpoINtERenTER%0a=%0a(prompt)``%0dx>v3dm0s,html_tag,1
<A/+/ONpoINtERenTER%0a=%0a(prompt)``%0dx>v3dm0s,html_attribute,0
<A/+/ONpoINtERenTER%0a=%0a(prompt)``%0dx>v3dm0s,html_text,1
<A/+/ONpoINtERenTER%0a=%0a(prompt)``%0dx>v3dm0s,script_block,0
<A/+/ONpoINtERenTER%0a=%0a(prompt)``%0dx>v3dm0s,comment,0
<A/+/ONpoINtERenTER%0a=%0a(prompt)``%0dx>v3dm0s,url_href,0
<A/+/ONpoINtERenTER%0a=%0a(prompt)``%0dx>v3dm0s,url_navigation,0
<Html%0dONmOuSeovER%0d=%0d(confirm)()%0dx//,html_tag,0
<Html%0dONmOuSeovER%0d=%0d(confirm)()%0dx//,html_attribute,0
<Html%0dONmOuSeovER%0d=%0d(confirm)()%0dx//,html_text,0
<Html%0dONmOuSeovER%0d=%0d(confirm)()%0dx//,script_block,0
<Html%0dONmOuSeovER%0d=%0d(confirm)()%0dx//,comment,0
<Html%0dONmOuSeovER%0d=%0d(confirm)()%0dx//,url_href,0
<Html%0dONmOuSeovER%0d=%0d(confirm)()%0dx//,url_navigation,0
<A%0aonmOuseoVer+=+confirm()%0dx>v3dm0s,html_tag,0
<A%0aonmOuseoVer+=+confirm()%0dx>v3dm0s,html_attribute,0
<A%0aonmOuseoVer+=+confirm()%0dx>v3dm0s,html_text,0
<A%0aonmOuseoVer+=+confirm()%0dx>v3dm0s,script_block,0
<A%0aonmOuseoVer+=+confirm()%0dx>v3dm0s,comment,0
<A%0aonmOuseoVer+=+confirm()%0dx>v3dm0s,url_href,0
<A%0aonmOuseoVer+=+confirm()%0dx>v3dm0s,url_navigation,0
<dEtAIlS%0doNtOGGlE%0a=%0aconfirm()>,html_tag,0
<dEtAIlS%0doNtOGGlE%0a=%0aconfirm()>,html_attribute,0
<dEtAIlS%0doNtOGGlE%0a=%0aconfirm()>,html_text,0
<dEtAIlS%0doNtOGGlE%0a=%0aconfirm()>,script_block,0
<dEtAIlS%0doNtOGGlE%0a=%0aconfirm()>,comment,0
<dEtAIlS%0doNtOGGlE%0a=%0aconfirm()>,url_href,0
<dEtAIlS%0doNtOGGlE%0a=%0aconfirm()>,url_navigation,0
<a%09ONPoiNTErEnTEr%09=%09confirm()%0dx>v3dm0s,html_tag,1
<a%09ONPoiNTErEnTEr%09=%09confirm()%0dx>v3dm0s,html_attribute,0
<a%09ONPoiNTErEnTEr%09=%09confirm()%0dx>v3dm0s,html_text,1
<a%09ONPoiNTErEnTEr%09=%09confirm()%0dx>v3dm0s,script_block,0
<a%09ONPoiNTErEnTEr%09=%09confirm()%0dx>v3dm0s,comment,0
<a%09ONPoiNTErEnTEr%09=%09confirm()%0dx>v3dm0s,url_href,0
<a%09ONPoiNTErEnTEr%09=%09confirm()%0dx>v3dm0s,url_navigation,0
<A%0aoNMousEover%0d=%0dconfirm()%0dx>v3dm0s,html_tag,1
<A%0aoNMousEover%0d=%0dconfirm()%0dx>v3dm0s,html_attribute,0
<A%0aoNMousEover%0d=%0dconfirm()%0dx>v3dm0s,html_text,1
<A%0aoNMousEover%0d=%0dconfirm()%0dx>v3dm0s,script_block,0
<A%0aoNMousEover%0d=%0dconfirm()%0dx>v3dm0s,comment,0
<A%0aoNMousEover%0d=%0dconfirm()%0dx>v3dm0s,url_href,0
<A%0aoNMousEover%0d=%0dconfirm()%0dx>v3dm0s,url_navigation,0
<a%0dOnPoinTeREntER%09=%09confirm()%0dx>v3dm0s,html_tag,1
<a%0dOnPoinTeREntER%09=%09confirm()%0dx>v3dm0s,html_attribute,0
<a%0dOnPoinTeREntER%09=%09confirm()%0dx>v3dm0s,html_text,1
<a%0dOnPoinTeREntER%09=%09confirm()%0dx>v3dm0s,script_block,0
<a%0dOnPoinTeREntER%09=%09confirm()%0dx>v3dm0s,comment,0
<a%0dOnPoinTeREntER%09=%09confirm()%0dx>v3dm0s,url_href,0
<a%0dOnPoinTeREntER%09=%09confirm()%0dx>v3dm0s,url_navigation,0
<DetaILS%09OntOGGlE+=+(confirm)()>,html_tag,0
<DetaILS%09OntOGGlE+=+(confirm)()>,html_attribute,0
<DetaILS%09OntOGGlE+=+(confirm)()>,html_text,0
<DetaILS%09OntOGGlE+=+(confirm)()>,script_block,0
<DetaILS%09OntOGGlE+=+(confirm)()>,comment,0
<DetaILS%09OntOGGlE+=+(confirm)()>,url_href,0
<DetaILS%09OntOGGlE+=+(confirm)()>,url_navigation,0
<HtMl/+/oNPoinTerEnteR%0d=%0dconfirm()%0dx>,html_tag,0
<HtMl/+/oNPoinTerEnteR%0d=%0dconfirm()%0dx>,html_attribute,0
<HtMl/+/oNPoinTerEnteR%0d=%0dconfirm()%0dx>,html_text,0
<HtMl/+/oNPoinTerEnteR%0d=%0dconfirm()%0dx>,script_block,0
<HtMl/+/oNPoinTerEnteR%0d=%0dconfirm()%0dx>,comment,0
<HtMl/+/oNPoinTerEnteR%0d=%0dconfirm()%0dx>,url_href,0
<HtMl/+/oNPoinTerEnteR%0d=%0dconfirm()%0dx>,url_navigation,0
<a%09OnPOinTErEnteR%0a=%0a(prompt)``%0dx>v3dm0s,html_tag,1
<a%09OnPOinTErEnteR%0a=%0a(prompt)``%0dx>v3dm0s,html_attribute,0
<a%09OnPOinTErEnteR%0a=%0a(prompt)``%0dx>v3dm0s,html_text,1
<a%09OnPOinTErEnteR%0a=%0a(prompt)``%0dx>v3dm0s,script_block,0
<a%09OnPOinTErEnteR%0a=%0a(prompt)``%0dx>v3dm0s,comment,0
<a%09OnPOinTErEnteR%0a=%0a(prompt)``%0dx>v3dm0s,url_href,0
<a%09OnPOinTErEnteR%0a=%0a(prompt)``%0dx>v3dm0s,url_navigation,0
<d3V%0donmOusEOVER%09=%09[8].find(confirm)>v3dm0s,html_tag,1
<d3V%0donmOusEOVER%09=%09[8].find(confirm)>v3dm0s,html_attribute,0
<d3V%0donmOusEOVER%09=%09[8].find(confirm)>v3dm0s,html_text,1
<d3V%0donmOusEOVER%09=%09[8].find(confirm)>v3dm0s,script_block,0
<d3V%0donmOusEOVER%09=%09[8].find(confirm)>v3dm0s,comment,0
<d3V%0donmOusEOVER%09=%09[8].find(confirm)>v3dm0s,url_href,0
<d3V%0donmOusEOVER%09=%09[8].find(confirm)>v3dm0s,url_navigation,0
<deTAILS%0aOnpoINtErenTeR+=+confirm()>,html_tag,0
<deTAILS%0aOnpoINtErenTeR+=+confirm()>,html_attribute,0
<deTAILS%0aOnpoINtErenTeR+=+confirm()>,html_text,0
<deTAILS%0aOnpoINtErenTeR+=+confirm()>,script_block,0
<deTAILS%0aOnpoINtErenTeR+=+confirm()>,comment,0
<deTAILS%0aOnpoINtErenTeR+=+confirm()>,url_href,0
<deTAILS%0aOnpoINtErenTeR+=+confirm()>,url_navigation,0
<A%0aoNpOiNTerEnteR+=+confirm()%0dx>v3dm0s,html_tag,0
<A%0aoNpOiNTerEnteR+=+confirm()%0dx>v3dm0s,html_attribute,0
<A%0aoNpOiNTerEnteR+=+confirm()%0dx>v3dm0s,html_text,0
<A%0aoNpOiNTerEnteR+=+confirm()%0dx>v3dm0s,script_block,0
<A%0aoNpOiNTerEnteR+=+confirm()%0dx>v3dm0s,comment,0
<A%0aoNpOiNTerEnteR+=+confirm()%0dx>v3dm0s,url_href,0
<A%0aoNpOiNTerEnteR+=+confirm()%0dx>v3dm0s,url_navigation,0
<Html/+/oNPoinTERENteR%0d=%0d(confirm)()%0dx>,html_tag,0
<Html/+/oNPoinTERENteR%0d=%0d(confirm)()%0dx>,html_attribute,0
<Html/+/oNPoinTERENteR%0d=%0d(confirm)()%0dx>,html_text,0
<Html/+/oNPoinTERENteR%0d=%0d(confirm)()%0dx>,script_block,0
<Html/+/oNPoinTERENteR%0d=%0d(confirm)()%0dx>,comment,0
<Html/+/oNPoinTERENteR%0d=%0d(confirm)()%0dx>,url_href,0
<Html/+/oNPoinTERENteR%0d=%0d(confirm)()%0dx>,url_navigation,0
<d3V%0dOnmouseovEr%0d=%0dconfirm()%0dx>v3dm0s,html_tag,1
<d3V%0dOnmouseovEr%0d=%0dconfirm()%0dx>v3dm0s,html_attribute,0
<d3V%0dOnmouseovEr%0d=%0dconfirm()%0dx>v3dm0s,html_text,1
<d3V%0dOnmouseovEr%0d=%0dconfirm()%0dx>v3dm0s,script_block,0
<d3V%0dOnmouseovEr%0d=%0dconfirm()%0dx>v3dm0s,comment,0
<d3V%0dOnmouseovEr%0d=%0dconfirm()%0dx>v3dm0s,url_href,0
<d3V%0dOnmouseovEr%0d=%0dconfirm()%0dx>v3dm0s,url_navigation,0
"<DEtAILs%09ontOgglE%0a=%0aa=prompt,a()%0dx//",html_tag,0
"<DEtAILs%09ontOgglE%0a=%0aa=prompt,a()%0dx//",html_attribute,0
"<DEtAILs%09ontOgglE%0a=%0aa=prompt,a()%0dx//",html_text,0
"<DEtAILs%09ontOgglE%0a=%0aa=prompt,a()%0dx//",script_block,0
"<DEtAILs%09ontOgglE%0a=%0aa=prompt,a()%0dx//",comment,0
"<DEtAILs%09ontOgglE%0a=%0aa=prompt,a()%0dx//",url_href,0
"<DEtAILs%09ontOgglE%0a=%0aa=prompt,a()%0dx//",url_navigation,0
<HTml/+/ONmOUseovER%0d=%0dconfirm()//,html_tag,0
<HTml/+/ONmOUseovER%0d=%0dconfirm()//,html_attribute,0
<HTml/+/ONmOUseovER%0d=%0dconfirm()//,html_text,0
<HTml/+/ONmOUseovER%0d=%0dconfirm()//,script_block,0
<HTml/+/ONmOUseovER%0d=%0dconfirm()//,comment,0
<HTml/+/ONmOUseovER%0d=%0dconfirm()//,url_href,0
<HTml/+/ONmOUseovER%0d=%0dconfirm()//,url_navigation,0
<d3V%09ONPOiNTEReNtEr%09=%09confirm()%0dx>v3dm0s,html_tag,1
<d3V%09ONPOiNTEReNtEr%09=%09confirm()%0dx>v3dm0s,html_attribute,0
<d3V%09ONPOiNTEReNtEr%09=%09confirm()%0dx>v3dm0s,html_text,1
<d3V%09ONPOiNTEReNtEr%09=%09confirm()%0dx>v3dm0s,script_block,0
<d3V%09ONPOiNTEReNtEr%09=%09confirm()%0dx>v3dm0s,comment,0
<d3V%09ONPOiNTEReNtEr%09=%09confirm()%0dx>v3dm0s,url_href,0
<d3V%09ONPOiNTEReNtEr%09=%09confirm()%0dx>v3dm0s,url_navigation,0
<HTmL/+/OnmOuseovEr%09=%09confirm()%0dx//,html_tag,0
<HTmL/+/OnmOuseovEr%09=%09confirm()%0dx//,html_attribute,0
<HTmL/+/OnmOuseovEr%09=%09confirm()%0dx//,html_text,0
<HTmL/+/OnmOuseovEr%09=%09confirm()%0dx//,script_block,0
<HTmL/+/OnmOuseovEr%09=%09confirm()%0dx//,comment,0
<HTmL/+/OnmOuseovEr%09=%09confirm()%0dx//,url_href,0
<HTmL/+/OnmOuseovEr%09=%09confirm()%0dx//,url_navigation,0
<htmL%0aOnMousEOVeR+=+confirm()%0dx>,html_tag,0
<htmL%0aOnMousEOVeR+=+confirm()%0dx>,html_attribute,0
<htmL%0aOnMousEOVeR+=+confirm()%0dx>,html_text,0
<htmL%0aOnMousEOVeR+=+confirm()%0dx>,script_block,0
<htmL%0aOnMousEOVeR+=+confirm()%0dx>,comment,0
<htmL%0aOnMousEOVeR+=+confirm()%0dx>,url_href,0
<htmL%0aOnMousEOVeR+=+confirm()%0dx>,url_navigation,0
<a/+/onpoInTERenTEr%09=%09confirm()%0dx>v3dm0s,html_tag,1
<a/+/onpoInTERenTEr%09=%09confirm()%0dx>v3dm0s,html_attribute,0
<a/+/onpoInTERenTEr%09=%09confirm()%0dx>v3dm0s,html_text,1
<a/+/onpoInTERenTEr%09=%09confirm()%0dx>v3dm0s,script_block,0
<a/+/onpoInTERenTEr%09=%09confirm()%0dx>v3dm0s,comment,0
<a/+/onpoInTERenTEr%09=%09confirm()%0dx>v3dm0s,url_href,0
<a/+/onpoInTERenTEr%09=%09confirm()%0dx>v3dm0s,url_navigation,0
<Html%0donpoINTeREntER+=+confirm()>,html_tag,0
<Html%0donpoINTeREntER+=+confirm()>,html_attribute,0
<Html%0donpoINTeREntER+=+confirm()>,html_text,0
<Html%0donpoINTeREntER+=+confirm()>,script_block,0
<Html%0donpoINTeREntER+=+confirm()>,comment,0
<Html%0donpoINTeREntER+=+confirm()>,url_href,0
<Html%0donpoINTeREntER+=+confirm()>,url_navigation,0
<HTmL%09OnmouSeOVEr+=+[8].find(confirm)//,html_tag,0
<HTmL%09OnmouSeOVEr+=+[8].find(confirm)//,html_attribute,0
<HTmL%09OnmouSeOVEr+=+[8].find(confirm)//,html_text,0
<HTmL%09OnmouSeOVEr+=+[8].find(confirm)//,script_block,0
<HTmL%09OnmouSeOVEr+=+[8].find(confirm)//,comment,0
<HTmL%09OnmouSeOVEr+=+[8].find(confirm)//,url_href,0
<HTmL%09OnmouSeOVEr+=+[8].find(confirm)//,url_navigation,0
<a/+/OnPOINterEnTer%09=%09(prompt)``%0dx>v3dm0s,html_tag,1
<a/+/OnPOINterEnTer%09=%09(prompt)``%0dx>v3dm0s,html_attribute,0
<a/+/OnPOINterEnTer%09=%09(prompt)``%0dx>v3dm0s,html_text,1
<a/+/OnPOINterEnTer%09=%09(prompt)``%0dx>v3dm0s,script_block,0
<a/+/OnPOINterEnTer%09=%09(prompt)``%0dx>v3dm0s,comment,0
<a/+/OnPOINterEnTer%09=%09(prompt)``%0dx>v3dm0s,url_href,0
<a/+/OnPOINterEnTer%09=%09(prompt)``%0dx>v3dm0s,url_navigation,0
<dETAIlS%0aonpoIntEreNter+=+confirm()//,html_tag,0
<dETAIlS%0aonpoIntEreNter+=+confirm()//,html_attribute,0
<dETAIlS%0aonpoIntEreNter+=+confirm()//,html_text,0
<dETAIlS%0aonpoIntEreNter+=+confirm()//,script_block,0
<dETAIlS%0aonpoIntEreNter+=+confirm()//,comment,0
<dETAIlS%0aonpoIntEreNter+=+confirm()//,url_href,0
<dETAIlS%0aonpoIntEreNter+=+confirm()//,url_navigation,0
<a%0aONpoIntERenteR%0d=%0d(confirm)()%0dx>v3dm0s,html_tag,1
<a%0aONpoIntERenteR%0d=%0d(confirm)()%0dx>v3dm0s,html_attribute,0
<a%0aONpoIntERenteR%0d=%0d(confirm)()%0dx>v3dm0s,html_text,1
<a%0aONpoIntERenteR%0d=%0d(confirm)()%0dx>v3dm0s,script_block,0
<a%0aONpoIntERenteR%0d=%0d(confirm)()%0dx>v3dm0s,comment,0
<a%0aONpoIntERenteR%0d=%0d(confirm)()%0dx>v3dm0s,url_href,0
<a%0aONpoIntERenteR%0d=%0d(confirm)()%0dx>v3dm0s,url_navigation,0
<D3v%0aONpOInTeREnTER%0a=%0a[8].find(confirm)%0dx>v3dm0s,html_tag,1
<D3v%0aONpOInTeREnTER%0a=%0a[8].find(confirm)%0dx>v3dm0s,html_attribute,0
<D3v%0aONpOInTeREnTER%0a=%0a[8].find(confirm)%0dx>v3dm0s,html_text,1
<D3v%0aONpOInTeREnTER%0a=%0a[8].find(confirm)%0dx>v3dm0s,script_block,0
<D3v%0aONpOInTeREnTER%0a=%0a[8].find(confirm)%0dx>v3dm0s,comment,0
<D3v%0aONpOInTeREnTER%0a=%0a[8].find(confirm)%0dx>v3dm0s,url_href,0
<D3v%0aONpOInTeREnTER%0a=%0a[8].find(confirm)%0dx>v3dm0s,url_navigation,0
<d3V%09OnPOinterENteR%09=%09confirm()>v3dm0s,html_tag,1
<d3V%09OnPOinterENteR%09=%09confirm()>v3dm0s,html_attribute,0
<d3V%09OnPOinterENteR%09=%09confirm()>v3dm0s,html_text,1
<d3V%09OnPOinterENteR%09=%09confirm()>v3dm0s,script_block,0
<d3V%09OnPOinterENteR%09=%09confirm()>v3dm0s,comment,0
<d3V%09OnPOinterENteR%09=%09confirm()>v3dm0s,url_href,0
<d3V%09OnPOinterENteR%09=%09confirm()>v3dm0s,url_navigation,0
"<dETaIlS/+/ontoGGLE%0a=%0aa=prompt,a()%0dx//",html_tag,0
"<dETaIlS/+/ontoGGLE%0a=%0aa=prompt,a()%0dx//",html_attribute,0
"<dETaIlS/+/ontoGGLE%0a=%0aa=prompt,a()%0dx//",html_text,0
"<dETaIlS/+/ontoGGLE%0a=%0aa=prompt,a()%0dx//",script_block,0
"<dETaIlS/+/ontoGGLE%0a=%0aa=prompt,a()%0dx//",comment,0
"<dETaIlS/+/ontoGGLE%0a=%0aa=prompt,a()%0dx//",url_href,0
"<dETaIlS/+/ontoGGLE%0a=%0aa=prompt,a()%0dx//",url_navigation,0
<htmL%0donMoUsEoVeR%0a=%0a(prompt)``//,html_tag,0
<htmL%0donMoUsEoVeR%0a=%0a(prompt)``//,html_attribute,0
<htmL%0donMoUsEoVeR%0a=%0a(prompt)``//,html_text,0
<htmL%0donMoUsEoVeR%0a=%0a(prompt)``//,script_block,0
<htmL%0donMoUsEoVeR%0a=%0a(prompt)``//,comment,0
<htmL%0donMoUsEoVeR%0a=%0a(prompt)``//,url_href,0
<htmL%0donMoUsEoVeR%0a=%0a(prompt)``//,url_navigation,0
<d3V/+/OnpointerEnTer%0d=%0d(confirm)()>v3dm0s,html_tag,1
<d3V/+/OnpointerEnTer%0d=%0d(confirm)()>v3dm0s,html_attribute,0
<d3V/+/OnpointerEnTer%0d=%0d(confirm)()>v3dm0s,html_text,1
<d3V/+/OnpointerEnTer%0d=%0d(confirm)()>v3dm0s,script_block,0
<d3V/+/OnpointerEnTer%0d=%0d(confirm)()>v3dm0s,comment,0
<d3V/+/OnpointerEnTer%0d=%0d(confirm)()>v3dm0s,url_href,0
<d3V/+/OnpointerEnTer%0d=%0d(confirm)()>v3dm0s,url_navigation,0
<a%09ONpointeRentEr%0a=%0aconfirm()%0dx>v3dm0s,html_tag,1
<a%09ONpointeRentEr%0a=%0aconfirm()%0dx>v3dm0s,html_attribute,0
<a%09ONpointeRentEr%0a=%0aconfirm()%0dx>v3dm0s,html_text,1
<a%09ONpointeRentEr%0a=%0aconfirm()%0dx>v3dm0s,script_block,0
<a%09ONpointeRentEr%0a=%0aconfirm()%0dx>v3dm0s,comment,0
<a%09ONpointeRentEr%0a=%0aconfirm()%0dx>v3dm0s,url_href,0
<a%09ONpointeRentEr%0a=%0aconfirm()%0dx>v3dm0s,url_navigation,0
"<HTMl/+/onpOiNterEnter%0a=%0aa=prompt,a()%0dx//",html_tag,0
"<HTMl/+/onpOiNterEnter%0a=%0aa=prompt,a()%0dx//",html_attribute,0
"<HTMl/+/onpOiNterEnter%0a=%0aa=prompt,a()%0dx//",html_text,0
"<HTMl/+/onpOiNterEnter%0a=%0aa=prompt,a()%0dx//",script_block,0
"<HTMl/+/onpOiNterEnter%0a=%0aa=prompt,a()%0dx//",comment,0
"<HTMl/+/onpOiNterEnter%0a=%0aa=prompt,a()%0dx//",url_href,0
"<HTMl/+/onpOiNterEnter%0a=%0aa=prompt,a()%0dx//",url_navigation,0
<d3v/+/onMOUseovEr+=+confirm()>v3dm0s,html_tag,0
<d3v/+/onMOUseovEr+=+confirm()>v3dm0s,html_attribute,0
<d3v/+/onMOUseovEr+=+confirm()>v3dm0s,html_text,0
<d3v/+/onMOUseovEr+=+confirm()>v3dm0s,script_block,0
<d3v/+/onMOUseovEr+=+confirm()>v3dm0s,comment,0
<d3v/+/onMOUseovEr+=+confirm()>v3dm0s,url_href,0
<d3v/+/onMOUseovEr+=+confirm()>v3dm0s,url_navigation,0
"<A%0aOnPointErENTeR%09=%09a=prompt,a()>v3dm0s",html_tag,1
"<A%0aOnPointErENTeR%09=%09a=prompt,a()>v3dm0s",html_attribute,0
"<A%0aOnPointErENTeR%09=%09a=prompt,a()>v3dm0s",html_text,1
"<A%0aOnPointErENTeR%09=%09a=prompt,a()>v3dm0s",script_block,0
"<A%0aOnPointErENTeR%09=%09a=prompt,a()>v3dm0s",comment,0
"<A%0aOnPointErENTeR%09=%09a=prompt,a()>v3dm0s",url_href,0
"<A%0aOnPointErENTeR%09=%09a=prompt,a()>v3dm0s",url_navigation,0
<HTML/+/ONmouSEoVer%0d=%0d[8].find(confirm)%0dx>,html_tag,0
<HTML/+/ONmouSEoVer%0d=%0d[8].find(confirm)%0dx>,html_attribute,0
<HTML/+/ONmouSEoVer%0d=%0d[8].find(confirm)%0dx>,html_text,0
<HTML/+/ONmouSEoVer%0d=%0d[8].find(confirm)%0dx>,script_block,0
<HTML/+/ONmouSEoVer%0d=%0d[8].find(confirm)%0dx>,comment,0
<HTML/+/ONmouSEoVer%0d=%0d[8].find(confirm)%0dx>,url_href,0
<HTML/+/ONmouSEoVer%0d=%0d[8].find(confirm)%0dx>,url_navigation,0
<dETAIls/+/oNtOgGlE+=+(confirm)()//,html_tag,0
<dETAIls/+/oNtOgGlE+=+(confirm)()//,html_attribute,0
<dETAIls/+/oNtOgGlE+=+(confirm)()//,html_text,0
<dETAIls/+/oNtOgGlE+=+(confirm)()//,script_block,0
<dETAIls/+/oNtOgGlE+=+(confirm)()//,comment,0
<dETAIls/+/oNtOgGlE+=+(confirm)()//,url_href,0
<dETAIls/+/oNtOgGlE+=+(confirm)()//,url_navigation,0
<DEtails%0dontOgglE+=+(prompt)``%0dx>,html_tag,0
<DEtails%0dontOgglE+=+(prompt)``%0dx>,html_attribute,0
<DEtails%0dontOgglE+=+(prompt)``%0dx>,html_text,0
<DEtails%0dontOgglE+=+(prompt)``%0dx>,script_block,0
<DEtails%0dontOgglE+=+(prompt)``%0dx>,comment,0
<DEtails%0dontOgglE+=+(prompt)``%0dx>,url_href,0
<DEtails%0dontOgglE+=+(prompt)``%0dx>,url_navigation,0
<deTaiLS%0donpOINteReNteR%0a=%0a(confirm)()>,html_tag,0
<deTaiLS%0donpOINteReNteR%0a=%0a(confirm)()>,html_attribute,0
<deTaiLS%0donpOINteReNteR%0a=%0a(confirm)()>,html_text,0
<deTaiLS%0donpOINteReNteR%0a=%0a(confirm)()>,script_block,0
<deTaiLS%0donpOINteReNteR%0a=%0a(confirm)()>,comment,0
<deTaiLS%0donpOINteReNteR%0a=%0a(confirm)()>,url_href,0
<deTaiLS%0donpOINteReNteR%0a=%0a(confirm)()>,url_navigation,0
"<D3v%09onMOUSeovER+=+a=prompt,a()%0dx>v3dm0s",html_tag,0
"<D3v%09onMOUSeovER+=+a=prompt,a()%0dx>v3dm0s",html_attribute,0
"<D3v%09onMOUSeovER+=+a=prompt,a()%0dx>v3dm0s",html_text,0
"<D3v%09onMOUSeovER+=+a=prompt,a()%0dx>v3dm0s",script_block,0
"<D3v%09onMOUSeovER+=+a=prompt,a()%0dx>v3dm0s",comment,0
"<D3v%09onMOUSeovER+=+a=prompt,a()%0dx>v3dm0s",url_href,0
"<D3v%09onMOUSeovER+=+a=prompt,a()%0dx>v3dm0s",url_navigation,0
<dETAIls%0aOnTOgGle%0a=%0aconfirm()>,html_tag,0
<dETAIls%0aOnTOgGle%0a=%0aconfirm()>,html_attribute,0
<dETAIls%0aOnTOgGle%0a=%0aconfirm()>,html_text,0
<dETAIls%0aOnTOgGle%0a=%0aconfirm()>,script_block,0
<dETAIls%0aOnTOgGle%0a=%0aconfirm()>,comment,0
<dETAIls%0aOnTOgGle%0a=%0aconfirm()>,url_href,0
<dETAIls%0aOnTOgGle%0a=%0aconfirm()>,url_navigation,0
<HTml%09OnmOUSEOvEr+=+confirm()>,html_tag,0
<HTml%09OnmOUSEOvEr+=+confirm()>,html_attribute,0
<HTml%09OnmOUSEOvEr+=+confirm()>,html_text,0
<HTml%09OnmOUSEOvEr+=+confirm()>,script_block,0
<HTml%09OnmOUSEOvEr+=+confirm()>,comment,0
<HTml%09OnmOUSEOvEr+=+confirm()>,url_href,0
<HTml%09OnmOUSEOvEr+=+confirm()>,url_navigation,0
<D3V%0aOnmouSeOVEr%0a=%0aconfirm()>v3dm0s,html_tag,1
<D3V%0aOnmouSeOVEr%0a=%0aconfirm()>v3dm0s,html_attribute,0
<D3V%0aOnmouSeOVEr%0a=%0aconfirm()>v3dm0s,html_text,1
<D3V%0aOnmouSeOVEr%0a=%0aconfirm()>v3dm0s,script_block,0
<D3V%0aOnmouSeOVEr%0a=%0aconfirm()>v3dm0s,comment,0
<D3V%0aOnmouSeOVEr%0a=%0aconfirm()>v3dm0s,url_href,0
<D3V%0aOnmouSeOVEr%0a=%0aconfirm()>v3dm0s,url_navigation,0
<htmL%0aonpoiNtEREnTEr+=+(confirm)()%0dx//,html_tag,0
<htmL%0aonpoiNtEREnTEr+=+(confirm)()%0dx//,html_attribute,0
<htmL%0aonpoiNtEREnTEr+=+(confirm)()%0dx//,html_text,0
<htmL%0aonpoiNtEREnTEr+=+(confirm)()%0dx//,script_block,0
<htmL%0aonpoiNtEREnTEr+=+(confirm)()%0dx//,comment,0
<htmL%0aonpoiNtEREnTEr+=+(confirm)()%0dx//,url_href,0
<htmL%0aonpoiNtEREnTEr+=+(confirm)()%0dx//,url_navigation,0
<A%09oNPOINtEreNtER+=+(prompt)``>v3dm0s,html_tag,0
<A%09oNPOINtEreNtER+=+(prompt)``>v3dm0s,html_attribute,0
<A%09oNPOINtEreNtER+=+(prompt)``>v3dm0s,html_text,0
<A%09oNPOINtEreNtER+=+(prompt)``>v3dm0s,script_block,0
<A%09oNPOINtEreNtER+=+(prompt)``>v3dm0s,comment,0
<A%09oNPOINtEreNtER+=+(prompt)``>v3dm0s,url_href,0
<A%09oNPOINtEreNtER+=+(prompt)``>v3dm0s,url_navigation,0
"<d3v%09ONpOInTErenter+=+a=prompt,a()>v3dm0s",html_tag,0
"<d3v%09ONpOInTErenter+=+a=prompt,a()>v3dm0s",html_attribute,0
"<d3v%09ONpOInTErenter+=+a=prompt,a()>v3dm0s",html_text,0
"<d3v%09ONpOInTErenter+=+a=prompt,a()>v3dm0s",script_block,0
"<d3v%09ONpOInTErenter+=+a=prompt,a()>v3dm0s",comment,0
"<d3v%09ONpOInTErenter+=+a=prompt,a()>v3dm0s",url_href,0
"<d3v%09ONpOInTErenter+=+a=prompt,a()>v3dm0s",url_navigation,0
<A%09onpointEREnTer%0d=%0dconfirm()%0dx>v3dm0s,html_tag,1
<A%09onpointEREnTer%0d=%0dconfirm()%0dx>v3dm0s,html_attribute,0
<A%09onpointEREnTer%0d=%0dconfirm()%0dx>v3dm0s,html_text,1
<A%09onpointEREnTer%0d=%0dconfirm()%0dx>v3dm0s,script_block,0
<A%09onpointEREnTer%0d=%0dconfirm()%0dx>v3dm0s,comment,0
<A%09onpointEREnTer%0d=%0dconfirm()%0dx>v3dm0s,url_href,0
<A%09onpointEREnTer%0d=%0dconfirm()%0dx>v3dm0s,url_navigation,0
<d3V/+/OnpOINTERENTER%0a=%0a[8].find(confirm)>v3dm0s,html_tag,1
<d3V/+/OnpOINTERENTER%0a=%0a[8].find(confirm)>v3dm0s,html_attribute,0
<d3V/+/OnpOINTERENTER%0a=%0a[8].find(confirm)>v3dm0s,html_text,1
<d3V/+/OnpOINTERENTER%0a=%0a[8].find(confirm)>v3dm0s,script_block,0
<d3V/+/OnpOINTERENTER%0a=%0a[8].find(confirm)>v3dm0s,comment,0
<d3V/+/OnpOINTERENTER%0a=%0a[8].find(confirm)>v3dm0s,url_href,0
<d3V/+/OnpOINTERENTER%0a=%0a[8].find(confirm)>v3dm0s,url_navigation,0
<D3V/+/onpOINteRenter%09=%09[8].find(confirm)>v3dm0s,html_tag,1
<D3V/+/onpOINteRenter%09=%09[8].find(confirm)>v3dm0s,html_attribute,0
<D3V/+/onpOINteRenter%09=%09[8].find(confirm)>v3dm0s,html_text,1
<D3V/+/onpOINteRenter%09=%09[8].find(confirm)>v3dm0s,script_block,0
<D3V/+/onpOINteRenter%09=%09[8].find(confirm)>v3dm0s,comment,0
<D3V/+/onpOINteRenter%09=%09[8].find(confirm)>v3dm0s,url_href,0
<D3V/+/onpOINteRenter%09=%09[8].find(confirm)>v3dm0s,url_navigation,0
<HtML%0aOnPoiNtereNtER%09=%09confirm()>,html_tag,0
<HtML%0aOnPoiNtereNtER%09=%09confirm()>,html_attribute,0
<HtML%0aOnPoiNtereNtER%09=%09confirm()>,html_text,0
<HtML%0aOnPoiNtereNtER%09=%09confirm()>,script_block,0
<HtML%0aOnPoiNtereNtER%09=%09confirm()>,comment,0
<HtML%0aOnPoiNtereNtER%09=%09confirm()>,url_href,0
<HtML%0aOnPoiNtereNtER%09=%09confirm()>,url_navigation,0
<Html%09oNmoUSeOver%0d=%0d(prompt)``%0dx//,html_tag,0
<Html%09oNmoUSeOver%0d=%0d(prompt)``%0dx//,html_attribute,0
<Html%09oNmoUSeOver%0d=%0d(prompt)``%0dx//,html_text,0
<Html%09oNmoUSeOver%0d=%0d(prompt)``%0dx//,script_block,0
<Html%09oNmoUSeOver%0d=%0d(prompt)``%0dx//,comment,0
<Html%09oNmoUSeOver%0d=%0d(prompt)``%0dx//,url_href,0
<Html%09oNmoUSeOver%0d=%0d(prompt)``%0dx//,url_navigation,0
<A%0dONmOuSeOVEr%09=%09[8].find(confirm)%0dx>v3dm0s,html_tag,1
<A%0dONmOuSeOVEr%09=%09[8].find(confirm)%0dx>v3dm0s,html_attribute,0
<A%0dONmOuSeOVEr%09=%09[8].find(confirm)%0dx>v3dm0s,html_text,1
<A%0dONmOuSeOVEr%09=%09[8].find(confirm)%0dx>v3dm0s,script_block,0
<A%0dONmOuSeOVEr%09=%09[8].find(confirm)%0dx>v3dm0s,comment,0
<A%0dONmOuSeOVEr%09=%09[8].find(confirm)%0dx>v3dm0s,url_href,0
<A%0dONmOuSeOVEr%09=%09[8].find(confirm)%0dx>v3dm0s,url_navigation,0
<DETAiLS%0dOnPointerenTER%0d=%0d[8].find(confirm)//,html_tag,0
<DETAiLS%0dOnPointerenTER%0d=%0d[8].find(confirm)//,html_attribute,0
<DETAiLS%0dOnPointerenTER%0d=%0d[8].find(confirm)//,html_text,0
<DETAiLS%0dOnPointerenTER%0d=%0d[8].find(confirm)//,script_block,0
<DETAiLS%0dOnPointerenTER%0d=%0d[8].find(confirm)//,comment,0
<DETAiLS%0dOnPointerenTER%0d=%0d[8].find(confirm)//,url_href,0
<DETAiLS%0dOnPointerenTER%0d=%0d[8].find(confirm)//,url_navigation,0
<Html%09oNmOUSeovEr%0d=%0d[8].find(confirm)>,html_tag,0
<Html%09oNmOUSeovEr%0d=%0d[8].find(confirm)>,html_attribute,0
<Html%09oNmOUSeovEr%0d=%0d[8].find(confirm)>,html_text,0
<Html%09oNmOUSeovEr%0d=%0d[8].find(confirm)>,script_block,0
<Html%09oNmOUSeovEr%0d=%0d[8].find(confirm)>,comment,0
<Html%09oNmOUSeovEr%0d=%0d[8].find(confirm)>,url_href,0
<Html%09oNmOUSeovEr%0d=%0d[8].find(confirm)>,url_navigation,0
"<HTML%0dONMouSEoVEr%0d=%0da=prompt,a()//",html_tag,0
"<HTML%0dONMouSEoVEr%0d=%0da=prompt,a()//",html_attribute,0
"<HTML%0dONMouSEoVEr%0d=%0da=prompt,a()//",html_text,0
"<HTML%0dONMouSEoVEr%0d=%0da=prompt,a()//",script_block,0
"<HTML%0dONMouSEoVEr%0d=%0da=prompt,a()//",comment,0
"<HTML%0dONMouSEoVEr%0d=%0da=prompt,a()//",url_href,0
"<HTML%0dONMouSEoVEr%0d=%0da=prompt,a()//",url_navigation,0
<A%0dONpoInTErEnTER+=+[8].find(confirm)>v3dm0s,html_tag,0
<A%0dONpoInTErEnTER+=+[8].find(confirm)>v3dm0s,html_attribute,0
<A%0dONpoInTErEnTER+=+[8].find(confirm)>v3dm0s,html_text,0
<A%0dONpoInTErEnTER+=+[8].find(confirm)>v3dm0s,script_block,0
<A%0dONpoInTErEnTER+=+[8].find(confirm)>v3dm0s,comment,0
<A%0dONpoInTErEnTER+=+[8].find(confirm)>v3dm0s,url_href,0
<A%0dONpoInTErEnTER+=+[8].find(confirm)>v3dm0s,url_navigation,0
<detaiLs%0dONtoGgLe%0a=%0a(prompt)``//,html_tag,0
<detaiLs%0dONtoGgLe%0a=%0a(prompt)``//,html_attribute,0
<detaiLs%0dONtoGgLe%0a=%0a(prompt)``//,html_text,0
<detaiLs%0dONtoGgLe%0a=%0a(prompt)``//,script_block,0
<detaiLs%0dONtoGgLe%0a=%0a(prompt)``//,comment,0
<detaiLs%0dONtoGgLe%0a=%0a(prompt)``//,url_href,0
<detaiLs%0dONtoGgLe%0a=%0a(prompt)``//,url_navigation,0
<A%0donMOusEOver%0a=%0aconfirm()>v3dm0s,html_tag,1
<A%0donMOusEOver%0a=%0aconfirm()>v3dm0s,html_attribute,0
<A%0donMOusEOver%0a=%0aconfirm()>v3dm0s,html_text,1
<A%0donMOusEOver%0a=%0aconfirm()>v3dm0s,script_block,0
<A%0donMOusEOver%0a=%0aconfirm()>v3dm0s,comment,0
<A%0donMOusEOver%0a=%0aconfirm()>v3dm0s,url_href,0
<A%0donMOusEOver%0a=%0aconfirm()>v3dm0s,url_navigation,0
<dEtaiLs/+/OnToggle%09=%09[8].find(confirm)%0dx//,html_tag,0
<dEtaiLs/+/OnToggle%09=%09[8].find(confirm)%0dx//,html_attribute,0
<dEtaiLs/+/OnToggle%09=%09[8].find(confirm)%0dx//,html_text,0
<dEtaiLs/+/OnToggle%09=%09[8].find(confirm)%0dx//,script_block,0
<dEtaiLs/+/OnToggle%09=%09[8].find(confirm)%0dx//,comment,0
<dEtaiLs/+/OnToggle%09=%09[8].find(confirm)%0dx//,url_href,0
<dEtaiLs/+/OnToggle%09=%09[8].find(confirm)%0dx//,url_navigation,0
<a/+/ONMOusEOveR%0a=%0aconfirm()>v3dm0s,html_tag,1
<a/+/ONMOusEOveR%0a=%0aconfirm()>v3dm0s,html_attribute,0
<a/+/ONMOusEOveR%0a=%0aconfirm()>v3dm0s,html_text,1
<a/+/ONMOusEOveR%0a=%0aconfirm()>v3dm0s,script_block,0
<a/+/ONMOusEOveR%0a=%0aconfirm()>v3dm0s,comment,0
<a/+/ONMOusEOveR%0a=%0aconfirm()>v3dm0s,url_href,0
<a/+/ONMOusEOveR%0a=%0aconfirm()>v3dm0s,url_navigation,0
<A%0dONmOUseOvEr%0d=%0dconfirm()>v3dm0s,html_tag,1
<A%0dONmOUseOvEr%0d=%0dconfirm()>v3dm0s,html_attribute,0
<A%0dONmOUseOvEr%0d=%0dconfirm()>v3dm0s,html_text,1
<A%0dONmOUseOvEr%0d=%0dconfirm()>v3dm0s,script_block,0
<A%0dONmOUseOvEr%0d=%0dconfirm()>v3dm0s,comment,0
<A%0dONmOUseOvEr%0d=%0dconfirm()>v3dm0s,url_href,0
<A%0dONmOUseOvEr%0d=%0dconfirm()>v3dm0s,url_navigation,0
<dETAILs/+/ONpoInTEReNTer+=+confirm()%0dx//,html_tag,0
<dETAILs/+/ONpoInTEReNTer+=+confirm()%0dx//,html_attribute,0
<dETAILs/+/ONpoInTEReNTer+=+confirm()%0dx//,html_text,0
<dETAILs/+/ONpoInTEReNTer+=+confirm()%0dx//,script_block,0
<dETAILs/+/ONpoInTEReNTer+=+confirm()%0dx//,comment,0
<dETAILs/+/ONpoInTEReNTer+=+confirm()%0dx//,url_href,0
<dETAILs/+/ONpoInTEReNTer+=+confirm()%0dx//,url_navigation,0
<HTMl%09oNpoInTerentEr%0d=%0dconfirm()//,html_tag,0
<HTMl%09oNpoInTerentEr%0d=%0dconfirm()//,html_attribute,0
<HTMl%09oNpoInTerentEr%0d=%0dconfirm()//,html_text,0
<HTMl%09oNpoInTerentEr%0d=%0dconfirm()//,script_block,0
<HTMl%09oNpoInTerentEr%0d=%0dconfirm()//,comment,0
<HTMl%09oNpoInTerentEr%0d=%0dconfirm()//,url_href,0
<HTMl%09oNpoInTerentEr%0d=%0dconfirm()//,url_navigation,0
<detAIlS%0aOnPoiNtEreNTer%0a=%0aconfirm()%0dx>,html_tag,0
<detAIlS%0aOnPoiNtEreNTer%0a=%0aconfirm()%0dx>,html_attribute,0
<detAIlS%0aOnPoiNtEreNTer%0a=%0aconfirm()%0dx>,html_text,0
<detAIlS%0aOnPoiNtEreNTer%0a=%0aconfirm()%0dx>,script_block,0
<detAIlS%0aOnPoiNtEreNTer%0a=%0aconfirm()%0dx>,comment,0
<detAIlS%0aOnPoiNtEreNTer%0a=%0aconfirm()%0dx>,url_href,0
<detAIlS%0aOnPoiNtEreNTer%0a=%0aconfirm()%0dx>,url_navigation,0
<HtmL%09oNMOuseoVer%09=%09confirm()%0dx>,html_tag,0
<HtmL%09oNMOuseoVer%09=%09confirm()%0dx>,html_attribute,0
<HtmL%09oNMOuseoVer%09=%09confirm()%0dx>,html_text,0
<HtmL%09oNMOuseoVer%09=%09confirm()%0dx>,script_block,0
<HtmL%09oNMOuseoVer%09=%09confirm()%0dx>,comment,0
<HtmL%09oNMOuseoVer%09=%09confirm()%0dx>,url_href,0
<HtmL%09oNMOuseoVer%09=%09confirm()%0dx>,url_navigation,0
"<DetAilS%09OnpOiNteRENteR%09=%09a=prompt,a()//",html_tag,0
"<DetAilS%09OnpOiNteRENteR%09=%09a=prompt,a()//",html_attribute,0
"<DetAilS%09OnpOiNteRENteR%09=%09a=prompt,a()//",html_text,0
"<DetAilS%09OnpOiNteRENteR%09=%09a=prompt,a()//",script_block,0
"<DetAilS%09OnpOiNteRENteR%09=%09a=prompt,a()//",comment,0
"<DetAilS%09OnpOiNteRENteR%09=%09a=prompt,a()//",url_href,0
"<DetAilS%09OnpOiNteRENteR%09=%09a=prompt,a()//",url_navigation,0
<dEtaIlS%0aonpOiNterENTEr+=+confirm()>,html_tag,0
<dEtaIlS%0aonpOiNterENTEr+=+confirm()>,html_attribute,0
<dEtaIlS%0aonpOiNterENTEr+=+confirm()>,html_text,0
<dEtaIlS%0aonpOiNterENTEr+=+confirm()>,script_block,0
<dEtaIlS%0aonpOiNterENTEr+=+confirm()>,comment,0
<dEtaIlS%0aonpOiNterENTEr+=+confirm()>,url_href,0
<dEtaIlS%0aonpOiNterENTEr+=+confirm()>,url_navigation,0
"<A%0aonMOUsEovER%0a=%0aa=prompt,a()%0dx>v3dm0s",html_tag,1
"<A%0aonMOUsEovER%0a=%0aa=prompt,a()%0dx>v3dm0s",html_attribute,0
"<A%0aonMOUsEovER%0a=%0aa=prompt,a()%0dx>v3dm0s",html_text,1
"<A%0aonMOUsEovER%0a=%0aa=prompt,a()%0dx>v3dm0s",script_block,0
"<A%0aonMOUsEovER%0a=%0aa=prompt,a()%0dx>v3dm0s",comment,0
"<A%0aonMOUsEovER%0a=%0aa=prompt,a()%0dx>v3dm0s",url_href,0
"<A%0aonMOUsEovER%0a=%0aa=prompt,a()%0dx>v3dm0s",url_navigation,0
<DETAIls/+/ONPOiNTERENteR%0a=%0a[8].find(confirm)//,html_tag,0
<DETAIls/+/ONPOiNTERENteR%0a=%0a[8].find(confirm)//,html_attribute,0
<DETAIls/+/ONPOiNTERENteR%0a=%0a[8].find(confirm)//,html_text,0
<DETAIls/+/ONPOiNTERENteR%0a=%0a[8].find(confirm)//,script_block,0
<DETAIls/+/ONPOiNTERENteR%0a=%0a[8].find(confirm)//,comment,0
<DETAIls/+/ONPOiNTERENteR%0a=%0a[8].find(confirm)//,url_href,0
<DETAIls/+/ONPOiNTERENteR%0a=%0a[8].find(confirm)//,url_navigation,0
<D3V/+/ONpOINtERENTeR%0a=%0aconfirm()>v3dm0s,html_tag,1
<D3V/+/ONpOINtERENTeR%0a=%0aconfirm()>v3dm0s,html_attribute,0
<D3V/+/ONpOINtERENTeR%0a=%0aconfirm()>v3dm0s,html_text,1
<D3V/+/ONpOINtERENTeR%0a=%0aconfirm()>v3dm0s,script_block,0
<D3V/+/ONpOINtERENTeR%0a=%0aconfirm()>v3dm0s,comment,0
<D3V/+/ONpOINtERENTeR%0a=%0aconfirm()>v3dm0s,url_href,0
<D3V/+/ONpOINtERENTeR%0a=%0aconfirm()>v3dm0s,url_navigation,0
<DEtAilS/+/ONToGgLE%0d=%0d[8].find(confirm)%0dx>,html_tag,0
<DEtAilS/+/ONToGgLE%0d=%0d[8].find(confirm)%0dx>,html_attribute,0
<DEtAilS/+/ONToGgLE%0d=%0d[8].find(confirm)%0dx>,html_text,0
<DEtAilS/+/ONToGgLE%0d=%0d[8].find(confirm)%0dx>,script_block,0
<DEtAilS/+/ONToGgLE%0d=%0d[8].find(confirm)%0dx>,comment,0
<DEtAilS/+/ONToGgLE%0d=%0d[8].find(confirm)%0dx>,url_href,0
<DEtAilS/+/ONToGgLE%0d=%0d[8].find(confirm)%0dx>,url_navigation,0
<deTaiLs%09onPOinteRenter%0d=%0d(prompt)``%0dx>,html_tag,0
<deTaiLs%09onPOinteRenter%0d=%0d(prompt)``%0dx>,html_attribute,0
<deTaiLs%09onPOinteRenter%0d=%0d(prompt)``%0dx>,html_text,0
<deTaiLs%09onPOinteRenter%0d=%0d(prompt)``%0dx>,script_block,0
<deTaiLs%09onPOinteRenter%0d=%0d(prompt)``%0dx>,comment,0
<deTaiLs%09onPOinteRenter%0d=%0d(prompt)``%0dx>,url_href,0
<deTaiLs%09onPOinteRenter%0d=%0d(prompt)``%0dx>,url_navigation,0
<D3V%0donMOuSeOver%0d=%0d[8].find(confirm)>v3dm0s,html_tag,1
<D3V%0donMOuSeOver%0d=%0d[8].find(confirm)>v3dm0s,html_attribute,0
<D3V%0donMOuSeOver%0d=%0d[8].find(confirm)>v3dm0s,html_text,1
<D3V%0donMOuSeOver%0d=%0d[8].find(confirm)>v3dm0s,script_block,0
<D3V%0donMOuSeOver%0d=%0d[8].find(confirm)>v3dm0s,comment,0
<D3V%0donMOuSeOver%0d=%0d[8].find(confirm)>v3dm0s,url_href,0
<D3V%0donMOuSeOver%0d=%0d[8].find(confirm)>v3dm0s,url_navigation,0
<d3V/+/onPoiNtEReNtEr%0a=%0aconfirm()>v3dm0s,html_tag,1
<d3V/+/onPoiNtEReNtEr%0a=%0aconfirm()>v3dm0s,html_attribute,0
<d3V/+/onPoiNtEReNtEr%0a=%0aconfirm()>v3dm0s,html_text,1
<d3V/+/onPoiNtEReNtEr%0a=%0aconfirm()>v3dm0s,script_block,0
<d3V/+/onPoiNtEReNtEr%0a=%0aconfirm()>v3dm0s,comment,0
<d3V/+/onPoiNtEReNtEr%0a=%0aconfirm()>v3dm0s,url_href,0
<d3V/+/onPoiNtEReNtEr%0a=%0aconfirm()>v3dm0s,url_navigation,0
<A%0dOnMoUSEOVER+=+confirm()>v3dm0s,html_tag,0
<A%0dOnMoUSEOVER+=+confirm()>v3dm0s,html_attribute,0
<A%0dOnMoUSEOVER+=+confirm()>v3dm0s,html_text,0
<A%0dOnMoUSEOVER+=+confirm()>v3dm0s,script_block,0
<A%0dOnMoUSEOVER+=+confirm()>v3dm0s,comment,0
<A%0dOnMoUSEOVER+=+confirm()>v3dm0s,url_href,0
<A%0dOnMoUSEOVER+=+confirm()>v3dm0s,url_navigation,0
<a/+/OnPOINteRenTEr%0a=%0aconfirm()>v3dm0s,html_tag,1
<a/+/OnPOINteRenTEr%0a=%0aconfirm()>v3dm0s,html_attribute,0
<a/+/OnPOINteRenTEr%0a=%0aconfirm()>v3dm0s,html_text,1
<a/+/OnPOINteRenTEr%0a=%0aconfirm()>v3dm0s,script_block,0
<a/+/OnPOINteRenTEr%0a=%0aconfirm()>v3dm0s,comment,0
<a/+/OnPOINteRenTEr%0a=%0aconfirm()>v3dm0s,url_href,0
<a/+/OnPOINteRenTEr%0a=%0aconfirm()>v3dm0s,url_navigation,0
<DEtaiLs%0aONTogglE%09=%09(prompt)``>,html_tag,0
<DEtaiLs%0aONTogglE%09=%09(prompt)``>,html_attribute,0
<DEtaiLs%0aONTogglE%09=%09(prompt)``>,html_text,0
<DEtaiLs%0aONTogglE%09=%09(prompt)``>,script_block,0
<DEtaiLs%0aONTogglE%09=%09(prompt)``>,comment,0
<DEtaiLs%0aONTogglE%09=%09(prompt)``>,url_href,0
<DEtaiLs%0aONTogglE%09=%09(prompt)``>,url_navigation,0
<d3V%0donpOinteReNTeR+=+confirm()>v3dm0s,html_tag,0
<d3V%0donpOinteReNTeR+=+confirm()>v3dm0s,html_attribute,0
<d3V%0donpOinteReNTeR+=+confirm()>v3dm0s,html_text,0
<d3V%0donpOinteReNTeR+=+confirm()>v3dm0s,script_block,0
<d3V%0donpOinteReNTeR+=+confirm()>v3dm0s,comment,0
<d3V%0donpOinteReNTeR+=+confirm()>v3dm0s,url_href,0
<d3V%0donpOinteReNTeR+=+confirm()>v3dm0s,url_navigation,0
<hTml%0aONPOINtEREnteR%0d=%0dconfirm()>,html_tag,0
<hTml%0aONPOINtEREnteR%0d=%0dconfirm()>,html_attribute,0
<hTml%0aONPOINtEREnteR%0d=%0dconfirm()>,html_text,0
<hTml%0aONPOINtEREnteR%0d=%0dconfirm()>,script_block,0
<hTml%0aONPOINtEREnteR%0d=%0dconfirm()>,comment,0
<hTml%0aONPOINtEREnteR%0d=%0dconfirm()>,url_href,0
<hTml%0aONPOINtEREnteR%0d=%0dconfirm()>,url_navigation,0
"<d3v%09oNpOinTeRENteR+=+a=prompt,a()%0dx>v3dm0s",html_tag,0
"<d3v%09oNpOinTeRENteR+=+a=prompt,a()%0dx>v3dm0s",html_attribute,0
"<d3v%09oNpOinTeRENteR+=+a=prompt,a()%0dx>v3dm0s",html_text,0
"<d3v%09oNpOinTeRENteR+=+a=prompt,a()%0dx>v3dm0s",script_block,0
"<d3v%09oNpOinTeRENteR+=+a=prompt,a()%0dx>v3dm0s",comment,0
"<d3v%09oNpOinTeRENteR+=+a=prompt,a()%0dx>v3dm0s",url_href,0
"<d3v%09oNpOinTeRENteR+=+a=prompt,a()%0dx>v3dm0s",url_navigation,0
<A%0aONmOuseoVEr%0d=%0dconfirm()>v3dm0s,html_tag,1
<A%0aONmOuseoVEr%0d=%0dconfirm()>v3dm0s,html_attribute,0
<A%0aONmOuseoVEr%0d=%0dconfirm()>v3dm0s,html_text,1
<A%0aONmOuseoVEr%0d=%0dconfirm()>v3dm0s,script_block,0
<A%0aONmOuseoVEr%0d=%0dconfirm()>v3dm0s,comment,0
<A%0aONmOuseoVEr%0d=%0dconfirm()>v3dm0s,url_href,0
<A%0aONmOuseoVEr%0d=%0dconfirm()>v3dm0s,url_navigation,0
<DeTaIls%0doNTOGgLe%0d=%0dconfirm()>,html_tag,0
<DeTaIls%0doNTOGgLe%0d=%0dconfirm()>,html_attribute,0
<DeTaIls%0doNTOGgLe%0d=%0dconfirm()>,html_text,0
<DeTaIls%0doNTOGgLe%0d=%0dconfirm()>,script_block,0
<DeTaIls%0doNTOGgLe%0d=%0dconfirm()>,comment,0
<DeTaIls%0doNTOGgLe%0d=%0dconfirm()>,url_href,0
<DeTaIls%0doNTOGgLe%0d=%0dconfirm()>,url_navigation,0
<htmL%0donPoINTeREnTer%09=%09confirm()>,html_tag,0
<htmL%0donPoINTeREnTer%09=%09confirm()>,html_attribute,0
<htmL%0donPoINTeREnTer%09=%09confirm()>,html_text,0
<htmL%0donPoINTeREnTer%09=%09confirm()>,script_block,0
<htmL%0donPoINTeREnTer%09=%09confirm()>,comment,0
<htmL%0donPoINTeREnTer%09=%09confirm()>,url_href,0
<htmL%0donPoINTeREnTer%09=%09confirm()>,url_navigation,0
<D3v%0doNPOInTeRentER%0a=%0aconfirm()%0dx>v3dm0s,html_tag,1
<D3v%0doNPOInTeRentER%0a=%0aconfirm()%0dx>v3dm0s,html_attribute,0
<D3v%0doNPOInTeRentER%0a=%0aconfirm()%0dx>v3dm0s,html_text,1
<D3v%0doNPOInTeRentER%0a=%0aconfirm()%0dx>v3dm0s,script_block,0
<D3v%0doNPOInTeRentER%0a=%0aconfirm()%0dx>v3dm0s,comment,0
<D3v%0doNPOInTeRentER%0a=%0aconfirm()%0dx>v3dm0s,url_href,0
<D3v%0doNPOInTeRentER%0a=%0aconfirm()%0dx>v3dm0s,url_navigation,0
<d3v%0aonpoINtErentER%0d=%0d[8].find(confirm)%0dx>v3dm0s,html_tag,1
<d3v%0aonpoINtErentER%0d=%0d[8].find(confirm)%0dx>v3dm0s,html_attribute,0
<d3v%0aonpoINtErentER%0d=%0d[8].find(confirm)%0dx>v3dm0s,html_text,1
<d3v%0aonpoINtErentER%0d=%0d[8].find(confirm)%0dx>v3dm0s,script_block,0
<d3v%0aonpoINtErentER%0d=%0d[8].find(confirm)%0dx>v3dm0s,comment,0
<d3v%0aonpoINtErentER%0d=%0d[8].find(confirm)%0dx>v3dm0s,url_href,0
<d3v%0aonpoINtErentER%0d=%0d[8].find(confirm)%0dx>v3dm0s,url_navigation,0
<detAILs/+/ONTOGgLe+=+confirm()%0dx//,html_tag,0
<detAILs/+/ONTOGgLe+=+confirm()%0dx//,html_attribute,0
<detAILs/+/ONTOGgLe+=+confirm()%0dx//,html_text,0
<detAILs/+/ONTOGgLe+=+confirm()%0dx//,script_block,0
<detAILs/+/ONTOGgLe+=+confirm()%0dx//,comment,0
<detAILs/+/ONTOGgLe+=+confirm()%0dx//,url_href,0
<detAILs/+/ONTOGgLe+=+confirm()%0dx//,url_navigation,0
<DetAiLs%0doNtoGGle%0d=%0d[8].find(confirm)>,html_tag,0
<DetAiLs%0doNtoGGle%0d=%0d[8].find(confirm)>,html_attribute,0
<DetAiLs%0doNtoGGle%0d=%0d[8].find(confirm)>,html_text,0
<DetAiLs%0doNtoGGle%0d=%0d[8].find(confirm)>,script_block,0
<DetAiLs%0doNtoGGle%0d=%0d[8].find(confirm)>,comment,0
<DetAiLs%0doNtoGGle%0d=%0d[8].find(confirm)>,url_href,0
<DetAiLs%0doNtoGGle%0d=%0d[8].find(confirm)>,url_navigation,0
<DEtAIls%09ONtOGgLe%0d=%0d(prompt)``%0dx>,html_tag,0
<DEtAIls%09ONtOGgLe%0d=%0d(prompt)``%0dx>,html_attribute,0
<DEtAIls%09ONtOGgLe%0d=%0d(prompt)``%0dx>,html_text,0
<DEtAIls%09ONtOGgLe%0d=%0d(prompt)``%0dx>,script_block,0
<DEtAIls%09ONtOGgLe%0d=%0d(prompt)``%0dx>,comment,0
<DEtAIls%09ONtOGgLe%0d=%0d(prompt)``%0dx>,url_href,0
<DEtAIls%09ONtOGgLe%0d=%0d(prompt)``%0dx>,url_navigation,0
"<DeTAiLs%0aONTOGGLe%0d=%0da=prompt,a()>",html_tag,0
"<DeTAiLs%0aONTOGGLe%0d=%0da=prompt,a()>",html_attribute,0
"<DeTAiLs%0aONTOGGLe%0d=%0da=prompt,a()>",html_text,0
"<DeTAiLs%0aONTOGGLe%0d=%0da=prompt,a()>",script_block,0
"<DeTAiLs%0aONTOGGLe%0d=%0da=prompt,a()>",comment,0
"<DeTAiLs%0aONTOGGLe%0d=%0da=prompt,a()>",url_href,0
"<DeTAiLs%0aONTOGGLe%0d=%0da=prompt,a()>",url_navigation,0
<A/+/oNpoINTErEnTeR%09=%09(prompt)``>v3dm0s,html_tag,1
<A/+/oNpoINTErEnTeR%09=%09(prompt)``>v3dm0s,html_attribute,0
<A/+/oNpoINTErEnTeR%09=%09(prompt)``>v3dm0s,html_text,1
<A/+/oNpoINTErEnTeR%09=%09(prompt)``>v3dm0s,script_block,0
<A/+/oNpoINTErEnTeR%09=%09(prompt)``>v3dm0s,comment,0
<A/+/oNpoINTErEnTeR%09=%09(prompt)``>v3dm0s,url_href,0
<A/+/oNpoINTErEnTeR%09=%09(prompt)``>v3dm0s,url_navigation,0
<d3v%09oNPOINtErEnTeR+=+(confirm)()>v3dm0s,html_tag,0
<d3v%09oNPOINtErEnTeR+=+(confirm)()>v3dm0s,html_attribute,0
<d3v%09oNPOINtErEnTeR+=+(confirm)()>v3dm0s,html_text,0
<d3v%09oNPOINtErEnTeR+=+(confirm)()>v3dm0s,script_block,0
<d3v%09oNPOINtErEnTeR+=+(confirm)()>v3dm0s,comment,0
<d3v%09oNPOINtErEnTeR+=+(confirm)()>v3dm0s,url_href,0
<d3v%09oNPOINtErEnTeR+=+(confirm)()>v3dm0s,url_navigation,0
<a%0aONMouseOVEr%0d=%0dconfirm()%0dx>v3dm0s,html_tag,1
<a%0aONMouseOVEr%0d=%0dconfirm()%0dx>v3dm0s,html_attribute,0
<a%0aONMouseOVEr%0d=%0dconfirm()%0dx>v3dm0s,html_text,1
<a%0aONMouseOVEr%0d=%0dconfirm()%0dx>v3dm0s,script_block,0
<a%0aONMouseOVEr%0d=%0dconfirm()%0dx>v3dm0s,comment,0
<a%0aONMouseOVEr%0d=%0dconfirm()%0dx>v3dm0s,url_href,0
<a%0aONMouseOVEr%0d=%0dconfirm()%0dx>v3dm0s,url_navigation,0
<a/+/ONpOiNteREnter%0a=%0aconfirm()%0dx>v3dm0s,html_tag,1
<a/+/ONpOiNteREnter%0a=%0aconfirm()%0dx>v3dm0s,html_attribute,0
<a/+/ONpOiNteREnter%0a=%0aconfirm()%0dx>v3dm0s,html_text,1
<a/+/ONpOiNteREnter%0a=%0aconfirm()%0dx>v3dm0s,script_block,0
<a/+/ONpOiNteREnter%0a=%0aconfirm()%0dx>v3dm0s,comment,0
<a/+/ONpOiNteREnter%0a=%0aconfirm()%0dx>v3dm0s,url_href,0
<a/+/ONpOiNteREnter%0a=%0aconfirm()%0dx>v3dm0s,url_navigation,0
"<A%0aOnpoINTErEnTER+=+a=prompt,a()%0dx>v3dm0s",html_tag,0
"<A%0aOnpoINTErEnTER+=+a=prompt,a()%0dx>v3dm0s",html_attribute,0
"<A%0aOnpoINTErEnTER+=+a=prompt,a()%0dx>v3dm0s",html_text,0
"<A%0aOnpoINTErEnTER+=+a=prompt,a()%0dx>v3dm0s",script_block,0
"<A%0aOnpoINTErEnTER+=+a=prompt,a()%0dx>v3dm0s",comment,0
"<A%0aOnpoINTErEnTER+=+a=prompt,a()%0dx>v3dm0s",url_href,0
"<A%0aOnpoINTErEnTER+=+a=prompt,a()%0dx>v3dm0s",url_navigation,0
"<a%0aonpOInteRENTer%0a=%0aa=prompt,a()>v3dm0s",html_tag,1
"<a%0aonpOInteRENTer%0a=%0aa=prompt,a()>v3dm0s",html_attribute,0
"<a%0aonpOInteRENTer%0a=%0aa=prompt,a()>v3dm0s",html_text,1
"<a%0aonpOInteRENTer%0a=%0aa=prompt,a()>v3dm0s",script_block,0
"<a%0aonpOInteRENTer%0a=%0aa=prompt,a()>v3dm0s",comment,0
"<a%0aonpOInteRENTer%0a=%0aa=prompt,a()>v3dm0s",url_href,0
"<a%0aonpOInteRENTer%0a=%0aa=prompt,a()>v3dm0s",url_navigation,0
<detAiLS%0doNpOIntEREnTer%09=%09confirm()//,html_tag,0
<detAiLS%0doNpOIntEREnTer%09=%09confirm()//,html_attribute,0
<detAiLS%0doNpOIntEREnTer%09=%09confirm()//,html_text,0
<detAiLS%0doNpOIntEREnTer%09=%09confirm()//,script_block,0
<detAiLS%0doNpOIntEREnTer%09=%09confirm()//,comment,0
<detAiLS%0doNpOIntEREnTer%09=%09confirm()//,url_href,0
<detAiLS%0doNpOIntEREnTer%09=%09confirm()//,url_navigation,0
<HtmL%0aonMoUseOVER%0a=%0a(confirm)()%0dx>,html_tag,0
<HtmL%0aonMoUseOVER%0a=%0a(confirm)()%0dx>,html_attribute,0
<HtmL%0aonMoUseOVER%0a=%0a(confirm)()%0dx>,html_text,0
<HtmL%0aonMoUseOVER%0a=%0a(confirm)()%0dx>,script_block,0
<HtmL%0aonMoUseOVER%0a=%0a(confirm)()%0dx>,comment,0
<HtmL%0aonMoUseOVER%0a=%0a(confirm)()%0dx>,url_href,0
<HtmL%0aonMoUseOVER%0a=%0a(confirm)()%0dx>,url_navigation,0
<a%09OnmOUsEOvEr%09=%09(prompt)``>v3dm0s,html_tag,1
<a%09OnmOUsEOvEr%09=%09(prompt)``>v3dm0s,html_attribute,0
<a%09OnmOUsEOvEr%09=%09(prompt)``>v3dm0s,html_text,1
<a%09OnmOUsEOvEr%09=%09(prompt)``>v3dm0s,script_block,0
<a%09OnmOUsEOvEr%09=%09(prompt)``>v3dm0s,comment,0
<a%09OnmOUsEOvEr%09=%09(prompt)``>v3dm0s,url_href,0
<a%09OnmOUsEOvEr%09=%09(prompt)``>v3dm0s,url_navigation,0
"<DETaILs/+/OnPOInTerEntEr%0d=%0da=prompt,a()%0dx//",html_tag,0
"<DETaILs/+/OnPOInTerEntEr%0d=%0da=prompt,a()%0dx//",html_attribute,0
"<DETaILs/+/OnPOInTerEntEr%0d=%0da=prompt,a()%0dx//",html_text,0
"<DETaILs/+/OnPOInTerEntEr%0d=%0da=prompt,a()%0dx//",script_block,0
"<DETaILs/+/OnPOInTerEntEr%0d=%0da=prompt,a()%0dx//",comment,0
"<DETaILs/+/OnPOInTerEntEr%0d=%0da=prompt,a()%0dx//",url_href,0
"<DETaILs/+/OnPOInTerEntEr%0d=%0da=prompt,a()%0dx//",url_navigation,0
<d3V%0aOnPoINTEREnTER+=+(confirm)()>v3dm0s,html_tag,0
<d3V%0aOnPoINTEREnTER+=+(confirm)()>v3dm0s,html_attribute,0
<d3V%0aOnPoINTEREnTER+=+(confirm)()>v3dm0s,html_text,0
<d3V%0aOnPoINTEREnTER+=+(confirm)()>v3dm0s,script_block,0
<d3V%0aOnPoINTEREnTER+=+(confirm)()>v3dm0s,comment,0
<d3V%0aOnPoINTEREnTER+=+(confirm)()>v3dm0s,url_href,0
<d3V%0aOnPoINTEREnTER+=+(confirm)()>v3dm0s,url_navigation,0
<deTAILs/+/ONpOiNteRenTer%0d=%0dconfirm()%0dx//,html_tag,0
<deTAILs/+/ONpOiNteRenTer%0d=%0dconfirm()%0dx//,html_attribute,0
<deTAILs/+/ONpOiNteRenTer%0d=%0dconfirm()%0dx//,html_text,0
<deTAILs/+/ONpOiNteRenTer%0d=%0dconfirm()%0dx//,script_block,0
<deTAILs/+/ONpOiNteRenTer%0d=%0dconfirm()%0dx//,comment,0
<deTAILs/+/ONpOiNteRenTer%0d=%0dconfirm()%0dx//,url_href,0
<deTAILs/+/ONpOiNteRenTer%0d=%0dconfirm()%0dx//,url_navigation,0
<D3V%0aoNpoINtEReNTEr%0a=%0a[8].find(confirm)%0dx>v3dm0s,html_tag,1
<D3V%0aoNpoINtEReNTEr%0a=%0a[8].find(confirm)%0dx>v3dm0s,html_attribute,0
<D3V%0aoNpoINtEReNTEr%0a=%0a[8].find(confirm)%0dx>v3dm0s,html_text,1
<D3V%0aoNpoINtEReNTEr%0a=%0a[8].find(confirm)%0dx>v3dm0s,script_block,0
<D3V%0aoNpoINtEReNTEr%0a=%0a[8].find(confirm)%0dx>v3dm0s,comment,0
<D3V%0aoNpoINtEReNTEr%0a=%0a[8].find(confirm)%0dx>v3dm0s,url_href,0
<D3V%0aoNpoINtEReNTEr%0a=%0a[8].find(confirm)%0dx>v3dm0s,url_navigation,0
<hTml%09oNmOUSeOVeR%09=%09(prompt)``>,html_tag,0
<hTml%09oNmOUSeOVeR%09=%09(prompt)``>,html_attribute,0
<hTml%09oNmOUSeOVeR%09=%09(prompt)``>,html_text,0
<hTml%09oNmOUSeOVeR%09=%09(prompt)``>,script_block,0
<hTml%09oNmOUSeOVeR%09=%09(prompt)``>,comment,0
<hTml%09oNmOUSeOVeR%09=%09(prompt)``>,url_href,0
<hTml%09oNmOUSeOVeR%09=%09(prompt)``>,url_navigation,0
<A/+/OnPOINTERenTEr+=+(prompt)``>v3dm0s,html_tag,0
<A/+/OnPOINTERenTEr+=+(prompt)``>v3dm0s,html_attribute,0
<A/+/OnPOINTERenTEr+=+(prompt)``>v3dm0s,html_text,0
<A/+/OnPOINTERenTEr+=+(prompt)``>v3dm0s,script_block,0
<A/+/OnPOINTERenTEr+=+(prompt)``>v3dm0s,comment,0
<A/+/OnPOINTERenTEr+=+(prompt)``>v3dm0s,url_href,0
<A/+/OnPOINTERenTEr+=+(prompt)``>v3dm0s,url_navigation,0
<HTmL%0doNPoinTErENtER%0d=%0dconfirm()%0dx>,html_tag,0
<HTmL%0doNPoinTErENtER%0d=%0dconfirm()%0dx>,html_attribute,0
<HTmL%0doNPoinTErENtER%0d=%0dconfirm()%0dx>,html_text,0
<HTmL%0doNPoinTErENtER%0d=%0dconfirm()%0dx>,script_block,0
<HTmL%0doNPoinTErENtER%0d=%0dconfirm()%0dx>,comment,0
<HTmL%0doNPoinTErENtER%0d=%0dconfirm()%0dx>,url_href,0
<HTmL%0doNPoinTErENtER%0d=%0dconfirm()%0dx>,url_navigation,0
<d3V%0dOnmousEOvEr%0a=%0aconfirm()>v3dm0s,html_tag,1
<d3V%0dOnmousEOvEr%0a=%0aconfirm()>v3dm0s,html_attribute,0
<d3V%0dOnmousEOvEr%0a=%0aconfirm()>v3dm0s,html_text,1
<d3V%0dOnmousEOvEr%0a=%0aconfirm()>v3dm0s,script_block,0
<d3V%0dOnmousEOvEr%0a=%0aconfirm()>v3dm0s,comment,0
<d3V%0dOnmousEOvEr%0a=%0aconfirm()>v3dm0s,url_href,0
<d3V%0dOnmousEOvEr%0a=%0aconfirm()>v3dm0s,url_navigation,0
<a%0dONPOINTErentER%09=%09(confirm)()>v3dm0s,html_tag,1
<a%0dONPOINTErentER%09=%09(confirm)()>v3dm0s,html_attribute,0
<a%0dONPOINTErentER%09=%09(confirm)()>v3dm0s,html_text,1
<a%0dONPOINTErentER%09=%09(confirm)()>v3dm0s,script_block,0
<a%0dONPOINTErentER%09=%09(confirm)()>v3dm0s,comment,0
<a%0dONPOINTErentER%09=%09(confirm)()>v3dm0s,url_href,0
<a%0dONPOINTErentER%09=%09(confirm)()>v3dm0s,url_navigation,0
<a%09onmousEOVER+=+(confirm)()%0dx>v3dm0s,html_tag,0
<a%09onmousEOVER+=+(confirm)()%0dx>v3dm0s,html_attribute,0
<a%09onmousEOVER+=+(confirm)()%0dx>v3dm0s,html_text,0
<a%09onmousEOVER+=+(confirm)()%0dx>v3dm0s,script_block,0
<a%09onmousEOVER+=+(confirm)()%0dx>v3dm0s,comment,0
<a%09onmousEOVER+=+(confirm)()%0dx>v3dm0s,url_href,0
<a%09onmousEOVER+=+(confirm)()%0dx>v3dm0s,url_navigation,0
<A%0donmOUsEOveR%0d=%0dconfirm()>v3dm0s,html_tag,1
<A%0donmOUsEOveR%0d=%0dconfirm()>v3dm0s,html_attribute,0
<A%0donmOUsEOveR%0d=%0dconfirm()>v3dm0s,html_text,1
<A%0donmOUsEOveR%0d=%0dconfirm()>v3dm0s,script_block,0
<A%0donmOUsEOveR%0d=%0dconfirm()>v3dm0s,comment,0
<A%0donmOUsEOveR%0d=%0dconfirm()>v3dm0s,url_href,0
<A%0donmOUsEOveR%0d=%0dconfirm()>v3dm0s,url_navigation,0
"<a%0doNPointErEnTer%09=%09a=prompt,a()%0dx>v3dm0s",html_tag,1
"<a%0doNPointErEnTer%09=%09a=prompt,a()%0dx>v3dm0s",html_attribute,0
"<a%0doNPointErEnTer%09=%09a=prompt,a()%0dx>v3dm0s",html_text,1
"<a%0doNPointErEnTer%09=%09a=prompt,a()%0dx>v3dm0s",script_block,0
"<a%0doNPointErEnTer%09=%09a=prompt,a()%0dx>v3dm0s",comment,0
"<a%0doNPointErEnTer%09=%09a=prompt,a()%0dx>v3dm0s",url_href,0
"<a%0doNPointErEnTer%09=%09a=prompt,a()%0dx>v3dm0s",url_navigation,0
<DetAiLs%09oNpOINTerenTer%0a=%0a(prompt)``>,html_tag,0
<DetAiLs%09oNpOINTerenTer%0a=%0a(prompt)``>,html_attribute,0
<DetAiLs%09oNpOINTerenTer%0a=%0a(prompt)``>,html_text,0
<DetAiLs%09oNpOINTerenTer%0a=%0a(prompt)``>,script_block,0
<DetAiLs%09oNpOINTerenTer%0a=%0a(prompt)``>,comment,0
<DetAiLs%09oNpOINTerenTer%0a=%0a(prompt)``>,url_href,0
<DetAiLs%09oNpOINTerenTer%0a=%0a(prompt)``>,url_navigation,0
<HtML%0dOnmoUSEOver+=+confirm()>,html_tag,0
<HtML%0dOnmoUSEOver+=+confirm()>,html_attribute,0
<HtML%0dOnmoUSEOver+=+confirm()>,html_text,0
<HtML%0dOnmoUSEOver+=+confirm()>,script_block,0
<HtML%0dOnmoUSEOver+=+confirm()>,comment,0
<HtML%0dOnmoUSEOver+=+confirm()>,url_href,0
<HtML%0dOnmoUSEOver+=+confirm()>,url_navigation,0
<hTMl%09oNmOuseovER%09=%09confirm()//,html_tag,0
<hTMl%09oNmOuseovER%09=%09confirm()//,html_attribute,0
<hTMl%09oNmOuseovER%09=%09confirm()//,html_text,0
<hTMl%09oNmOuseovER%09=%09confirm()//,script_block,0
<hTMl%09oNmOuseovER%09=%09confirm()//,comment,0
<hTMl%09oNmOuseovER%09=%09confirm()//,url_href,0
<hTMl%09oNmOuseovER%09=%09confirm()//,url_navigation,0
<a%0donPOIntERenter%0a=%0aconfirm()>v3dm0s,html_tag,1
<a%0donPOIntERenter%0a=%0aconfirm()>v3dm0s,html_attribute,0
<a%0donPOIntERenter%0a=%0aconfirm()>v3dm0s,html_text,1
<a%0donPOIntERenter%0a=%0aconfirm()>v3dm0s,script_block,0
<a%0donPOIntERenter%0a=%0aconfirm()>v3dm0s,comment,0
<a%0donPOIntERenter%0a=%0aconfirm()>v3dm0s,url_href,0
<a%0donPOIntERenter%0a=%0aconfirm()>v3dm0s,url_navigation,0
<hTML/+/ONPoiNTErENTer%0a=%0a[8].find(confirm)%0dx>,html_tag,0
<hTML/+/ONPoiNTErENTer%0a=%0a[8].find(confirm)%0dx>,html_attribute,0
<hTML/+/ONPoiNTErENTer%0a=%0a[8].find(confirm)%0dx>,html_text,0
<hTML/+/ONPoiNTErENTer%0a=%0a[8].find(confirm)%0dx>,script_block,0
<hTML/+/ONPoiNTErENTer%0a=%0a[8].find(confirm)%0dx>,comment,0
<hTML/+/ONPoiNTErENTer%0a=%0a[8].find(confirm)%0dx>,url_href,0
<hTML/+/ONPoiNTErENTer%0a=%0a[8].find(confirm)%0dx>,url_navigation,0
<d3v%0aONMoUsEoVEr%0d=%0dconfirm()%0dx>v3dm0s,html_tag,1
<d3v%0aONMoUsEoVEr%0d=%0dconfirm()%0dx>v3dm0s,html_attribute,0
<d3v%0aONMoUsEoVEr%0d=%0dconfirm()%0dx>v3dm0s,html_text,1
<d3v%0aONMoUsEoVEr%0d=%0dconfirm()%0dx>v3dm0s,script_block,0
<d3v%0aONMoUsEoVEr%0d=%0dconfirm()%0dx>v3dm0s,comment,0
<d3v%0aONMoUsEoVEr%0d=%0dconfirm()%0dx>v3dm0s,url_href,0
<d3v%0aONMoUsEoVEr%0d=%0dconfirm()%0dx>v3dm0s,url_navigation,0
<A%0dOnPoInTErenTeR%09=%09confirm()>v3dm0s,html_tag,1
<A%0dOnPoInTErenTeR%09=%09confirm()>v3dm0s,html_attribute,0
<A%0dOnPoInTErenTeR%09=%09confirm()>v3dm0s,html_text,1
<A%0dOnPoInTErenTeR%09=%09confirm()>v3dm0s,script_block,0
<A%0dOnPoInTErenTeR%09=%09confirm()>v3dm0s,comment,0
<A%0dOnPoInTErenTeR%09=%09confirm()>v3dm0s,url_href,0
<A%0dOnPoInTErenTeR%09=%09confirm()>v3dm0s,url_navigation,0
<detailS%09OnToggLE%0d=%0dconfirm()>,html_tag,0
<detailS%09OnToggLE%0d=%0dconfirm()>,html_attribute,0
<detailS%09OnToggLE%0d=%0dconfirm()>,html_text,0
<detailS%09OnToggLE%0d=%0dconfirm()>,script_block,0
<detailS%09OnToggLE%0d=%0dconfirm()>,comment,0
<detailS%09OnToggLE%0d=%0dconfirm()>,url_href,0
<detailS%09OnToggLE%0d=%0dconfirm()>,url_navigation,0
<a/+/ONpOINtERENtER%0d=%0d(confirm)()>v3dm0s,html_tag,1
<a/+/ONpOINtERENtER%0d=%0d(confirm)()>v3dm0s,html_attribute,0
<a/+/ONpOINtERENtER%0d=%0d(confirm)()>v3dm0s,html_text,1
<a/+/ONpOINtERENtER%0d=%0d(confirm)()>v3dm0s,script_block,0
<a/+/ONpOINtERENtER%0d=%0d(confirm)()>v3dm0s,comment,0
<a/+/ONpOINtERENtER%0d=%0d(confirm)()>v3dm0s,url_href,0
<a/+/ONpOINtERENtER%0d=%0d(confirm)()>v3dm0s,url_navigation,0
<D3v%0doNpoInTErENtER%09=%09confirm()%0dx>v3dm0s,html_tag,1
<D3v%0doNpoInTErENtER%09=%09confirm()%0dx>v3dm0s,html_attribute,0
<D3v%0doNpoInTErENtER%09=%09confirm()%0dx>v3dm0s,html_text,1
<D3v%0doNpoInTErENtER%09=%09confirm()%0dx>v3dm0s,script_block,0
<D3v%0doNpoInTErENtER%09=%09confirm()%0dx>v3dm0s,comment,0
<D3v%0doNpoInTErENtER%09=%09confirm()%0dx>v3dm0s,url_href,0
<D3v%0doNpoInTErENtER%09=%09confirm()%0dx>v3dm0s,url_navigation,0
<d3V%0donpoINtErentEr%09=%09(confirm)()>v3dm0s,html_tag,1
<d3V%0donpoINtErentEr%09=%09(confirm)()>v3dm0s,html_attribute,0
<d3V%0donpoINtErentEr%09=%09(confirm)()>v3dm0s,html_text,1
<d3V%0donpoINtErentEr%09=%09(confirm)()>v3dm0s,script_block,0
<d3V%0donpoINtErentEr%09=%09(confirm)()>v3dm0s,comment,0
<d3V%0donpoINtErentEr%09=%09(confirm)()>v3dm0s,url_href,0
<d3V%0donpoINtErentEr%09=%09(confirm)()>v3dm0s,url_navigation,0
<A%0aONmoUSEOVER%09=%09(confirm)()>v3dm0s,html_tag,1
<A%0aONmoUSEOVER%09=%09(confirm)()>v3dm0s,html_attribute,0
<A%0aONmoUSEOVER%09=%09(confirm)()>v3dm0s,html_text,1
<A%0aONmoUSEOVER%09=%09(confirm)()>v3dm0s,script_block,0
<A%0aONmoUSEOVER%09=%09(confirm)()>v3dm0s,comment,0
<A%0aONmoUSEOVER%09=%09(confirm)()>v3dm0s,url_href,0
<A%0aONmoUSEOVER%09=%09(confirm)()>v3dm0s,url_navigation,0
<hTmL%0aONPOiNTEREnTer%09=%09[8].find(confirm)>,html_tag,0
<hTmL%0aONPOiNTEREnTer%09=%09[8].find(confirm)>,html_attribute,0
<hTmL%0aONPOiNTEREnTer%09=%09[8].find(confirm)>,html_text,0
<hTmL%0aONPOiNTEREnTer%09=%09[8].find(confirm)>,script_block,0
<hTmL%0aONPOiNTEREnTer%09=%09[8].find(confirm)>,comment,0
<hTmL%0aONPOiNTEREnTer%09=%09[8].find(confirm)>,url_href,0
<hTmL%0aONPOiNTEREnTer%09=%09[8].find(confirm)>,url_navigation,0
"<D3v%09oNMOusEOveR%0a=%0aa=prompt,a()%0dx>v3dm0s",html_tag,1
"<D3v%09oNMOusEOveR%0a=%0aa=prompt,a()%0dx>v3dm0s",html_attribute,0
"<D3v%09oNMOusEOveR%0a=%0aa=prompt,a()%0dx>v3dm0s",html_text,1
"<D3v%09oNMOusEOveR%0a=%0aa=prompt,a()%0dx>v3dm0s",script_block,0
"<D3v%09oNMOusEOveR%0a=%0aa=prompt,a()%0dx>v3dm0s",comment,0
"<D3v%09oNMOusEOveR%0a=%0aa=prompt,a()%0dx>v3dm0s",url_href,0
"<D3v%09oNMOusEOveR%0a=%0aa=prompt,a()%0dx>v3dm0s",url_navigation,0
<html/+/OnmOUSEOveR%0a=%0aconfirm()%0dx>,html_tag,0
<html/+/OnmOUSEOveR%0a=%0aconfirm()%0dx>,html_attribute,0
<html/+/OnmOUSEOveR%0a=%0aconfirm()%0dx>,html_text,0
<html/+/OnmOUSEOveR%0a=%0aconfirm()%0dx>,script_block,0
<html/+/OnmOUSEOveR%0a=%0aconfirm()%0dx>,comment,0
<html/+/OnmOUSEOveR%0a=%0aconfirm()%0dx>,url_href,0
<html/+/OnmOUSEOveR%0a=%0aconfirm()%0dx>,url_navigation,0
<HTML%09ONmouseoVEr%0a=%0aconfirm()//,html_tag,0
<HTML%09ONmouseoVEr%0a=%0aconfirm()//,html_attribute,0
<HTML%09ONmouseoVEr%0a=%0aconfirm()//,html_text,0
<HTML%09ONmouseoVEr%0a=%0aconfirm()//,script_block,0
<HTML%09ONmouseoVEr%0a=%0aconfirm()//,comment,0
<HTML%09ONmouseoVEr%0a=%0aconfirm()//,url_href,0
<HTML%09ONmouseoVEr%0a=%0aconfirm()//,url_navigation,0
<deTaiLS%0aonTogGLe%0a=%0aconfirm()%0dx>,html_tag,0
<deTaiLS%0aonTogGLe%0a=%0aconfirm()%0dx>,html_attribute,0
<deTaiLS%0aonTogGLe%0a=%0aconfirm()%0dx>,html_text,0
<deTaiLS%0aonTogGLe%0a=%0aconfirm()%0dx>,script_block,0
<deTaiLS%0aonTogGLe%0a=%0aconfirm()%0dx>,comment,0
<deTaiLS%0aonTogGLe%0a=%0aconfirm()%0dx>,url_href,0
<deTaiLS%0aonTogGLe%0a=%0aconfirm()%0dx>,url_navigation,0
<a%0dOnPOiNTeREnTER%0a=%0a[8].find(confirm)>v3dm0s,html_tag,1
<a%0dOnPOiNTeREnTER%0a=%0a[8].find(confirm)>v3dm0s,html_attribute,0
<a%0dOnPOiNTeREnTER%0a=%0a[8].find(confirm)>v3dm0s,html_text,1
<a%0dOnPOiNTeREnTER%0a=%0a[8].find(confirm)>v3dm0s,script_block,0
<a%0dOnPOiNTeREnTER%0a=%0a[8].find(confirm)>v3dm0s,comment,0
<a%0dOnPOiNTeREnTER%0a=%0a[8].find(confirm)>v3dm0s,url_href,0
<a%0dOnPOiNTeREnTER%0a=%0a[8].find(confirm)>v3dm0s,url_navigation,0
<dEtaILS%0aoNPoiNtEReNTEr+=+confirm()%0dx>,html_tag,0
<dEtaILS%0aoNPoiNtEReNTEr+=+confirm()%0dx>,html_attribute,0
<dEtaILS%0aoNPoiNtEReNTEr+=+confirm()%0dx>,html_text,0
<dEtaILS%0aoNPoiNtEReNTEr+=+confirm()%0dx>,script_block,0
<dEtaILS%0aoNPoiNtEReNTEr+=+confirm()%0dx>,comment,0
<dEtaILS%0aoNPoiNtEReNTEr+=+confirm()%0dx>,url_href,0
<dEtaILS%0aoNPoiNtEReNTEr+=+confirm()%0dx>,url_navigation,0
<d3V%0aoNMoUsEOver+=+[8].find(confirm)%0dx>v3dm0s,html_tag,0
<d3V%0aoNMoUsEOver+=+[8].find(confirm)%0dx>v3dm0s,html_attribute,0
<d3V%0aoNMoUsEOver+=+[8].find(confirm)%0dx>v3dm0s,html_text,0
<d3V%0aoNMoUsEOver+=+[8].find(confirm)%0dx>v3dm0s,script_block,0
<d3V%0aoNMoUsEOver+=+[8].find(confirm)%0dx>v3dm0s,comment,0
<d3V%0aoNMoUsEOver+=+[8].find(confirm)%0dx>v3dm0s,url_href,0
<d3V%0aoNMoUsEOver+=+[8].find(confirm)%0dx>v3dm0s,url_navigation,0
<DEtAiLs%0doNToggLe%0d=%0dconfirm()%0dx>,html_tag,0
<DEtAiLs%0doNToggLe%0d=%0dconfirm()%0dx>,html_attribute,0
<DEtAiLs%0doNToggLe%0d=%0dconfirm()%0dx>,html_text,0
<DEtAiLs%0doNToggLe%0d=%0dconfirm()%0dx>,script_block,0
<DEtAiLs%0doNToggLe%0d=%0dconfirm()%0dx>,comment,0
<DEtAiLs%0doNToggLe%0d=%0dconfirm()%0dx>,url_href,0
<DEtAiLs%0doNToggLe%0d=%0dconfirm()%0dx>,url_navigation,0
<D3v/+/onPOiNtereNTER%0a=%0aconfirm()>v3dm0s,html_tag,1
<D3v/+/onPOiNtereNTER%0a=%0aconfirm()>v3dm0s,html_attribute,0
<D3v/+/onPOiNtereNTER%0a=%0aconfirm()>v3dm0s,html_text,1
<D3v/+/onPOiNtereNTER%0a=%0aconfirm()>v3dm0s,script_block,0
<D3v/+/onPOiNtereNTER%0a=%0aconfirm()>v3dm0s,comment,0
<D3v/+/onPOiNtereNTER%0a=%0aconfirm()>v3dm0s,url_href,0
<D3v/+/onPOiNtereNTER%0a=%0aconfirm()>v3dm0s,url_navigation,0
<A%0aoNmOUseOVEr%0d=%0dconfirm()%0dx>v3dm0s,html_tag,1
<A%0aoNmOUseOVEr%0d=%0dconfirm()%0dx>v3dm0s,html_attribute,0
<A%0aoNmOUseOVEr%0d=%0dconfirm()%0dx>v3dm0s,html_text,1
<A%0aoNmOUseOVEr%0d=%0dconfirm()%0dx>v3dm0s,script_block,0
<A%0aoNmOUseOVEr%0d=%0dconfirm()%0dx>v3dm0s,comment,0
<A%0aoNmOUseOVEr%0d=%0dconfirm()%0dx>v3dm0s,url_href,0
<A%0aoNmOUseOVEr%0d=%0dconfirm()%0dx>v3dm0s,url_navigation,0
<DetaILS%0dOnPOinteReNTER%0a=%0aconfirm()%0dx>,html_tag,0
<DetaILS%0dOnPOinteReNTER%0a=%0aconfirm()%0dx>,html_attribute,0
<DetaILS%0dOnPOinteReNTER%0a=%0aconfirm()%0dx>,html_text,0
<DetaILS%0dOnPOinteReNTER%0a=%0aconfirm()%0dx>,script_block,0
<DetaILS%0dOnPOinteReNTER%0a=%0aconfirm()%0dx>,comment,0
<DetaILS%0dOnPOinteReNTER%0a=%0aconfirm()%0dx>,url_href,0
<DetaILS%0dOnPOinteReNTER%0a=%0aconfirm()%0dx>,url_navigation,0
<d3V%09oNpOiNTEREntER%0d=%0dconfirm()%0dx>v3dm0s,html_tag,1
<d3V%09oNpOiNTEREntER%0d=%0dconfirm()%0dx>v3dm0s,html_attribute,0
<d3V%09oNpOiNTEREntER%0d=%0dconfirm()%0dx>v3dm0s,html_text,1
<d3V%09oNpOiNTEREntER%0d=%0dconfirm()%0dx>v3dm0s,script_block,0
<d3V%09oNpOiNTEREntER%0d=%0dconfirm()%0dx>v3dm0s,comment,0
<d3V%09oNpOiNTEREntER%0d=%0dconfirm()%0dx>v3dm0s,url_href,0
<d3V%09oNpOiNTEREntER%0d=%0dconfirm()%0dx>v3dm0s,url_navigation,0
<d3V%0aoNMOuSeoVEr%0d=%0d(prompt)``%0dx>v3dm0s,html_tag,1
<d3V%0aoNMOuSeoVEr%0d=%0d(prompt)``%0dx>v3dm0s,html_attribute,0
<d3V%0aoNMOuSeoVEr%0d=%0d(prompt)``%0dx>v3dm0s,html_text,1
<d3V%0aoNMOuSeoVEr%0d=%0d(prompt)``%0dx>v3dm0s,script_block,0
<d3V%0aoNMOuSeoVEr%0d=%0d(prompt)``%0dx>v3dm0s,comment,0
<d3V%0aoNMOuSeoVEr%0d=%0d(prompt)``%0dx>v3dm0s,url_href,0
<d3V%0aoNMOuSeoVEr%0d=%0d(prompt)``%0dx>v3dm0s,url_navigation,0
<HtMl/+/OnPoINTErEnTER+=+[8].find(confirm)%0dx//,html_tag,0
<HtMl/+/OnPoINTErEnTER+=+[8].find(confirm)%0dx//,html_attribute,0
<HtMl/+/OnPoINTErEnTER+=+[8].find(confirm)%0dx//,html_text,0
<HtMl/+/OnPoINTErEnTER+=+[8].find(confirm)%0dx//,script_block,0
<HtMl/+/OnPoINTErEnTER+=+[8].find(confirm)%0dx//,comment,0
<HtMl/+/OnPoINTErEnTER+=+[8].find(confirm)%0dx//,url_href,0
<HtMl/+/OnPoINTErEnTER+=+[8].find(confirm)%0dx//,url_navigation,0
"<a%0dONPoInTeREntER%0d=%0da=prompt,a()>v3dm0s",html_tag,1
"<a%0dONPoInTeREntER%0d=%0da=prompt,a()>v3dm0s",html_attribute,0
"<a%0dONPoInTeREntER%0d=%0da=prompt,a()>v3dm0s",html_text,1
"<a%0dONPoInTeREntER%0d=%0da=prompt,a()>v3dm0s",script_block,0
"<a%0dONPoInTeREntER%0d=%0da=prompt,a()>v3dm0s",comment,0
"<a%0dONPoInTeREntER%0d=%0da=prompt,a()>v3dm0s",url_href,0
"<a%0dONPoInTeREntER%0d=%0da=prompt,a()>v3dm0s",url_navigation,0
<A/+/onpOiNTereNTeR%09=%09confirm()>v3dm0s,html_tag,1
<A/+/onpOiNTereNTeR%09=%09confirm()>v3dm0s,html_attribute,0
<A/+/onpOiNTereNTeR%09=%09confirm()>v3dm0s,html_text,1
<A/+/onpOiNTereNTeR%09=%09confirm()>v3dm0s,script_block,0
<A/+/onpOiNTereNTeR%09=%09confirm()>v3dm0s,comment,0
<A/+/onpOiNTereNTeR%09=%09confirm()>v3dm0s,url_href,0
<A/+/onpOiNTereNTeR%09=%09confirm()>v3dm0s,url_navigation,0
<hTml/+/oNPoInTerenTER%0a=%0aconfirm()>,html_tag,0
<hTml/+/oNPoInTerenTER%0a=%0aconfirm()>,html_attribute,0
<hTml/+/oNPoInTerenTER%0a=%0aconfirm()>,html_text,0
<hTml/+/oNPoInTerenTER%0a=%0aconfirm()>,script_block,0
<hTml/+/oNPoInTerenTER%0a=%0aconfirm()>,comment,0
<hTml/+/oNPoInTerenTER%0a=%0aconfirm()>,url_href,0
<hTml/+/oNPoInTerenTER%0a=%0aconfirm()>,url_navigation,0
<A%0doNPOiNTEREnTER+=+(prompt)``>v3dm0s,html_tag,0
<A%0doNPOiNTEREnTER+=+(prompt)``>v3dm0s,html_attribute,0
<A%0doNPOiNTEREnTER+=+(prompt)``>v3dm0s,html_text,0
<A%0doNPOiNTEREnTER+=+(prompt)``>v3dm0s,script_block,0
<A%0doNPOiNTEREnTER+=+(prompt)``>v3dm0s,comment,0
<A%0doNPOiNTEREnTER+=+(prompt)``>v3dm0s,url_href,0
<A%0doNPOiNTEREnTER+=+(prompt)``>v3dm0s,url_navigation,0
<D3V%0donPOiNTErEntEr+=+(confirm)()%0dx>v3dm0s,html_tag,0
<D3V%0donPOiNTErEntEr+=+(confirm)()%0dx>v3dm0s,html_attribute,0
<D3V%0donPOiNTErEntEr+=+(confirm)()%0dx>v3dm0s,html_text,0
<D3V%0donPOiNTErEntEr+=+(confirm)()%0dx>v3dm0s,script_block,0
<D3V%0donPOiNTErEntEr+=+(confirm)()%0dx>v3dm0s,comment,0
<D3V%0donPOiNTErEntEr+=+(confirm)()%0dx>v3dm0s,url_href,0
<D3V%0donPOiNTErEntEr+=+(confirm)()%0dx>v3dm0s,url_navigation,0
<A%0aonMOUsEOveR+=+(prompt)``>v3dm0s,html_tag,0
<A%0aonMOUsEOveR+=+(prompt)``>v3dm0s,html_attribute,0
<A%0aonMOUsEOveR+=+(prompt)``>v3dm0s,html_text,0
<A%0aonMOUsEOveR+=+(prompt)``>v3dm0s,script_block,0
<A%0aonMOUsEOveR+=+(prompt)``>v3dm0s,comment,0
<A%0aonMOUsEOveR+=+(prompt)``>v3dm0s,url_href,0
<A%0aonMOUsEOveR+=+(prompt)``>v3dm0s,url_navigation,0
"<dETAIlS%0aONpOiNTEreNteR%0d=%0da=prompt,a()//",html_tag,0
"<dETAIlS%0aONpOiNTEreNteR%0d=%0da=prompt,a()//",html_attribute,0
"<dETAIlS%0aONpOiNTEreNteR%0d=%0da=prompt,a()//",html_text,0
"<dETAIlS%0aONpOiNTEreNteR%0d=%0da=prompt,a()//",script_block,0
"<dETAIlS%0aONpOiNTEreNteR%0d=%0da=prompt,a()//",comment,0
"<dETAIlS%0aONpOiNTEreNteR%0d=%0da=prompt,a()//",url_href,0
"<dETAIlS%0aONpOiNTEreNteR%0d=%0da=prompt,a()//",url_navigation,0
<HTML%09oNmouSEover%0a=%0a(prompt)``%0dx//,html_tag,0
<HTML%09oNmouSEover%0a=%0a(prompt)``%0dx//,html_attribute,0
<HTML%09oNmouSEover%0a=%0a(prompt)``%0dx//,html_text,0
<HTML%09oNmouSEover%0a=%0a(prompt)``%0dx//,script_block,0
<HTML%09oNmouSEover%0a=%0a(prompt)``%0dx//,comment,0
<HTML%09oNmouSEover%0a=%0a(prompt)``%0dx//,url_href,0
<HTML%09oNmouSEover%0a=%0a(prompt)``%0dx//,url_navigation,0
<Html%09oNmOuSEoVEr+=+confirm()%0dx//,html_tag,0
<Html%09oNmOuSEoVEr+=+confirm()%0dx//,html_attribute,0
<Html%09oNmOuSEoVEr+=+confirm()%0dx//,html_text,0
<Html%09oNmOuSEoVEr+=+confirm()%0dx//,script_block,0
<Html%09oNmOuSEoVEr+=+confirm()%0dx//,comment,0
<Html%09oNmOuSEoVEr+=+confirm()%0dx//,url_href,0
<Html%09oNmOuSEoVEr+=+confirm()%0dx//,url_navigation,0
<A%0donmOusEOvEr+=+(prompt)``>v3dm0s,html_tag,0
<A%0donmOusEOvEr+=+(prompt)``>v3dm0s,html_attribute,0
<A%0donmOusEOvEr+=+(prompt)``>v3dm0s,html_text,0
<A%0donmOusEOvEr+=+(prompt)``>v3dm0s,script_block,0
<A%0donmOusEOvEr+=+(prompt)``>v3dm0s,comment,0
<A%0donmOusEOvEr+=+(prompt)``>v3dm0s,url_href,0
<A%0donmOusEOvEr+=+(prompt)``>v3dm0s,url_navigation,0
<htML/+/oNmOuSeoVEr+=+confirm()%0dx>,html_tag,0
<htML/+/oNmOuSeoVEr+=+confirm()%0dx>,html_attribute,0
<htML/+/oNmOuSeoVEr+=+confirm()%0dx>,html_text,0
<htML/+/oNmOuSeoVEr+=+confirm()%0dx>,script_block,0
<htML/+/oNmOuSeoVEr+=+confirm()%0dx>,comment,0
<htML/+/oNmOuSeoVEr+=+confirm()%0dx>,url_href,0
<htML/+/oNmOuSeoVEr+=+confirm()%0dx>,url_navigation,0
<DETaiLS%0aoNTogglE+=+[8].find(confirm)%0dx//,html_tag,0
<DETaiLS%0aoNTogglE+=+[8].find(confirm)%0dx//,html_attribute,0
<DETaiLS%0aoNTogglE+=+[8].find(confirm)%0dx//,html_text,0
<DETaiLS%0aoNTogglE+=+[8].find(confirm)%0dx//,script_block,0
<DETaiLS%0aoNTogglE+=+[8].find(confirm)%0dx//,comment,0
<DETaiLS%0aoNTogglE+=+[8].find(confirm)%0dx//,url_href,0
<DETaiLS%0aoNTogglE+=+[8].find(confirm)%0dx//,url_navigation,0
"<hTmL/+/ONmOUSEoVeR%0a=%0aa=prompt,a()%0dx//",html_tag,0
"<hTmL/+/ONmOUSEoVeR%0a=%0aa=prompt,a()%0dx//",html_attribute,0
"<hTmL/+/ONmOUSEoVeR%0a=%0aa=prompt,a()%0dx//",html_text,0
"<hTmL/+/ONmOUSEoVeR%0a=%0aa=prompt,a()%0dx//",script_block,0
"<hTmL/+/ONmOUSEoVeR%0a=%0aa=prompt,a()%0dx//",comment,0
"<hTmL/+/ONmOUSEoVeR%0a=%0aa=prompt,a()%0dx//",url_href,0
"<hTmL/+/ONmOUSEoVeR%0a=%0aa=prompt,a()%0dx//",url_navigation,0
"<DetAILs%0aONToggle%0d=%0da=prompt,a()//",html_tag,0
"<DetAILs%0aONToggle%0d=%0da=prompt,a()//",html_attribute,0
"<DetAILs%0aONToggle%0d=%0da=prompt,a()//",html_text,0
"<DetAILs%0aONToggle%0d=%0da=prompt,a()//",script_block,0
"<DetAILs%0aONToggle%0d=%0da=prompt,a()//",comment,0
"<DetAILs%0aONToggle%0d=%0da=prompt,a()//",url_href,0
"<DetAILs%0aONToggle%0d=%0da=prompt,a()//",url_navigation,0
<d3v%0doNPOInTERENTeR%0d=%0d(confirm)()%0dx>v3dm0s,html_tag,1
<d3v%0doNPOInTERENTeR%0d=%0d(confirm)()%0dx>v3dm0s,html_attribute,0
<d3v%0doNPOInTERENTeR%0d=%0d(confirm)()%0dx>v3dm0s,html_text,1
<d3v%0doNPOInTERENTeR%0d=%0d(confirm)()%0dx>v3dm0s,script_block,0
<d3v%0doNPOInTERENTeR%0d=%0d(confirm)()%0dx>v3dm0s,comment,0
<d3v%0doNPOInTERENTeR%0d=%0d(confirm)()%0dx>v3dm0s,url_href,0
<d3v%0doNPOInTERENTeR%0d=%0d(confirm)()%0dx>v3dm0s,url_navigation,0
<d3V%0dOnMousEovER%0a=%0a[8].find(confirm)>v3dm0s,html_tag,1
<d3V%0dOnMousEovER%0a=%0a[8].find(confirm)>v3dm0s,html_attribute,0
<d3V%0dOnMousEovER%0a=%0a[8].find(confirm)>v3dm0s,html_text,1
<d3V%0dOnMousEovER%0a=%0a[8].find(confirm)>v3dm0s,script_block,0
<d3V%0dOnMousEovER%0a=%0a[8].find(confirm)>v3dm0s,comment,0
<d3V%0dOnMousEovER%0a=%0a[8].find(confirm)>v3dm0s,url_href,0
<d3V%0dOnMousEovER%0a=%0a[8].find(confirm)>v3dm0s,url_navigation,0
<A%09ONpOintEreNTER+=+confirm()>v3dm0s,html_tag,0
<A%09ONpOintEreNTER+=+confirm()>v3dm0s,html_attribute,0
<A%09ONpOintEreNTER+=+confirm()>v3dm0s,html_text,0
<A%09ONpOintEreNTER+=+confirm()>v3dm0s,script_block,0
<A%09ONpOintEreNTER+=+confirm()>v3dm0s,comment,0
<A%09ONpOintEreNTER+=+confirm()>v3dm0s,url_href,0
<A%09ONpOintEreNTER+=+confirm()>v3dm0s,url_navigation,0
<A%0aOnPOInTErENteR%0d=%0d(prompt)``>v3dm0s,html_tag,1
<A%0aOnPOInTErENteR%0d=%0d(prompt)``>v3dm0s,html_attribute,0
<A%0aOnPOInTErENteR%0d=%0d(prompt)``>v3dm0s,html_text,1
<A%0aOnPOInTErENteR%0d=%0d(prompt)``>v3dm0s,script_block,0
<A%0aOnPOInTErENteR%0d=%0d(prompt)``>v3dm0s,comment,0
<A%0aOnPOInTErENteR%0d=%0d(prompt)``>v3dm0s,url_href,0
<A%0aOnPOInTErENteR%0d=%0d(prompt)``>v3dm0s,url_navigation,0
<DEtAIls%0aonpOInTErEntER%0d=%0dconfirm()%0dx>,html_tag,0
<DEtAIls%0aonpOInTErEntER%0d=%0dconfirm()%0dx>,html_attribute,0
<DEtAIls%0aonpOInTErEntER%0d=%0dconfirm()%0dx>,html_text,0
<DEtAIls%0aonpOInTErEntER%0d=%0dconfirm()%0dx>,script_block,0
<DEtAIls%0aonpOInTErEntER%0d=%0dconfirm()%0dx>,comment,0
<DEtAIls%0aonpOInTErEntER%0d=%0dconfirm()%0dx>,url_href,0
<DEtAIls%0aonpOInTErEntER%0d=%0dconfirm()%0dx>,url_navigation,0
<D3v%0donMOuSeOvER+=+(prompt)``%0dx>v3dm0s,html_tag,0
<D3v%0donMOuSeOvER+=+(prompt)``%0dx>v3dm0s,html_attribute,0
<D3v%0donMOuSeOvER+=+(prompt)``%0dx>v3dm0s,html_text,0
<D3v%0donMOuSeOvER+=+(prompt)``%0dx>v3dm0s,script_block,0
<D3v%0donMOuSeOvER+=+(prompt)``%0dx>v3dm0s,comment,0
<D3v%0donMOuSeOvER+=+(prompt)``%0dx>v3dm0s,url_href,0
<D3v%0donMOuSeOvER+=+(prompt)``%0dx>v3dm0s,url_navigation,0
<d3V/+/ONMOUsEoVer%09=%09confirm()%0dx>v3dm0s,html_tag,1
<d3V/+/ONMOUsEoVer%09=%09confirm()%0dx>v3dm0s,html_attribute,0
<d3V/+/ONMOUsEoVer%09=%09confirm()%0dx>v3dm0s,html_text,1
<d3V/+/ONMOUsEoVer%09=%09confirm()%0dx>v3dm0s,script_block,0
<d3V/+/ONMOUsEoVer%09=%09confirm()%0dx>v3dm0s,comment,0
<d3V/+/ONMOUsEoVer%09=%09confirm()%0dx>v3dm0s,url_href,0
<d3V/+/ONMOUsEoVer%09=%09confirm()%0dx>v3dm0s,url_navigation,0
<d3V%09ONpoiNTErENtEr%0d=%0d[8].find(confirm)>v3dm0s,html_tag,1
<d3V%09ONpoiNTErENtEr%0d=%0d[8].find(confirm)>v3dm0s,html_attribute,0
<d3V%09ONpoiNTErENtEr%0d=%0d[8].find(confirm)>v3dm0s,html_text,1
<d3V%09ONpoiNTErENtEr%0d=%0d[8].find(confirm)>v3dm0s,script_block,0
<d3V%09ONpoiNTErENtEr%0d=%0d[8].find(confirm)>v3dm0s,comment,0
<d3V%09ONpoiNTErENtEr%0d=%0d[8].find(confirm)>v3dm0s,url_href,0
<d3V%09ONpoiNTErENtEr%0d=%0d[8].find(confirm)>v3dm0s,url_navigation,0
<hTmL/+/onPoinTERenTeR+=+(confirm)()>,html_tag,0
<hTmL/+/onPoinTERenTeR+=+(confirm)()>,html_attribute,0
<hTmL/+/onPoinTERenTeR+=+(confirm)()>,html_text,0
<hTmL/+/onPoinTERenTeR+=+(confirm)()>,script_block,0
<hTmL/+/onPoinTERenTeR+=+(confirm)()>,comment,0
<hTmL/+/onPoinTERenTeR+=+(confirm)()>,url_href,0
<hTmL/+/onPoinTERenTeR+=+(confirm)()>,url_navigation,0
"<htmL%0donPOInTErenter+=+a=prompt,a()//",html_tag,0
"<htmL%0donPOInTErenter+=+a=prompt,a()//",html_attribute,0
"<htmL%0donPOInTErenter+=+a=prompt,a()//",html_text,0
"<htmL%0donPOInTErenter+=+a=prompt,a()//",script_block,0
"<htmL%0donPOInTErenter+=+a=prompt,a()//",comment,0
"<htmL%0donPOInTErenter+=+a=prompt,a()//",url_href,0
"<htmL%0donPOInTErenter+=+a=prompt,a()//",url_navigation,0
<D3v%0aOnpoiNtErENTeR%0d=%0d[8].find(confirm)%0dx>v3dm0s,html_tag,1
<D3v%0aOnpoiNtErENTeR%0d=%0d[8].find(confirm)%0dx>v3dm0s,html_attribute,0
<D3v%0aOnpoiNtErENTeR%0d=%0d[8].find(confirm)%0dx>v3dm0s,html_text,1
<D3v%0aOnpoiNtErENTeR%0d=%0d[8].find(confirm)%0dx>v3dm0s,script_block,0
<D3v%0aOnpoiNtErENTeR%0d=%0d[8].find(confirm)%0dx>v3dm0s,comment,0
<D3v%0aOnpoiNtErENTeR%0d=%0d[8].find(confirm)%0dx>v3dm0s,url_href,0
<D3v%0aOnpoiNtErENTeR%0d=%0d[8].find(confirm)%0dx>v3dm0s,url_navigation,0
<A/+/OnmoUsEoVeR%09=%09confirm()%0dx>v3dm0s,html_tag,1
<A/+/OnmoUsEoVeR%09=%09confirm()%0dx>v3dm0s,html_attribute,0
<A/+/OnmoUsEoVeR%09=%09confirm()%0dx>v3dm0s,html_text,1
<A/+/OnmoUsEoVeR%09=%09confirm()%0dx>v3dm0s,script_block,0
<A/+/OnmoUsEoVeR%09=%09confirm()%0dx>v3dm0s,comment,0
<A/+/OnmoUsEoVeR%09=%09confirm()%0dx>v3dm0s,url_href,0
<A/+/OnmoUsEoVeR%09=%09confirm()%0dx>v3dm0s,url_navigation,0
<DETails%09onTOGGlE%09=%09confirm()%0dx//,html_tag,0
<DETails%09onTOGGlE%09=%09confirm()%0dx//,html_attribute,0
<DETails%09onTOGGlE%09=%09confirm()%0dx//,html_text,0
<DETails%09onTOGGlE%09=%09confirm()%0dx//,script_block,0
<DETails%09onTOGGlE%09=%09confirm()%0dx//,comment,0
<DETails%09onTOGGlE%09=%09confirm()%0dx//,url_href,0
<DETails%09onTOGGlE%09=%09confirm()%0dx//,url_navigation,0
<dETAILs%09ONpoinTerENteR%0d=%0d[8].find(confirm)>,html_tag,0
<dETAILs%09ONpoinTerENteR%0d=%0d[8].find(confirm)>,html_attribute,0
<dETAILs%09ONpoinTerENteR%0d=%0d[8].find(confirm)>,html_text,0
<dETAILs%09ONpoinTerENteR%0d=%0d[8].find(confirm)>,script_block,0
<dETAILs%09ONpoinTerENteR%0d=%0d[8].find(confirm)>,comment,0
<dETAILs%09ONpoinTerENteR%0d=%0d[8].find(confirm)>,url_href,0
<dETAILs%09ONpoinTerENteR%0d=%0d[8].find(confirm)>,url_navigation,0
"<HTml%0aONPoInterEnteR%0d=%0da=prompt,a()%0dx//",html_tag,0
"<HTml%0aONPoInterEnteR%0d=%0da=prompt,a()%0dx//",html_attribute,0
"<HTml%0aONPoInterEnteR%0d=%0da=prompt,a()%0dx//",html_text,0
"<HTml%0aONPoInterEnteR%0d=%0da=prompt,a()%0dx//",script_block,0
"<HTml%0aONPoInterEnteR%0d=%0da=prompt,a()%0dx//",comment,0
"<HTml%0aONPoInterEnteR%0d=%0da=prompt,a()%0dx//",url_href,0
"<HTml%0aONPoInterEnteR%0d=%0da=prompt,a()%0dx//",url_navigation,0
<D3V/+/ONMoUSeOveR%09=%09confirm()>v3dm0s,html_tag,1
<D3V/+/ONMoUSeOveR%09=%09confirm()>v3dm0s,html_attribute,0
<D3V/+/ONMoUSeOveR%09=%09confirm()>v3dm0s,html_text,1
<D3V/+/ONMoUSeOveR%09=%09confirm()>v3dm0s,script_block,0
<D3V/+/ONMoUSeOveR%09=%09confirm()>v3dm0s,comment,0
<D3V/+/ONMoUSeOveR%09=%09confirm()>v3dm0s,url_href,0
<D3V/+/ONMoUSeOveR%09=%09confirm()>v3dm0s,url_navigation,0
<a%0aonPOiNtEreNTER%0a=%0a[8].find(confirm)>v3dm0s,html_tag,1
<a%0aonPOiNtEreNTER%0a=%0a[8].find(confirm)>v3dm0s,html_attribute,0
<a%0aonPOiNtEreNTER%0a=%0a[8].find(confirm)>v3dm0s,html_text,1
<a%0aonPOiNtEreNTER%0a=%0a[8].find(confirm)>v3dm0s,script_block,0
<a%0aonPOiNtEreNTER%0a=%0a[8].find(confirm)>v3dm0s,comment,0
<a%0aonPOiNtEreNTER%0a=%0a[8].find(confirm)>v3dm0s,url_href,0
<a%0aonPOiNtEreNTER%0a=%0a[8].find(confirm)>v3dm0s,url_navigation,0
<d3v%0aoNmOUSEover%0d=%0dconfirm()%0dx>v3dm0s,html_tag,1
<d3v%0aoNmOUSEover%0d=%0dconfirm()%0dx>v3dm0s,html_attribute,0
<d3v%0aoNmOUSEover%0d=%0dconfirm()%0dx>v3dm0s,html_text,1
<d3v%0aoNmOUSEover%0d=%0dconfirm()%0dx>v3dm0s,script_block,0
<d3v%0aoNmOUSEover%0d=%0dconfirm()%0dx>v3dm0s,comment,0
<d3v%0aoNmOUSEover%0d=%0dconfirm()%0dx>v3dm0s,url_href,0
<d3v%0aoNmOUSEover%0d=%0dconfirm()%0dx>v3dm0s,url_navigation,0
<a%09OnpOiNtereNTeR%0d=%0d[8].find(confirm)>v3dm0s,html_tag,1
<a%09OnpOiNtereNTeR%0d=%0d[8].find(confirm)>v3dm0s,html_attribute,0
<a%09OnpOiNtereNTeR%0d=%0d[8].find(confirm)>v3dm0s,html_text,1
<a%09OnpOiNtereNTeR%0d=%0d[8].find(confirm)>v3dm0s,script_block,0
<a%09OnpOiNtereNTeR%0d=%0d[8].find(confirm)>v3dm0s,comment,0
<a%09OnpOiNtereNTeR%0d=%0d[8].find(confirm)>v3dm0s,url_href,0
<a%09OnpOiNtereNTeR%0d=%0d[8].find(confirm)>v3dm0s,url_navigation,0
<A/+/onPOinteReNTer%09=%09[8].find(confirm)%0dx>v3dm0s,html_tag,1
<A/+/onPOinteReNTer%09=%09[8].find(confirm)%0dx>v3dm0s,html_attribute,0
<A/+/onPOinteReNTer%09=%09[8].find(confirm)%0dx>v3dm0s,html_text,1
<A/+/onPOinteReNTer%09=%09[8].find(confirm)%0dx>v3dm0s,script_block,0
<A/+/onPOinteReNTer%09=%09[8].find(confirm)%0dx>v3dm0s,comment,0
<A/+/onPOinteReNTer%09=%09[8].find(confirm)%0dx>v3dm0s,url_href,0
<A/+/onPOinteReNTer%09=%09[8].find(confirm)%0dx>v3dm0s,url_navigation,0
"<a%0doNpoINTereNtER+=+a=prompt,a()>v3dm0s",html_tag,0
"<a%0doNpoINTereNtER+=+a=prompt,a()>v3dm0s",html_attribute,0
"<a%0doNpoINTereNtER+=+a=prompt,a()>v3dm0s",html_text,0
"<a%0doNpoINTereNtER+=+a=prompt,a()>v3dm0s",script_block,0
"<a%0doNpoINTereNtER+=+a=prompt,a()>v3dm0s",comment,0
"<a%0doNpoINTereNtER+=+a=prompt,a()>v3dm0s",url_href,0
"<a%0doNpoINTereNtER+=+a=prompt,a()>v3dm0s",url_navigation,0
"<D3V/+/oNmOUseOver+=+a=prompt,a()%0dx>v3dm0s",html_tag,0
"<D3V/+/oNmOUseOver+=+a=prompt,a()%0dx>v3dm0s",html_attribute,0
"<D3V/+/oNmOUseOver+=+a=prompt,a()%0dx>v3dm0s",html_text,0
"<D3V/+/oNmOUseOver+=+a=prompt,a()%0dx>v3dm0s",script_block,0
"<D3V/+/oNmOUseOver+=+a=prompt,a()%0dx>v3dm0s",comment,0
"<D3V/+/oNmOUseOver+=+a=prompt,a()%0dx>v3dm0s",url_href,0
"<D3V/+/oNmOUseOver+=+a=prompt,a()%0dx>v3dm0s",url_navigation,0
<A%09onPOINTEReNtEr%0d=%0d(prompt)``%0dx>v3dm0s,html_tag,1
<A%09onPOINTEReNtEr%0d=%0d(prompt)``%0dx>v3dm0s,html_attribute,0
<A%09onPOINTEReNtEr%0d=%0d(prompt)``%0dx>v3dm0s,html_text,1
<A%09onPOINTEReNtEr%0d=%0d(prompt)``%0dx>v3dm0s,script_block,0
<A%09onPOINTEReNtEr%0d=%0d(prompt)``%0dx>v3dm0s,comment,0
<A%09onPOINTEReNtEr%0d=%0d(prompt)``%0dx>v3dm0s,url_href,0
<A%09onPOINTEReNtEr%0d=%0d(prompt)``%0dx>v3dm0s,url_navigation,0
"<DETAiLs%0dONtOGGLE+=+a=prompt,a()%0dx//",html_tag,0
"<DETAiLs%0dONtOGGLE+=+a=prompt,a()%0dx//",html_attribute,0
"<DETAiLs%0dONtOGGLE+=+a=prompt,a()%0dx//",html_text,0
"<DETAiLs%0dONtOGGLE+=+a=prompt,a()%0dx//",script_block,0
"<DETAiLs%0dONtOGGLE+=+a=prompt,a()%0dx//",comment,0
"<DETAiLs%0dONtOGGLE+=+a=prompt,a()%0dx//",url_href,0
"<DETAiLs%0dONtOGGLE+=+a=prompt,a()%0dx//",url_navigation,0
<DETAiLS%0aOntOggLe+=+(prompt)``%0dx//,html_tag,0
<DETAiLS%0aOntOggLe+=+(prompt)``%0dx//,html_attribute,0
<DETAiLS%0aOntOggLe+=+(prompt)``%0dx//,html_text,0
<DETAiLS%0aOntOggLe+=+(prompt)``%0dx//,script_block,0
<DETAiLS%0aOntOggLe+=+(prompt)``%0dx//,comment,0
<DETAiLS%0aOntOggLe+=+(prompt)``%0dx//,url_href,0
<DETAiLS%0aOntOggLe+=+(prompt)``%0dx//,url_navigation,0
<hTml%09OnMOUsEOVEr+=+confirm()//,html_tag,0
<hTml%09OnMOUsEOVEr+=+confirm()//,html_attribute,0
<hTml%09OnMOUsEOVEr+=+confirm()//,html_text,0
<hTml%09OnMOUsEOVEr+=+confirm()//,script_block,0
<hTml%09OnMOUsEOVEr+=+confirm()//,comment,0
<hTml%09OnMOUsEOVEr+=+confirm()//,url_href,0
<hTml%09OnMOUsEOVEr+=+confirm()//,url_navigation,0
<HtmL/+/oNmousEoVER%0a=%0a[8].find(confirm)>,html_tag,0
<HtmL/+/oNmousEoVER%0a=%0a[8].find(confirm)>,html_attribute,0
<HtmL/+/oNmousEoVER%0a=%0a[8].find(confirm)>,html_text,0
<HtmL/+/oNmousEoVER%0a=%0a[8].find(confirm)>,script_block,0
<HtmL/+/oNmousEoVER%0a=%0a[8].find(confirm)>,comment,0
<HtmL/+/oNmousEoVER%0a=%0a[8].find(confirm)>,url_href,0
<HtmL/+/oNmousEoVER%0a=%0a[8].find(confirm)>,url_navigation,0
<a%0aoNmOuSEoVeR%09=%09confirm()>v3dm0s,html_tag,1
<a%0aoNmOuSEoVeR%09=%09confirm()>v3dm0s,html_attribute,0
<a%0aoNmOuSEoVeR%09=%09confirm()>v3dm0s,html_text,1
<a%0aoNmOuSEoVeR%09=%09confirm()>v3dm0s,script_block,0
<a%0aoNmOuSEoVeR%09=%09confirm()>v3dm0s,comment,0
<a%0aoNmOuSEoVeR%09=%09confirm()>v3dm0s,url_href,0
<a%0aoNmOuSEoVeR%09=%09confirm()>v3dm0s,url_navigation,0
"<A%09ONpOInTeRenteR%09=%09a=prompt,a()%0dx>v3dm0s",html_tag,1
"<A%09ONpOInTeRenteR%09=%09a=prompt,a()%0dx>v3dm0s",html_attribute,0
"<A%09ONpOInTeRenteR%09=%09a=prompt,a()%0dx>v3dm0s",html_text,1
"<A%09ONpOInTeRenteR%09=%09a=prompt,a()%0dx>v3dm0s",script_block,0
"<A%09ONpOInTeRenteR%09=%09a=prompt,a()%0dx>v3dm0s",comment,0
"<A%09ONpOInTeRenteR%09=%09a=prompt,a()%0dx>v3dm0s",url_href,0
"<A%09ONpOInTeRenteR%09=%09a=prompt,a()%0dx>v3dm0s",url_navigation,0
<D3v%0aOnPoinTerentER%09=%09(prompt)``%0dx>v3dm0s,html_tag,1
<D3v%0aOnPoinTerentER%09=%09(prompt)``%0dx>v3dm0s,html_attribute,0
<D3v%0aOnPoinTerentER%09=%09(prompt)``%0dx>v3dm0s,html_text,1
<D3v%0aOnPoinTerentER%09=%09(prompt)``%0dx>v3dm0s,script_block,0
<D3v%0aOnPoinTerentER%09=%09(prompt)``%0dx>v3dm0s,comment,0
<D3v%0aOnPoinTerentER%09=%09(prompt)``%0dx>v3dm0s,url_href,0
<D3v%0aOnPoinTerentER%09=%09(prompt)``%0dx>v3dm0s,url_navigation,0
"<DETaiLS%0dONpoiNTErEntEr+=+a=prompt,a()%0dx//",html_tag,0
"<DETaiLS%0dONpoiNTErEntEr+=+a=prompt,a()%0dx//",html_attribute,0
"<DETaiLS%0dONpoiNTErEntEr+=+a=prompt,a()%0dx//",html_text,0
"<DETaiLS%0dONpoiNTErEntEr+=+a=prompt,a()%0dx//",script_block,0
"<DETaiLS%0dONpoiNTErEntEr+=+a=prompt,a()%0dx//",comment,0
"<DETaiLS%0dONpoiNTErEntEr+=+a=prompt,a()%0dx//",url_href,0
"<DETaiLS%0dONpoiNTErEntEr+=+a=prompt,a()%0dx//",url_navigation,0
<HTMl%09ONpOinterEntER+=+(confirm)()//,html_tag,0
<HTMl%09ONpOinterEntER+=+(confirm)()//,html_attribute,0
<HTMl%09ONpOinterEntER+=+(confirm)()//,html_text,0
<HTMl%09ONpOinterEntER+=+(confirm)()//,script_block,0
<HTMl%09ONpOinterEntER+=+(confirm)()//,comment,0
<HTMl%09ONpOinterEntER+=+(confirm)()//,url_href,0
<HTMl%09ONpOinterEntER+=+(confirm)()//,url_navigation,0
<HtmL/+/oNMOuSeovEr+=+confirm()%0dx>,html_tag,0
<HtmL/+/oNMOuSeovEr+=+confirm()%0dx>,html_attribute,0
<HtmL/+/oNMOuSeovEr+=+confirm()%0dx>,html_text,0
<HtmL/+/oNMOuSeovEr+=+confirm()%0dx>,script_block,0
<HtmL/+/oNMOuSeovEr+=+confirm()%0dx>,comment,0
<HtmL/+/oNMOuSeovEr+=+confirm()%0dx>,url_href,0
<HtmL/+/oNMOuSeovEr+=+confirm()%0dx>,url_navigation,0
"<DeTAILS%09oNpointErEntEr+=+a=prompt,a()//",html_tag,0
"<DeTAILS%09oNpointErEntEr+=+a=prompt,a()//",html_attribute,0
"<DeTAILS%09oNpointErEntEr+=+a=prompt,a()//",html_text,0
"<DeTAILS%09oNpointErEntEr+=+a=prompt,a()//",script_block,0
"<DeTAILS%09oNpointErEntEr+=+a=prompt,a()//",comment,0
"<DeTAILS%09oNpointErEntEr+=+a=prompt,a()//",url_href,0
"<DeTAILS%09oNpointErEntEr+=+a=prompt,a()//",url_navigation,0
<HTML/+/OnMOuseovER%0d=%0d(prompt)``%0dx>,html_tag,0
<HTML/+/OnMOuseovER%0d=%0d(prompt)``%0dx>,html_attribute,0
<HTML/+/OnMOuseovER%0d=%0d(prompt)``%0dx>,html_text,0
<HTML/+/OnMOuseovER%0d=%0d(prompt)``%0dx>,script_block,0
<HTML/+/OnMOuseovER%0d=%0d(prompt)``%0dx>,comment,0
<HTML/+/OnMOuseovER%0d=%0d(prompt)``%0dx>,url_href,0
<HTML/+/OnMOuseovER%0d=%0d(prompt)``%0dx>,url_navigation,0
<D3v%0doNmoUseOveR+=+confirm()%0dx>v3dm0s,html_tag,0
<D3v%0doNmoUseOveR+=+confirm()%0dx>v3dm0s,html_attribute,0
<D3v%0doNmoUseOveR+=+confirm()%0dx>v3dm0s,html_text,0
<D3v%0doNmoUseOveR+=+confirm()%0dx>v3dm0s,script_block,0
<D3v%0doNmoUseOveR+=+confirm()%0dx>v3dm0s,comment,0
<D3v%0doNmoUseOveR+=+confirm()%0dx>v3dm0s,url_href,0
<D3v%0doNmoUseOveR+=+confirm()%0dx>v3dm0s,url_navigation,0
<a/+/oNpOINTerenTER%0a=%0aconfirm()>v3dm0s,html_tag,1
<a/+/oNpOINTerenTER%0a=%0aconfirm()>v3dm0s,html_attribute,0
<a/+/oNpOINTerenTER%0a=%0aconfirm()>v3dm0s,html_text,1
<a/+/oNpOINTerenTER%0a=%0aconfirm()>v3dm0s,script_block,0
<a/+/oNpOINTerenTER%0a=%0aconfirm()>v3dm0s,comment,0
<a/+/oNpOINTerenTER%0a=%0aconfirm()>v3dm0s,url_href,0
<a/+/oNpOINTerenTER%0a=%0aconfirm()>v3dm0s,url_navigation,0
<d3v/+/ONMOUSeOVer+=+(confirm)()%0dx>v3dm0s,html_tag,0
<d3v/+/ONMOUSeOVer+=+(confirm)()%0dx>v3dm0s,html_attribute,0
<d3v/+/ONMOUSeOVer+=+(confirm)()%0dx>v3dm0s,html_text,0
<d3v/+/ONMOUSeOVer+=+(confirm)()%0dx>v3dm0s,script_block,0
<d3v/+/ONMOUSeOVer+=+(confirm)()%0dx>v3dm0s,comment,0
<d3v/+/ONMOUSeOVer+=+(confirm)()%0dx>v3dm0s,url_href,0
<d3v/+/ONMOUSeOVer+=+(confirm)()%0dx>v3dm0s,url_navigation,0
<a/+/oNPOiNtERENTEr%0a=%0a[8].find(confirm)>v3dm0s,html_tag,1
<a/+/oNPOiNtERENTEr%0a=%0a[8].find(confirm)>v3dm0s,html_attribute,0
<a/+/oNPOiNtERENTEr%0a=%0a[8].find(confirm)>v3dm0s,html_text,1
<a/+/oNPOiNtERENTEr%0a=%0a[8].find(confirm)>v3dm0s,script_block,0
<a/+/oNPOiNtERENTEr%0a=%0a[8].find(confirm)>v3dm0s,comment,0
<a/+/oNPOiNtERENTEr%0a=%0a[8].find(confirm)>v3dm0s,url_href,0
<a/+/oNPOiNtERENTEr%0a=%0a[8].find(confirm)>v3dm0s,url_navigation,0
<DETailS%0dontogGLE%09=%09(prompt)``//,html_tag,0
<DETailS%0dontogGLE%09=%09(prompt)``//,html_attribute,0
<DETailS%0dontogGLE%09=%09(prompt)``//,html_text,0
<DETailS%0dontogGLE%09=%09(prompt)``//,script_block,0
<DETailS%0dontogGLE%09=%09(prompt)``//,comment,0
<DETailS%0dontogGLE%09=%09(prompt)``//,url_href,0
<DETailS%0dontogGLE%09=%09(prompt)``//,url_navigation,0
<hTml/+/OnMOuSeOver%09=%09[8].find(confirm)//,html_tag,0
<hTml/+/OnMOuSeOver%09=%09[8].find(confirm)//,html_attribute,0
<hTml/+/OnMOuSeOver%09=%09[8].find(confirm)//,html_text,0
<hTml/+/OnMOuSeOver%09=%09[8].find(confirm)//,script_block,0
<hTml/+/OnMOuSeOver%09=%09[8].find(confirm)//,comment,0
<hTml/+/OnMOuSeOver%09=%09[8].find(confirm)//,url_href,0
<hTml/+/OnMOuSeOver%09=%09[8].find(confirm)//,url_navigation,0
<DEtaIls%0aOnpOINTERenTer+=+confirm()%0dx>,html_tag,0
<DEtaIls%0aOnpOINTERenTer+=+confirm()%0dx>,html_attribute,0
<DEtaIls%0aOnpOINTERenTer+=+confirm()%0dx>,html_text,0
<DEtaIls%0aOnpOINTERenTer+=+confirm()%0dx>,script_block,0
<DEtaIls%0aOnpOINTERenTer+=+confirm()%0dx>,comment,0
<DEtaIls%0aOnpOINTERenTer+=+confirm()%0dx>,url_href,0
<DEtaIls%0aOnpOINTERenTer+=+confirm()%0dx>,url_navigation,0
<htMl%0aONpoinTERENTEr%0a=%0a(prompt)``%0dx>,html_tag,0
<htMl%0aONpoinTERENTEr%0a=%0a(prompt)``%0dx>,html_attribute,0
<htMl%0aONpoinTERENTEr%0a=%0a(prompt)``%0dx>,html_text,0
<htMl%0aONpoinTERENTEr%0a=%0a(prompt)``%0dx>,script_block,0
<htMl%0aONpoinTERENTEr%0a=%0a(prompt)``%0dx>,comment,0
<htMl%0aONpoinTERENTEr%0a=%0a(prompt)``%0dx>,url_href,0
<htMl%0aONpoinTERENTEr%0a=%0a(prompt)``%0dx>,url_navigation,0
<HTML%0aoNpoinTerENTeR+=+(prompt)``//,html_tag,0
<HTML%0aoNpoinTerENTeR+=+(prompt)``//,html_attribute,0
<HTML%0aoNpoinTerENTeR+=+(prompt)``//,html_text,0
<HTML%0aoNpoinTerENTeR+=+(prompt)``//,script_block,0
<HTML%0aoNpoinTerENTeR+=+(prompt)``//,comment,0
<HTML%0aoNpoinTerENTeR+=+(prompt)``//,url_href,0
<HTML%0aoNpoinTerENTeR+=+(prompt)``//,url_navigation,0
"<HtML%0doNMOuSeOVeR%0a=%0aa=prompt,a()//",html_tag,0
"<HtML%0doNMOuSeOVeR%0a=%0aa=prompt,a()//",html_attribute,0
"<HtML%0doNMOuSeOVeR%0a=%0aa=prompt,a()//",html_text,0
"<HtML%0doNMOuSeOVeR%0a=%0aa=prompt,a()//",script_block,0
"<HtML%0doNMOuSeOVeR%0a=%0aa=prompt,a()//",comment,0
"<HtML%0doNMOuSeOVeR%0a=%0aa=prompt,a()//",url_href,0
"<HtML%0doNMOuSeOVeR%0a=%0aa=prompt,a()//",url_navigation,0
<A/+/onPoiNTeRentEr%0d=%0d(confirm)()%0dx>v3dm0s,html_tag,1
<A/+/onPoiNTeRentEr%0d=%0d(confirm)()%0dx>v3dm0s,html_attribute,0
<A/+/onPoiNTeRentEr%0d=%0d(confirm)()%0dx>v3dm0s,html_text,1
<A/+/onPoiNTeRentEr%0d=%0d(confirm)()%0dx>v3dm0s,script_block,0
<A/+/onPoiNTeRentEr%0d=%0d(confirm)()%0dx>v3dm0s,comment,0
<A/+/onPoiNTeRentEr%0d=%0d(confirm)()%0dx>v3dm0s,url_href,0
<A/+/onPoiNTeRentEr%0d=%0d(confirm)()%0dx>v3dm0s,url_navigation,0
<HtmL%09onpOIntEreNteR%09=%09(confirm)()//,html_tag,0
<HtmL%09onpOIntEreNteR%09=%09(confirm)()//,html_attribute,0
<HtmL%09onpOIntEreNteR%09=%09(confirm)()//,html_text,0
<HtmL%09onpOIntEreNteR%09=%09(confirm)()//,script_block,0
<HtmL%09onpOIntEreNteR%09=%09(confirm)()//,comment,0
<HtmL%09onpOIntEreNteR%09=%09(confirm)()//,url_href,0
<HtmL%09onpOIntEreNteR%09=%09(confirm)()//,url_navigation,0
"<HTML%0dOnmouseoVEr%09=%09a=prompt,a()%0dx//",html_tag,0
"<HTML%0dOnmouseoVEr%09=%09a=prompt,a()%0dx//",html_attribute,0
"<HTML%0dOnmouseoVEr%09=%09a=prompt,a()%0dx//",html_text,0
"<HTML%0dOnmouseoVEr%09=%09a=prompt,a()%0dx//",script_block,0
"<HTML%0dOnmouseoVEr%09=%09a=prompt,a()%0dx//",comment,0
"<HTML%0dOnmouseoVEr%09=%09a=prompt,a()%0dx//",url_href,0
"<HTML%0dOnmouseoVEr%09=%09a=prompt,a()%0dx//",url_navigation,0
"<A/+/onMouseovEr%0a=%0aa=prompt,a()%0dx>v3dm0s",html_tag,1
"<A/+/onMouseovEr%0a=%0aa=prompt,a()%0dx>v3dm0s",html_attribute,0
"<A/+/onMouseovEr%0a=%0aa=prompt,a()%0dx>v3dm0s",html_text,1
"<A/+/onMouseovEr%0a=%0aa=prompt,a()%0dx>v3dm0s",script_block,0
"<A/+/onMouseovEr%0a=%0aa=prompt,a()%0dx>v3dm0s",comment,0
"<A/+/onMouseovEr%0a=%0aa=prompt,a()%0dx>v3dm0s",url_href,0
"<A/+/onMouseovEr%0a=%0aa=prompt,a()%0dx>v3dm0s",url_navigation,0
<d3V/+/onpoinTeRenTeR%09=%09[8].find(confirm)%0dx>v3dm0s,html_tag,1
<d3V/+/onpoinTeRenTeR%09=%09[8].find(confirm)%0dx>v3dm0s,html_attribute,0
<d3V/+/onpoinTeRenTeR%09=%09[8].find(confirm)%0dx>v3dm0s,html_text,1
<d3V/+/onpoinTeRenTeR%09=%09[8].find(confirm)%0dx>v3dm0s,script_block,0
<d3V/+/onpoinTeRenTeR%09=%09[8].find(confirm)%0dx>v3dm0s,comment,0
<d3V/+/onpoinTeRenTeR%09=%09[8].find(confirm)%0dx>v3dm0s,url_href,0
<d3V/+/onpoinTeRenTeR%09=%09[8].find(confirm)%0dx>v3dm0s,url_navigation,0
<A%0dONpoInTerEnTer+=+confirm()>v3dm0s,html_tag,0
<A%0dONpoInTerEnTer+=+confirm()>v3dm0s,html_attribute,0
<A%0dONpoInTerEnTer+=+confirm()>v3dm0s,html_text,0
<A%0dONpoInTerEnTer+=+confirm()>v3dm0s,script_block,0
<A%0dONpoInTerEnTer+=+confirm()>v3dm0s,comment,0
<A%0dONpoInTerEnTer+=+confirm()>v3dm0s,url_href,0
<A%0dONpoInTerEnTer+=+confirm()>v3dm0s,url_navigation,0
<a%0aoNPoiNteREnter%0a=%0a[8].find(confirm)>v3dm0s,html_tag,1
<a%0aoNPoiNteREnter%0a=%0a[8].find(confirm)>v3dm0s,html_attribute,0
<a%0aoNPoiNteREnter%0a=%0a[8].find(confirm)>v3dm0s,html_text,1
<a%0aoNPoiNteREnter%0a=%0a[8].find(confirm)>v3dm0s,script_block,0
<a%0aoNPoiNteREnter%0a=%0a[8].find(confirm)>v3dm0s,comment,0
<a%0aoNPoiNteREnter%0a=%0a[8].find(confirm)>v3dm0s,url_href,0
<a%0aoNPoiNteREnter%0a=%0a[8].find(confirm)>v3dm0s,url_navigation,0
<hTml%0doNpoinTeRenteR%09=%09(confirm)()>,html_tag,0
<hTml%0doNpoinTeRenteR%09=%09(confirm)()>,html_attribute,0
<hTml%0doNpoinTeRenteR%09=%09(confirm)()>,html_text,0
<hTml%0doNpoinTeRenteR%09=%09(confirm)()>,script_block,0
<hTml%0doNpoinTeRenteR%09=%09(confirm)()>,comment,0
<hTml%0doNpoinTeRenteR%09=%09(confirm)()>,url_href,0
<hTml%0doNpoinTeRenteR%09=%09(confirm)()>,url_navigation,0
"<htmL%09OnPOIntErENteR%09=%09a=prompt,a()>",html_tag,0
"<htmL%09OnPOIntErENteR%09=%09a=prompt,a()>",html_attribute,0
"<htmL%09OnPOIntErENteR%09=%09a=prompt,a()>",html_text,0
"<htmL%09OnPOIntErENteR%09=%09a=prompt,a()>",script_block,0
"<htmL%09OnPOIntErENteR%09=%09a=prompt,a()>",comment,0
"<htmL%09OnPOIntErENteR%09=%09a=prompt,a()>",url_href,0
"<htmL%09OnPOIntErENteR%09=%09a=prompt,a()>",url_navigation,0
<Html/+/oNPoInteREnter%0d=%0d(confirm)()>,html_tag,0
<Html/+/oNPoInteREnter%0d=%0d(confirm)()>,html_attribute,0
<Html/+/oNPoInteREnter%0d=%0d(confirm)()>,html_text,0
<Html/+/oNPoInteREnter%0d=%0d(confirm)()>,script_block,0
<Html/+/oNPoInteREnter%0d=%0d(confirm)()>,comment,0
<Html/+/oNPoInteREnter%0d=%0d(confirm)()>,url_href,0
<Html/+/oNPoInteREnter%0d=%0d(confirm)()>,url_navigation,0
<DEtaiLS%0donTOGgle+=+confirm()%0dx>,html_tag,0
<DEtaiLS%0donTOGgle+=+confirm()%0dx>,html_attribute,0
<DEtaiLS%0donTOGgle+=+confirm()%0dx>,html_text,0
<DEtaiLS%0donTOGgle+=+confirm()%0dx>,script_block,0
<DEtaiLS%0donTOGgle+=+confirm()%0dx>,comment,0
<DEtaiLS%0donTOGgle+=+confirm()%0dx>,url_href,0
<DEtaiLS%0donTOGgle+=+confirm()%0dx>,url_navigation,0
<html%0dONPoinTEREnTEr%0d=%0dconfirm()//,html_tag,0
<html%0dONPoinTEREnTEr%0d=%0dconfirm()//,html_attribute,0
<html%0dONPoinTEREnTEr%0d=%0dconfirm()//,html_text,0
<html%0dONPoinTEREnTEr%0d=%0dconfirm()//,script_block,0
<html%0dONPoinTEREnTEr%0d=%0dconfirm()//,comment,0
<html%0dONPoinTEREnTEr%0d=%0dconfirm()//,url_href,0
<html%0dONPoinTEREnTEr%0d=%0dconfirm()//,url_navigation,0
<dETAILS%0dontOGGLe%09=%09[8].find(confirm)%0dx>,html_tag,0
<dETAILS%0dontOGGLe%09=%09[8].find(confirm)%0dx>,html_attribute,0
<dETAILS%0dontOGGLe%09=%09[8].find(confirm)%0dx>,html_text,0
<dETAILS%0dontOGGLe%09=%09[8].find(confirm)%0dx>,script_block,0
<dETAILS%0dontOGGLe%09=%09[8].find(confirm)%0dx>,comment,0
<dETAILS%0dontOGGLe%09=%09[8].find(confirm)%0dx>,url_href,0
<dETAILS%0dontOGGLe%09=%09[8].find(confirm)%0dx>,url_navigation,0
<htMl%0aoNPoINtErENter+=+(prompt)``%0dx>,html_tag,0
<htMl%0aoNPoINtErENter+=+(prompt)``%0dx>,html_attribute,0
<htMl%0aoNPoINtErENter+=+(prompt)``%0dx>,html_text,0
<htMl%0aoNPoINtErENter+=+(prompt)``%0dx>,script_block,0
<htMl%0aoNPoINtErENter+=+(prompt)``%0dx>,comment,0
<htMl%0aoNPoINtErENter+=+(prompt)``%0dx>,url_href,0
<htMl%0aoNPoINtErENter+=+(prompt)``%0dx>,url_navigation,0
<DeTails%09OnpOIntErENtEr%09=%09(prompt)``%0dx>,html_tag,0
<DeTails%09OnpOIntErENtEr%09=%09(prompt)``%0dx>,html_attribute,0
<DeTails%09OnpOIntErENtEr%09=%09(prompt)``%0dx>,html_text,0
<DeTails%09OnpOIntErENtEr%09=%09(prompt)``%0dx>,script_block,0
<DeTails%09OnpOIntErENtEr%09=%09(prompt)``%0dx>,comment,0
<DeTails%09OnpOIntErENtEr%09=%09(prompt)``%0dx>,url_href,0
<DeTails%09OnpOIntErENtEr%09=%09(prompt)``%0dx>,url_navigation,0
<d3v%0donPoiNTErENteR+=+confirm()>v3dm0s,html_tag,0
<d3v%0donPoiNTErENteR+=+confirm()>v3dm0s,html_attribute,0
<d3v%0donPoiNTErENteR+=+confirm()>v3dm0s,html_text,0
<d3v%0donPoiNTErENteR+=+confirm()>v3dm0s,script_block,0
<d3v%0donPoiNTErENteR+=+confirm()>v3dm0s,comment,0
<d3v%0donPoiNTErENteR+=+confirm()>v3dm0s,url_href,0
<d3v%0donPoiNTErENteR+=+confirm()>v3dm0s,url_navigation,0
<hTml%0dONPOinterEntER+=+[8].find(confirm)%0dx//,html_tag,0
<hTml%0dONPOinterEntER+=+[8].find(confirm)%0dx//,html_attribute,0
<hTml%0dONPOinterEntER+=+[8].find(confirm)%0dx//,html_text,0
<hTml%0dONPOinterEntER+=+[8].find(confirm)%0dx//,script_block,0
<hTml%0dONPOinterEntER+=+[8].find(confirm)%0dx//,comment,0
<hTml%0dONPOinterEntER+=+[8].find(confirm)%0dx//,url_href,0
<hTml%0dONPOinterEntER+=+[8].find(confirm)%0dx//,url_navigation,0
<detAIlS%0aONPoiNtErEnTeR+=+(confirm)()>,html_tag,0
<detAIlS%0aONPoiNtErEnTeR+=+(confirm)()>,html_attribute,0
<detAIlS%0aONPoiNtErEnTeR+=+(confirm)()>,html_text,0
<detAIlS%0aONPoiNtErEnTeR+=+(confirm)()>,script_block,0
<detAIlS%0aONPoiNtErEnTeR+=+(confirm)()>,comment,0
<detAIlS%0aONPoiNtErEnTeR+=+(confirm)()>,url_href,0
<detAIlS%0aONPoiNtErEnTeR+=+(confirm)()>,url_navigation,0
<Html%0dOnpoinTEReNtER%09=%09[8].find(confirm)%0dx//,html_tag,0
<Html%0dOnpoinTEReNtER%09=%09[8].find(confirm)%0dx//,html_attribute,0
<Html%0dOnpoinTEReNtER%09=%09[8].find(confirm)%0dx//,html_text,0
<Html%0dOnpoinTEReNtER%09=%09[8].find(confirm)%0dx//,script_block,0
<Html%0dOnpoinTEReNtER%09=%09[8].find(confirm)%0dx//,comment,0
<Html%0dOnpoinTEReNtER%09=%09[8].find(confirm)%0dx//,url_href,0
<Html%0dOnpoinTEReNtER%09=%09[8].find(confirm)%0dx//,url_navigation,0
<a%09ONPOINTeREntER%09=%09(prompt)``%0dx>v3dm0s,html_tag,1
<a%09ONPOINTeREntER%09=%09(prompt)``%0dx>v3dm0s,html_attribute,0
<a%09ONPOINTeREntER%09=%09(prompt)``%0dx>v3dm0s,html_text,1
<a%09ONPOINTeREntER%09=%09(prompt)``%0dx>v3dm0s,script_block,0
<a%09ONPOINTeREntER%09=%09(prompt)``%0dx>v3dm0s,comment,0
<a%09ONPOINTeREntER%09=%09(prompt)``%0dx>v3dm0s,url_href,0
<a%09ONPOINTeREntER%09=%09(prompt)``%0dx>v3dm0s,url_navigation,0
<a/+/onmOUSeOVer+=+(confirm)()%0dx>v3dm0s,html_tag,0
<a/+/onmOUSeOVer+=+(confirm)()%0dx>v3dm0s,html_attribute,0
<a/+/onmOUSeOVer+=+(confirm)()%0dx>v3dm0s,html_text,0
<a/+/onmOUSeOVer+=+(confirm)()%0dx>v3dm0s,script_block,0
<a/+/onmOUSeOVer+=+(confirm)()%0dx>v3dm0s,comment,0
<a/+/onmOUSeOVer+=+(confirm)()%0dx>v3dm0s,url_href,0
<a/+/onmOUSeOVer+=+(confirm)()%0dx>v3dm0s,url_navigation,0
<dETAILs%09OnpOInteReNter%09=%09confirm()%0dx>,html_tag,0
<dETAILs%09OnpOInteReNter%09=%09confirm()%0dx>,html_attribute,0
<dETAILs%09OnpOInteReNter%09=%09confirm()%0dx>,html_text,0
<dETAILs%09OnpOInteReNter%09=%09confirm()%0dx>,script_block,0
<dETAILs%09OnpOInteReNter%09=%09confirm()%0dx>,comment,0
<dETAILs%09OnpOInteReNter%09=%09confirm()%0dx>,url_href,0
<dETAILs%09OnpOInteReNter%09=%09confirm()%0dx>,url_navigation,0
"<dETaiLs%0aonpOInteRENteR+=+a=prompt,a()%0dx//",html_tag,0
"<dETaiLs%0aonpOInteRENteR+=+a=prompt,a()%0dx//",html_attribute,0
"<dETaiLs%0aonpOInteRENteR+=+a=prompt,a()%0dx//",html_text,0
"<dETaiLs%0aonpOInteRENteR+=+a=prompt,a()%0dx//",script_block,0
"<dETaiLs%0aonpOInteRENteR+=+a=prompt,a()%0dx//",comment,0
"<dETaiLs%0aonpOInteRENteR+=+a=prompt,a()%0dx//",url_href,0
"<dETaiLs%0aonpOInteRENteR+=+a=prompt,a()%0dx//",url_navigation,0
"<DeTAiLs%0dONpoInTErENTER%0a=%0aa=prompt,a()%0dx>",html_tag,0
"<DeTAiLs%0dONpoInTErENTER%0a=%0aa=prompt,a()%0dx>",html_attribute,0
"<DeTAiLs%0dONpoInTErENTER%0a=%0aa=prompt,a()%0dx>",html_text,0
"<DeTAiLs%0dONpoInTErENTER%0a=%0aa=prompt,a()%0dx>",script_block,0
"<DeTAiLs%0dONpoInTErENTER%0a=%0aa=prompt,a()%0dx>",comment,0
"<DeTAiLs%0dONpoInTErENTER%0a=%0aa=prompt,a()%0dx>",url_href,0
"<DeTAiLs%0dONpoInTErENTER%0a=%0aa=prompt,a()%0dx>",url_navigation,0
<detAIls%0aoNpointErEntEr%0a=%0aconfirm()//,html_tag,0
<detAIls%0aoNpointErEntEr%0a=%0aconfirm()//,html_attribute,0
<detAIls%0aoNpointErEntEr%0a=%0aconfirm()//,html_text,0
<detAIls%0aoNpointErEntEr%0a=%0aconfirm()//,script_block,0
<detAIls%0aoNpointErEntEr%0a=%0aconfirm()//,comment,0
<detAIls%0aoNpointErEntEr%0a=%0aconfirm()//,url_href,0
<detAIls%0aoNpointErEntEr%0a=%0aconfirm()//,url_navigation,0
<deTaiLs%09oNpoINteREntEr%0d=%0d(confirm)()%0dx//,html_tag,0
<deTaiLs%09oNpoINteREntEr%0d=%0d(confirm)()%0dx//,html_attribute,0
<deTaiLs%09oNpoINteREntEr%0d=%0d(confirm)()%0dx//,html_text,0
<deTaiLs%09oNpoINteREntEr%0d=%0d(confirm)()%0dx//,script_block,0
<deTaiLs%09oNpoINteREntEr%0d=%0d(confirm)()%0dx//,comment,0
<deTaiLs%09oNpoINteREntEr%0d=%0d(confirm)()%0dx//,url_href,0
<deTaiLs%09oNpoINteREntEr%0d=%0d(confirm)()%0dx//,url_navigation,0
<hTml%0doNMOUseOvEr%09=%09(prompt)``>,html_tag,0
<hTml%0doNMOUseOvEr%09=%09(prompt)``>,html_attribute,0
<hTml%0doNMOUseOvEr%09=%09(prompt)``>,html_text,0
<hTml%0doNMOUseOvEr%09=%09(prompt)``>,script_block,0
<hTml%0doNMOUseOvEr%09=%09(prompt)``>,comment,0
<hTml%0doNMOUseOvEr%09=%09(prompt)``>,url_href,0
<hTml%0doNMOUseOvEr%09=%09(prompt)``>,url_navigation,0
"<htML%0donpOiNtEREnTER%0a=%0aa=prompt,a()>",html_tag,0
"<htML%0donpOiNtEREnTER%0a=%0aa=prompt,a()>",html_attribute,0
"<htML%0donpOiNtEREnTER%0a=%0aa=prompt,a()>",html_text,0
"<htML%0donpOiNtEREnTER%0a=%0aa=prompt,a()>",script_block,0
"<htML%0donpOiNtEREnTER%0a=%0aa=prompt,a()>",comment,0
"<htML%0donpOiNtEREnTER%0a=%0aa=prompt,a()>",url_href,0
"<htML%0donpOiNtEREnTER%0a=%0aa=prompt,a()>",url_navigation,0
"<HTML/+/OnPOinTEREnTeR%09=%09a=prompt,a()>",html_tag,0
"<HTML/+/OnPOinTEREnTeR%09=%09a=prompt,a()>",html_attribute,0
"<HTML/+/OnPOinTEREnTeR%09=%09a=prompt,a()>",html_text,0
"<HTML/+/OnPOinTEREnTeR%09=%09a=prompt,a()>",script_block,0
"<HTML/+/OnPOinTEREnTeR%09=%09a=prompt,a()>",comment,0
"<HTML/+/OnPOinTEREnTeR%09=%09a=prompt,a()>",url_href,0
"<HTML/+/OnPOinTEREnTeR%09=%09a=prompt,a()>",url_navigation,0
<D3v%0aONmOUsEover+=+(confirm)()%0dx>v3dm0s,html_tag,0
<D3v%0aONmOUsEover+=+(confirm)()%0dx>v3dm0s,html_attribute,0
<D3v%0aONmOUsEover+=+(confirm)()%0dx>v3dm0s,html_text,0
<D3v%0aONmOUsEover+=+(confirm)()%0dx>v3dm0s,script_block,0
<D3v%0aONmOUsEover+=+(confirm)()%0dx>v3dm0s,comment,0
<D3v%0aONmOUsEover+=+(confirm)()%0dx>v3dm0s,url_href,0
<D3v%0aONmOUsEover+=+(confirm)()%0dx>v3dm0s,url_navigation,0
<dETaiLs%09onPoinTeRenTER%09=%09(prompt)``>,html_tag,0
<dETaiLs%09onPoinTeRenTER%09=%09(prompt)``>,html_attribute,0
<dETaiLs%09onPoinTeRenTER%09=%09(prompt)``>,html_text,0
<dETaiLs%09onPoinTeRenTER%09=%09(prompt)``>,script_block,0
<dETaiLs%09onPoinTeRenTER%09=%09(prompt)``>,comment,0
<dETaiLs%09onPoinTeRenTER%09=%09(prompt)``>,url_href,0
<dETaiLs%09onPoinTeRenTER%09=%09(prompt)``>,url_navigation,0
<dETailS%09OnPOiNTErENter+=+(confirm)()%0dx>,html_tag,0
<dETailS%09OnPOiNTErENter+=+(confirm)()%0dx>,html_attribute,0
<dETailS%09OnPOiNTErENter+=+(confirm)()%0dx>,html_text,0
<dETailS%09OnPOiNTErENter+=+(confirm)()%0dx>,script_block,0
<dETailS%09OnPOiNTErENter+=+(confirm)()%0dx>,comment,0
<dETailS%09OnPOiNTErENter+=+(confirm)()%0dx>,url_href,0
<dETailS%09OnPOiNTErENter+=+(confirm)()%0dx>,url_navigation,0
<d3v%0dONMouSEoVeR%09=%09confirm()%0dx>v3dm0s,html_tag,1
<d3v%0dONMouSEoVeR%09=%09confirm()%0dx>v3dm0s,html_attribute,0
<d3v%0dONMouSEoVeR%09=%09confirm()%0dx>v3dm0s,html_text,1
<d3v%0dONMouSEoVeR%09=%09confirm()%0dx>v3dm0s,script_block,0
<d3v%0dONMouSEoVeR%09=%09confirm()%0dx>v3dm0s,comment,0
<d3v%0dONMouSEoVeR%09=%09confirm()%0dx>v3dm0s,url_href,0
<d3v%0dONMouSEoVeR%09=%09confirm()%0dx>v3dm0s,url_navigation,0
<A%09ONmouSEoVEr%09=%09confirm()%0dx>v3dm0s,html_tag,1
<A%09ONmouSEoVEr%09=%09confirm()%0dx>v3dm0s,html_attribute,0
<A%09ONmouSEoVEr%09=%09confirm()%0dx>v3dm0s,html_text,1
<A%09ONmouSEoVEr%09=%09confirm()%0dx>v3dm0s,script_block,0
<A%09ONmouSEoVEr%09=%09confirm()%0dx>v3dm0s,comment,0
<A%09ONmouSEoVEr%09=%09confirm()%0dx>v3dm0s,url_href,0
<A%09ONmouSEoVEr%09=%09confirm()%0dx>v3dm0s,url_navigation,0
<DETails/+/ONpoINTEreNTeR%09=%09[8].find(confirm)>,html_tag,0
<DETails/+/ONpoINTEreNTeR%09=%09[8].find(confirm)>,html_attribute,0
<DETails/+/ONpoINTEreNTeR%09=%09[8].find(confirm)>,html_text,0
<DETails/+/ONpoINTEreNTeR%09=%09[8].find(confirm)>,script_block,0
<DETails/+/ONpoINTEreNTeR%09=%09[8].find(confirm)>,comment,0
<DETails/+/ONpoINTEreNTeR%09=%09[8].find(confirm)>,url_href,0
<DETails/+/ONpoINTEreNTeR%09=%09[8].find(confirm)>,url_navigation,0
"<D3V%09ONMOUsEOver%09=%09a=prompt,a()%0dx>v3dm0s",html_tag,1
"<D3V%09ONMOUsEOver%09=%09a=prompt,a()%0dx>v3dm0s",html_attribute,0
"<D3V%09ONMOUsEOver%09=%09a=prompt,a()%0dx>v3dm0s",html_text,1
"<D3V%09ONMOUsEOver%09=%09a=prompt,a()%0dx>v3dm0s",script_block,0
"<D3V%09ONMOUsEOver%09=%09a=prompt,a()%0dx>v3dm0s",comment,0
"<D3V%09ONMOUsEOver%09=%09a=prompt,a()%0dx>v3dm0s",url_href,0
"<D3V%09ONMOUsEOver%09=%09a=prompt,a()%0dx>v3dm0s",url_navigation,0
<d3V%0dOnpoIntErEntEr%09=%09(confirm)()%0dx>v3dm0s,html_tag,1
<d3V%0dOnpoIntErEntEr%09=%09(confirm)()%0dx>v3dm0s,html_attribute,0
<d3V%0dOnpoIntErEntEr%09=%09(confirm)()%0dx>v3dm0s,html_text,1
<d3V%0dOnpoIntErEntEr%09=%09(confirm)()%0dx>v3dm0s,script_block,0
<d3V%0dOnpoIntErEntEr%09=%09(confirm)()%0dx>v3dm0s,comment,0
<d3V%0dOnpoIntErEntEr%09=%09(confirm)()%0dx>v3dm0s,url_href,0
<d3V%0dOnpoIntErEntEr%09=%09(confirm)()%0dx>v3dm0s,url_navigation,0
<hTml%0aOnPointERENtEr%0d=%0dconfirm()//,html_tag,0
<hTml%0aOnPointERENtEr%0d=%0dconfirm()//,html_attribute,0
<hTml%0aOnPointERENtEr%0d=%0dconfirm()//,html_text,0
<hTml%0aOnPointERENtEr%0d=%0dconfirm()//,script_block,0
<hTml%0aOnPointERENtEr%0d=%0dconfirm()//,comment,0
<hTml%0aOnPointERENtEr%0d=%0dconfirm()//,url_href,0
<hTml%0aOnPointERENtEr%0d=%0dconfirm()//,url_navigation,0
<hTMl%0aONpOintereNTER%0a=%0a[8].find(confirm)//,html_tag,0
<hTMl%0aONpOintereNTER%0a=%0a[8].find(confirm)//,html_attribute,0
<hTMl%0aONpOintereNTER%0a=%0a[8].find(confirm)//,html_text,0
<hTMl%0aONpOintereNTER%0a=%0a[8].find(confirm)//,script_block,0
<hTMl%0aONpOintereNTER%0a=%0a[8].find(confirm)//,comment,0
<hTMl%0aONpOintereNTER%0a=%0a[8].find(confirm)//,url_href,0
<hTMl%0aONpOintereNTER%0a=%0a[8].find(confirm)//,url_navigation,0
<D3V%09OnPoINTEREnteR%09=%09(confirm)()%0dx>v3dm0s,html_tag,1
<D3V%09OnPoINTEREnteR%09=%09(confirm)()%0dx>v3dm0s,html_attribute,0
<D3V%09OnPoINTEREnteR%09=%09(confirm)()%0dx>v3dm0s,html_text,1
<D3V%09OnPoINTEREnteR%09=%09(confirm)()%0dx>v3dm0s,script_block,0
<D3V%09OnPoINTEREnteR%09=%09(confirm)()%0dx>v3dm0s,comment,0
<D3V%09OnPoINTEREnteR%09=%09(confirm)()%0dx>v3dm0s,url_href,0
<D3V%09OnPoINTEREnteR%09=%09(confirm)()%0dx>v3dm0s,url_navigation,0
<HtmL%0aonmOUSEover+=+confirm()>,html_tag,0
<HtmL%0aonmOUSEover+=+confirm()>,html_attribute,0
<HtmL%0aonmOUSEover+=+confirm()>,html_text,0
<HtmL%0aonmOUSEover+=+confirm()>,script_block,0
<HtmL%0aonmOUSEover+=+confirm()>,comment,0
<HtmL%0aonmOUSEover+=+confirm()>,url_href,0
<HtmL%0aonmOUSEover+=+confirm()>,url_navigation,0
<a%09onpOintErEnTEr%0a=%0aconfirm()%0dx>v3dm0s,html_tag,1
<a%09onpOintErEnTEr%0a=%0aconfirm()%0dx>v3dm0s,html_attribute,0
<a%09onpOintErEnTEr%0a=%0aconfirm()%0dx>v3dm0s,html_text,1
<a%09onpOintErEnTEr%0a=%0aconfirm()%0dx>v3dm0s,script_block,0
<a%09onpOintErEnTEr%0a=%0aconfirm()%0dx>v3dm0s,comment,0
<a%09onpOintErEnTEr%0a=%0aconfirm()%0dx>v3dm0s,url_href,0
<a%09onpOintErEnTEr%0a=%0aconfirm()%0dx>v3dm0s,url_navigation,0
<DEtailS/+/OnPoinTEReNtER%09=%09confirm()%0dx>,html_tag,0
<DEtailS/+/OnPoinTEReNtER%09=%09confirm()%0dx>,html_attribute,0
<DEtailS/+/OnPoinTEReNtER%09=%09confirm()%0dx>,html_text,0
<DEtailS/+/OnPoinTEReNtER%09=%09confirm()%0dx>,script_block,0
<DEtailS/+/OnPoinTEReNtER%09=%09confirm()%0dx>,comment,0
<DEtailS/+/OnPoinTEReNtER%09=%09confirm()%0dx>,url_href,0
<DEtailS/+/OnPoinTEReNtER%09=%09confirm()%0dx>,url_navigation,0
"<D3v%0donPoinTErEnTEr%0d=%0da=prompt,a()%0dx>v3dm0s",html_tag,1
"<D3v%0donPoinTErEnTEr%0d=%0da=prompt,a()%0dx>v3dm0s",html_attribute,0
"<D3v%0donPoinTErEnTEr%0d=%0da=prompt,a()%0dx>v3dm0s",html_text,1
"<D3v%0donPoinTErEnTEr%0d=%0da=prompt,a()%0dx>v3dm0s",script_block,0
"<D3v%0donPoinTErEnTEr%0d=%0da=prompt,a()%0dx>v3dm0s",comment,0
"<D3v%0donPoinTErEnTEr%0d=%0da=prompt,a()%0dx>v3dm0s",url_href,0
"<D3v%0donPoinTErEnTEr%0d=%0da=prompt,a()%0dx>v3dm0s",url_navigation,0
<HTML/+/ONmOuseOVEr+=+[8].find(confirm)%0dx>,html_tag,0
<HTML/+/ONmOuseOVEr+=+[8].find(confirm)%0dx>,html_attribute,0
<HTML/+/ONmOuseOVEr+=+[8].find(confirm)%0dx>,html_text,0
<HTML/+/ONmOuseOVEr+=+[8].find(confirm)%0dx>,script_block,0
<HTML/+/ONmOuseOVEr+=+[8].find(confirm)%0dx>,comment,0
<HTML/+/ONmOuseOVEr+=+[8].find(confirm)%0dx>,url_href,0
<HTML/+/ONmOuseOVEr+=+[8].find(confirm)%0dx>,url_navigation,0
<a%09onMouSEoVer%0a=%0aconfirm()>v3dm0s,html_tag,1
<a%09onMouSEoVer%0a=%0aconfirm()>v3dm0s,html_attribute,0
<a%09onMouSEoVer%0a=%0aconfirm()>v3dm0s,html_text,1
<a%09onMouSEoVer%0a=%0aconfirm()>v3dm0s,script_block,0
<a%09onMouSEoVer%0a=%0aconfirm()>v3dm0s,comment,0
<a%09onMouSEoVer%0a=%0aconfirm()>v3dm0s,url_href,0
<a%09onMouSEoVer%0a=%0aconfirm()>v3dm0s,url_navigation,0
<A%0dOnpointereNtER+=+[8].find(confirm)>v3dm0s,html_tag,0
<A%0dOnpointereNtER+=+[8].find(confirm)>v3dm0s,html_attribute,0
<A%0dOnpointereNtER+=+[8].find(confirm)>v3dm0s,html_text,0
<A%0dOnpointereNtER+=+[8].find(confirm)>v3dm0s,script_block,0
<A%0dOnpointereNtER+=+[8].find(confirm)>v3dm0s,comment,0
<A%0dOnpointereNtER+=+[8].find(confirm)>v3dm0s,url_href,0
<A%0dOnpointereNtER+=+[8].find(confirm)>v3dm0s,url_navigation,0
<A%09ONPointerenteR+=+(confirm)()>v3dm0s,html_tag,0
<A%09ONPointerenteR+=+(confirm)()>v3dm0s,html_attribute,0
<A%09ONPointerenteR+=+(confirm)()>v3dm0s,html_text,0
<A%09ONPointerenteR+=+(confirm)()>v3dm0s,script_block,0
<A%09ONPointerenteR+=+(confirm)()>v3dm0s,comment,0
<A%09ONPointerenteR+=+(confirm)()>v3dm0s,url_href,0
<A%09ONPointerenteR+=+(confirm)()>v3dm0s,url_navigation,0
<D3V%09onPoinTerenteR%0a=%0a(prompt)``%0dx>v3dm0s,html_tag,1
<D3V%09onPoinTerenteR%0a=%0a(prompt)``%0dx>v3dm0s,html_attribute,0
<D3V%09onPoinTerenteR%0a=%0a(prompt)``%0dx>v3dm0s,html_text,1
<D3V%09onPoinTerenteR%0a=%0a(prompt)``%0dx>v3dm0s,script_block,0
<D3V%09onPoinTerenteR%0a=%0a(prompt)``%0dx>v3dm0s,comment,0
<D3V%09onPoinTerenteR%0a=%0a(prompt)``%0dx>v3dm0s,url_href,0
<D3V%09onPoinTerenteR%0a=%0a(prompt)``%0dx>v3dm0s,url_navigation,0
<DetAiLs/+/onTOGGlE+=+confirm()%0dx>,html_tag,0
<DetAiLs/+/onTOGGlE+=+confirm()%0dx>,html_attribute,0
<DetAiLs/+/onTOGGlE+=+confirm()%0dx>,html_text,0
<DetAiLs/+/onTOGGlE+=+confirm()%0dx>,script_block,0
<DetAiLs/+/onTOGGlE+=+confirm()%0dx>,comment,0
<DetAiLs/+/onTOGGlE+=+confirm()%0dx>,url_href,0
<DetAiLs/+/onTOGGlE+=+confirm()%0dx>,url_navigation,0
<DETAILS%0aoNPoINTErENTeR%09=%09(prompt)``%0dx//,html_tag,0
<DETAILS%0aoNPoINTErENTeR%09=%09(prompt)``%0dx//,html_attribute,0
<DETAILS%0aoNPoINTErENTeR%09=%09(prompt)``%0dx//,html_text,0
<DETAILS%0aoNPoINTErENTeR%09=%09(prompt)``%0dx//,script_block,0
<DETAILS%0aoNPoINTErENTeR%09=%09(prompt)``%0dx//,comment,0
<DETAILS%0aoNPoINTErENTeR%09=%09(prompt)``%0dx//,url_href,0
<DETAILS%0aoNPoINTErENTeR%09=%09(prompt)``%0dx//,url_navigation,0
"<DeTAILs%09OnpoiNtERentEr%0d=%0da=prompt,a()>",html_tag,0
"<DeTAILs%09OnpoiNtERentEr%0d=%0da=prompt,a()>",html_attribute,0
"<DeTAILs%09OnpoiNtERentEr%0d=%0da=prompt,a()>",html_text,0
"<DeTAILs%09OnpoiNtERentEr%0d=%0da=prompt,a()>",script_block,0
"<DeTAILs%09OnpoiNtERentEr%0d=%0da=prompt,a()>",comment,0
"<DeTAILs%09OnpoiNtERentEr%0d=%0da=prompt,a()>",url_href,0
"<DeTAILs%09OnpoiNtERentEr%0d=%0da=prompt,a()>",url_navigation,0
<hTML/+/oNMoUSeover+=+[8].find(confirm)%0dx//,html_tag,0
<hTML/+/oNMoUSeover+=+[8].find(confirm)%0dx//,html_attribute,0
<hTML/+/oNMoUSeover+=+[8].find(confirm)%0dx//,html_text,0
<hTML/+/oNMoUSeover+=+[8].find(confirm)%0dx//,script_block,0
<hTML/+/oNMoUSeover+=+[8].find(confirm)%0dx//,comment,0
<hTML/+/oNMoUSeover+=+[8].find(confirm)%0dx//,url_href,0
<hTML/+/oNMoUSeover+=+[8].find(confirm)%0dx//,url_navigation,0
"<dEtaILs%0aONpoInterEnTEr+=+a=prompt,a()//",html_tag,0
"<dEtaILs%0aONpoInterEnTEr+=+a=prompt,a()//",html_attribute,0
"<dEtaILs%0aONpoInterEnTEr+=+a=prompt,a()//",html_text,0
"<dEtaILs%0aONpoInterEnTEr+=+a=prompt,a()//",script_block,0
"<dEtaILs%0aONpoInterEnTEr+=+a=prompt,a()//",comment,0
"<dEtaILs%0aONpoInterEnTEr+=+a=prompt,a()//",url_href,0
"<dEtaILs%0aONpoInterEnTEr+=+a=prompt,a()//",url_navigation,0
<D3v%0dOnPOiNterEnteR%0a=%0a[8].find(confirm)>v3dm0s,html_tag,1
<D3v%0dOnPOiNterEnteR%0a=%0a[8].find(confirm)>v3dm0s,html_attribute,0
<D3v%0dOnPOiNterEnteR%0a=%0a[8].find(confirm)>v3dm0s,html_text,1
<D3v%0dOnPOiNterEnteR%0a=%0a[8].find(confirm)>v3dm0s,script_block,0
<D3v%0dOnPOiNterEnteR%0a=%0a[8].find(confirm)>v3dm0s,comment,0
<D3v%0dOnPOiNterEnteR%0a=%0a[8].find(confirm)>v3dm0s,url_href,0
<D3v%0dOnPOiNterEnteR%0a=%0a[8].find(confirm)>v3dm0s,url_navigation,0
"<dETaIlS/+/onpoINTEreNtER%09=%09a=prompt,a()>",html_tag,0
"<dETaIlS/+/onpoINTEreNtER%09=%09a=prompt,a()>",html_attribute,0
"<dETaIlS/+/onpoINTEreNtER%09=%09a=prompt,a()>",html_text,0
"<dETaIlS/+/onpoINTEreNtER%09=%09a=prompt,a()>",script_block,0
"<dETaIlS/+/onpoINTEreNtER%09=%09a=prompt,a()>",comment,0
"<dETaIlS/+/onpoINTEreNtER%09=%09a=prompt,a()>",url_href,0
"<dETaIlS/+/onpoINTEreNtER%09=%09a=prompt,a()>",url_navigation,0
<HTml/+/ONPOinTeRentEr%0d=%0dconfirm()%0dx//,html_tag,0
<HTml/+/ONPOinTeRentEr%0d=%0dconfirm()%0dx//,html_attribute,0
<HTml/+/ONPOinTeRentEr%0d=%0dconfirm()%0dx//,html_text,0
<HTml/+/ONPOinTeRentEr%0d=%0dconfirm()%0dx//,script_block,0
<HTml/+/ONPOinTeRentEr%0d=%0dconfirm()%0dx//,comment,0
<HTml/+/ONPOinTeRentEr%0d=%0dconfirm()%0dx//,url_href,0
<HTml/+/ONPOinTeRentEr%0d=%0dconfirm()%0dx//,url_navigation,0
<HTMl%09ONMOUSEOVeR%0a=%0a[8].find(confirm)//,html_tag,0
<HTMl%09ONMOUSEOVeR%0a=%0a[8].find(confirm)//,html_attribute,0
<HTMl%09ONMOUSEOVeR%0a=%0a[8].find(confirm)//,html_text,0
<HTMl%09ONMOUSEOVeR%0a=%0a[8].find(confirm)//,script_block,0
<HTMl%09ONMOUSEOVeR%0a=%0a[8].find(confirm)//,comment,0
<HTMl%09ONMOUSEOVeR%0a=%0a[8].find(confirm)//,url_href,0
<HTMl%09ONMOUSEOVeR%0a=%0a[8].find(confirm)//,url_navigation,0
<D3V%0aOnpOINteRENTeR%0a=%0aconfirm()>v3dm0s,html_tag,1
<D3V%0aOnpOINteRENTeR%0a=%0aconfirm()>v3dm0s,html_attribute,0
<D3V%0aOnpOINteRENTeR%0a=%0aconfirm()>v3dm0s,html_text,1
<D3V%0aOnpOINteRENTeR%0a=%0aconfirm()>v3dm0s,script_block,0
<D3V%0aOnpOINteRENTeR%0a=%0aconfirm()>v3dm0s,comment,0
<D3V%0aOnpOINteRENTeR%0a=%0aconfirm()>v3dm0s,url_href,0
<D3V%0aOnpOINteRENTeR%0a=%0aconfirm()>v3dm0s,url_navigation,0
<htML/+/oNMoUSEOVEr%0a=%0aconfirm()%0dx//,html_tag,0
<htML/+/oNMoUSEOVEr%0a=%0aconfirm()%0dx//,html_attribute,0
<htML/+/oNMoUSEOVEr%0a=%0aconfirm()%0dx//,html_text,0
<htML/+/oNMoUSEOVEr%0a=%0aconfirm()%0dx//,script_block,0
<htML/+/oNMoUSEOVEr%0a=%0aconfirm()%0dx//,comment,0
<htML/+/oNMoUSEOVEr%0a=%0aconfirm()%0dx//,url_href,0
<htML/+/oNMoUSEOVEr%0a=%0aconfirm()%0dx//,url_navigation,0
<A/+/oNPOIntERenTer%09=%09(confirm)()%0dx>v3dm0s,html_tag,1
<A/+/oNPOIntERenTer%09=%09(confirm)()%0dx>v3dm0s,html_attribute,0
<A/+/oNPOIntERenTer%09=%09(confirm)()%0dx>v3dm0s,html_text,1
<A/+/oNPOIntERenTer%09=%09(confirm)()%0dx>v3dm0s,script_block,0
<A/+/oNPOIntERenTer%09=%09(confirm)()%0dx>v3dm0s,comment,0
<A/+/oNPOIntERenTer%09=%09(confirm)()%0dx>v3dm0s,url_href,0
<A/+/oNPOIntERenTer%09=%09(confirm)()%0dx>v3dm0s,url_navigation,0
<a%0donPoinTErenTEr%0d=%0d(confirm)()>v3dm0s,html_tag,1
<a%0donPoinTErenTEr%0d=%0d(confirm)()>v3dm0s,html_attribute,0
<a%0donPoinTErenTEr%0d=%0d(confirm)()>v3dm0s,html_text,1
<a%0donPoinTErenTEr%0d=%0d(confirm)()>v3dm0s,script_block,0
<a%0donPoinTErenTEr%0d=%0d(confirm)()>v3dm0s,comment,0
<a%0donPoinTErenTEr%0d=%0d(confirm)()>v3dm0s,url_href,0
<a%0donPoinTErenTEr%0d=%0d(confirm)()>v3dm0s,url_navigation,0
<D3v%0aonPOinterENTER%0d=%0dconfirm()%0dx>v3dm0s,html_tag,1
<D3v%0aonPOinterENTER%0d=%0dconfirm()%0dx>v3dm0s,html_attribute,0
<D3v%0aonPOinterENTER%0d=%0dconfirm()%0dx>v3dm0s,html_text,1
<D3v%0aonPOinterENTER%0d=%0dconfirm()%0dx>v3dm0s,script_block,0
<D3v%0aonPOinterENTER%0d=%0dconfirm()%0dx>v3dm0s,comment,0
<D3v%0aonPOinterENTER%0d=%0dconfirm()%0dx>v3dm0s,url_href,0
<D3v%0aonPOinterENTER%0d=%0dconfirm()%0dx>v3dm0s,url_navigation,0
<detAilS%0doNTOgGle%09=%09confirm()>,html_tag,0
<detAilS%0doNTOgGle%09=%09confirm()>,html_attribute,0
<detAilS%0doNTOgGle%09=%09confirm()>,html_text,0
<detAilS%0doNTOgGle%09=%09confirm()>,script_block,0
<detAilS%0doNTOgGle%09=%09confirm()>,comment,0
<detAilS%0doNTOgGle%09=%09confirm()>,url_href,0
<detAilS%0doNTOgGle%09=%09confirm()>,url_navigation,0
<a%09ONmOUSEOVeR%0a=%0a(prompt)``%0dx>v3dm0s,html_tag,1
<a%09ONmOUSEOVeR%0a=%0a(prompt)``%0dx>v3dm0s,html_attribute,0
<a%09ONmOUSEOVeR%0a=%0a(prompt)``%0dx>v3dm0s,html_text,1
<a%09ONmOUSEOVeR%0a=%0a(prompt)``%0dx>v3dm0s,script_block,0
<a%09ONmOUSEOVeR%0a=%0a(prompt)``%0dx>v3dm0s,comment,0
<a%09ONmOUSEOVeR%0a=%0a(prompt)``%0dx>v3dm0s,url_href,0
<a%09ONmOUSEOVeR%0a=%0a(prompt)``%0dx>v3dm0s,url_navigation,0
<HtML%0aONpoiNterENtER+=+[8].find(confirm)>,html_tag,0
<HtML%0aONpoiNterENtER+=+[8].find(confirm)>,html_attribute,0
<HtML%0aONpoiNterENtER+=+[8].find(confirm)>,html_text,0
<HtML%0aONpoiNterENtER+=+[8].find(confirm)>,script_block,0
<HtML%0aONpoiNterENtER+=+[8].find(confirm)>,comment,0
<HtML%0aONpoiNterENtER+=+[8].find(confirm)>,url_href,0
<HtML%0aONpoiNterENtER+=+[8].find(confirm)>,url_navigation,0
<DEtaIls%0aoNpoINteReNteR%0d=%0d[8].find(confirm)%0dx//,html_tag,0
<DEtaIls%0aoNpoINteReNteR%0d=%0d[8].find(confirm)%0dx//,html_attribute,0
<DEtaIls%0aoNpoINteReNteR%0d=%0d[8].find(confirm)%0dx//,html_text,0
<DEtaIls%0aoNpoINteReNteR%0d=%0d[8].find(confirm)%0dx//,script_block,0
<DEtaIls%0aoNpoINteReNteR%0d=%0d[8].find(confirm)%0dx//,comment,0
<DEtaIls%0aoNpoINteReNteR%0d=%0d[8].find(confirm)%0dx//,url_href,0
<DEtaIls%0aoNpoINteReNteR%0d=%0d[8].find(confirm)%0dx//,url_navigation,0
<A/+/OnPOINTeRenTEr%09=%09(confirm)()>v3dm0s,html_tag,1
<A/+/OnPOINTeRenTEr%09=%09(confirm)()>v3dm0s,html_attribute,0
<A/+/OnPOINTeRenTEr%09=%09(confirm)()>v3dm0s,html_text,1
<A/+/OnPOINTeRenTEr%09=%09(confirm)()>v3dm0s,script_block,0
<A/+/OnPOINTeRenTEr%09=%09(confirm)()>v3dm0s,comment,0
<A/+/OnPOINTeRenTEr%09=%09(confirm)()>v3dm0s,url_href,0
<A/+/OnPOINTeRenTEr%09=%09(confirm)()>v3dm0s,url_navigation,0
<DEtAils%09onToGglE%0a=%0aconfirm()%0dx//,html_tag,0
<DEtAils%09onToGglE%0a=%0aconfirm()%0dx//,html_attribute,0
<DEtAils%09onToGglE%0a=%0aconfirm()%0dx//,html_text,0
<DEtAils%09onToGglE%0a=%0aconfirm()%0dx//,script_block,0
<DEtAils%09onToGglE%0a=%0aconfirm()%0dx//,comment,0
<DEtAils%09onToGglE%0a=%0aconfirm()%0dx//,url_href,0
<DEtAils%09onToGglE%0a=%0aconfirm()%0dx//,url_navigation,0
<detAIls/+/ONPOinTERenter%0d=%0d(confirm)()//,html_tag,0
<detAIls/+/ONPOinTERenter%0d=%0d(confirm)()//,html_attribute,0
<detAIls/+/ONPOinTERenter%0d=%0d(confirm)()//,html_text,0
<detAIls/+/ONPOinTERenter%0d=%0d(confirm)()//,script_block,0
<detAIls/+/ONPOinTERenter%0d=%0d(confirm)()//,comment,0
<detAIls/+/ONPOinTERenter%0d=%0d(confirm)()//,url_href,0
<detAIls/+/ONPOinTERenter%0d=%0d(confirm)()//,url_navigation,0
<a%09ONpoiNTERENtER%09=%09confirm()>v3dm0s,html_tag,1
<a%09ONpoiNTERENtER%09=%09confirm()>v3dm0s,html_attribute,0
<a%09ONpoiNTERENtER%09=%09confirm()>v3dm0s,html_text,1
<a%09ONpoiNTERENtER%09=%09confirm()>v3dm0s,script_block,0
<a%09ONpoiNTERENtER%09=%09confirm()>v3dm0s,comment,0
<a%09ONpoiNTERENtER%09=%09confirm()>v3dm0s,url_href,0
<a%09ONpoiNTERENtER%09=%09confirm()>v3dm0s,url_navigation,0
<D3V/+/ONPoInteRenTer%0a=%0aconfirm()%0dx>v3dm0s,html_tag,1
<D3V/+/ONPoInteRenTer%0a=%0aconfirm()%0dx>v3dm0s,html_attribute,0
<D3V/+/ONPoInteRenTer%0a=%0aconfirm()%0dx>v3dm0s,html_text,1
<D3V/+/ONPoInteRenTer%0a=%0aconfirm()%0dx>v3dm0s,script_block,0
<D3V/+/ONPoInteRenTer%0a=%0aconfirm()%0dx>v3dm0s,comment,0
<D3V/+/ONPoInteRenTer%0a=%0aconfirm()%0dx>v3dm0s,url_href,0
<D3V/+/ONPoInteRenTer%0a=%0aconfirm()%0dx>v3dm0s,url_navigation,0
<A/+/ONpointEreNTEr%0d=%0dconfirm()%0dx>v3dm0s,html_tag,1
<A/+/ONpointEreNTEr%0d=%0dconfirm()%0dx>v3dm0s,html_attribute,0
<A/+/ONpointEreNTEr%0d=%0dconfirm()%0dx>v3dm0s,html_text,1
<A/+/ONpointEreNTEr%0d=%0dconfirm()%0dx>v3dm0s,script_block,0
<A/+/ONpointEreNTEr%0d=%0dconfirm()%0dx>v3dm0s,comment,0
<A/+/ONpointEreNTEr%0d=%0dconfirm()%0dx>v3dm0s,url_href,0
<A/+/ONpointEreNTEr%0d=%0dconfirm()%0dx>v3dm0s,url_navigation,0
<HtMl%0dONPOiNTeReNteR%0d=%0d(prompt)``%0dx>,html_tag,0
<HtMl%0dONPOiNTeReNteR%0d=%0d(prompt)``%0dx>,html_attribute,0
<HtMl%0dONPOiNTeReNteR%0d=%0d(prompt)``%0dx>,html_text,0
<HtMl%0dONPOiNTeReNteR%0d=%0d(prompt)``%0dx>,script_block,0
<HtMl%0dONPOiNTeReNteR%0d=%0d(prompt)``%0dx>,comment,0
<HtMl%0dONPOiNTeReNteR%0d=%0d(prompt)``%0dx>,url_href,0
<HtMl%0dONPOiNTeReNteR%0d=%0d(prompt)``%0dx>,url_navigation,0
<DETails%0donPOiNTerEntEr%0a=%0a(confirm)()%0dx>,html_tag,0
<DETails%0donPOiNTerEntEr%0a=%0a(confirm)()%0dx>,html_attribute,0
<DETails%0donPOiNTerEntEr%0a=%0a(confirm)()%0dx>,html_text,0
<DETails%0donPOiNTerEntEr%0a=%0a(confirm)()%0dx>,script_block,0
<DETails%0donPOiNTerEntEr%0a=%0a(confirm)()%0dx>,comment,0
<DETails%0donPOiNTerEntEr%0a=%0a(confirm)()%0dx>,url_href,0
<DETails%0donPOiNTerEntEr%0a=%0a(confirm)()%0dx>,url_navigation,0
<d3V%0aoNpoINTeRentER+=+[8].find(confirm)%0dx>v3dm0s,html_tag,0
<d3V%0aoNpoINTeRentER+=+[8].find(confirm)%0dx>v3dm0s,html_attribute,0
<d3V%0aoNpoINTeRentER+=+[8].find(confirm)%0dx>v3dm0s,html_text,0
<d3V%0aoNpoINTeRentER+=+[8].find(confirm)%0dx>v3dm0s,script_block,0
<d3V%0aoNpoINTeRentER+=+[8].find(confirm)%0dx>v3dm0s,comment,0
<d3V%0aoNpoINTeRentER+=+[8].find(confirm)%0dx>v3dm0s,url_href,0
<d3V%0aoNpoINTeRentER+=+[8].find(confirm)%0dx>v3dm0s,url_navigation,0
<HtmL%09onMOuSeoVeR+=+confirm()//,html_tag,0
<HtmL%09onMOuSeoVeR+=+confirm()//,html_attribute,0
<HtmL%09onMOuSeoVeR+=+confirm()//,html_text,0
<HtmL%09onMOuSeoVeR+=+confirm()//,script_block,0
<HtmL%09onMOuSeoVeR+=+confirm()//,comment,0
<HtmL%09onMOuSeoVeR+=+confirm()//,url_href,0
<HtmL%09onMOuSeoVeR+=+confirm()//,url_navigation,0
<a%0dOnpOINTerEnteR%09=%09(prompt)``%0dx>v3dm0s,html_tag,1
<a%0dOnpOINTerEnteR%09=%09(prompt)``%0dx>v3dm0s,html_attribute,0
<a%0dOnpOINTerEnteR%09=%09(prompt)``%0dx>v3dm0s,html_text,1
<a%0dOnpOINTerEnteR%09=%09(prompt)``%0dx>v3dm0s,script_block,0
<a%0dOnpOINTerEnteR%09=%09(prompt)``%0dx>v3dm0s,comment,0
<a%0dOnpOINTerEnteR%09=%09(prompt)``%0dx>v3dm0s,url_href,0
<a%0dOnpOINTerEnteR%09=%09(prompt)``%0dx>v3dm0s,url_navigation,0
<d3v/+/ONmOUSeOVeR%0a=%0a(prompt)``%0dx>v3dm0s,html_tag,1
<d3v/+/ONmOUSeOVeR%0a=%0a(prompt)``%0dx>v3dm0s,html_attribute,0
<d3v/+/ONmOUSeOVeR%0a=%0a(prompt)``%0dx>v3dm0s,html_text,1
<d3v/+/ONmOUSeOVeR%0a=%0a(prompt)``%0dx>v3dm0s,script_block,0
<d3v/+/ONmOUSeOVeR%0a=%0a(prompt)``%0dx>v3dm0s,comment,0
<d3v/+/ONmOUSeOVeR%0a=%0a(prompt)``%0dx>v3dm0s,url_href,0
<d3v/+/ONmOUSeOVeR%0a=%0a(prompt)``%0dx>v3dm0s,url_navigation,0
<dETaILS%09ONPOinTErentEr%09=%09(confirm)()//,html_tag,0
<dETaILS%09ONPOinTErentEr%09=%09(confirm)()//,html_attribute,0
<dETaILS%09ONPOinTErentEr%09=%09(confirm)()//,html_text,0
<dETaILS%09ONPOinTErentEr%09=%09(confirm)()//,script_block,0
<dETaILS%09ONPOinTErentEr%09=%09(confirm)()//,comment,0
<dETaILS%09ONPOinTErentEr%09=%09(confirm)()//,url_href,0
<dETaILS%09ONPOinTErentEr%09=%09(confirm)()//,url_navigation,0
"<A/+/oNmouseovER%0a=%0aa=prompt,a()%0dx>v3dm0s",html_tag,1
"<A/+/oNmouseovER%0a=%0aa=prompt,a()%0dx>v3dm0s",html_attribute,0
"<A/+/oNmouseovER%0a=%0aa=prompt,a()%0dx>v3dm0s",html_text,1
"<A/+/oNmouseovER%0a=%0aa=prompt,a()%0dx>v3dm0s",script_block,0
"<A/+/oNmouseovER%0a=%0aa=prompt,a()%0dx>v3dm0s",comment,0
"<A/+/oNmouseovER%0a=%0aa=prompt,a()%0dx>v3dm0s",url_href,0
"<A/+/oNmouseovER%0a=%0aa=prompt,a()%0dx>v3dm0s",url_navigation,0
<HTMl%0aOnpoINTereNtEr%0d=%0d(prompt)``%0dx//,html_tag,0
<HTMl%0aOnpoINTereNtEr%0d=%0d(prompt)``%0dx//,html_attribute,0
<HTMl%0aOnpoINTereNtEr%0d=%0d(prompt)``%0dx//,html_text,0
<HTMl%0aOnpoINTereNtEr%0d=%0d(prompt)``%0dx//,script_block,0
<HTMl%0aOnpoINTereNtEr%0d=%0d(prompt)``%0dx//,comment,0
<HTMl%0aOnpoINTereNtEr%0d=%0d(prompt)``%0dx//,url_href,0
<HTMl%0aOnpoINTereNtEr%0d=%0d(prompt)``%0dx//,url_navigation,0
<d3v/+/ONpoINtEREnteR+=+[8].find(confirm)%0dx>v3dm0s,html_tag,0
<d3v/+/ONpoINtEREnteR+=+[8].find(confirm)%0dx>v3dm0s,html_attribute,0
<d3v/+/ONpoINtEREnteR+=+[8].find(confirm)%0dx>v3dm0s,html_text,0
<d3v/+/ONpoINtEREnteR+=+[8].find(confirm)%0dx>v3dm0s,script_block,0
<d3v/+/ONpoINtEREnteR+=+[8].find(confirm)%0dx>v3dm0s,comment,0
<d3v/+/ONpoINtEREnteR+=+[8].find(confirm)%0dx>v3dm0s,url_href,0
<d3v/+/ONpoINtEREnteR+=+[8].find(confirm)%0dx>v3dm0s,url_navigation,0
<hTML%0doNPoINTEReNtEr%0a=%0a(confirm)()%0dx//,html_tag,0
<hTML%0doNPoINTEReNtEr%0a=%0a(confirm)()%0dx//,html_attribute,0
<hTML%0doNPoINTEReNtEr%0a=%0a(confirm)()%0dx//,html_text,0
<hTML%0doNPoINTEReNtEr%0a=%0a(confirm)()%0dx//,script_block,0
<hTML%0doNPoINTEReNtEr%0a=%0a(confirm)()%0dx//,comment,0
<hTML%0doNPoINTEReNtEr%0a=%0a(confirm)()%0dx//,url_href,0
<hTML%0doNPoINTEReNtEr%0a=%0a(confirm)()%0dx//,url_navigation,0
<A%09OnmOUseoVer%09=%09(prompt)``%0dx>v3dm0s,html_tag,1
<A%09OnmOUseoVer%09=%09(prompt)``%0dx>v3dm0s,html_attribute,0
<A%09OnmOUseoVer%09=%09(prompt)``%0dx>v3dm0s,html_text,1
<A%09OnmOUseoVer%09=%09(prompt)``%0dx>v3dm0s,script_block,0
<A%09OnmOUseoVer%09=%09(prompt)``%0dx>v3dm0s,comment,0
<A%09OnmOUseoVer%09=%09(prompt)``%0dx>v3dm0s,url_href,0
<A%09OnmOUseoVer%09=%09(prompt)``%0dx>v3dm0s,url_navigation,0
<A%0aOnPOINTereNTer+=+[8].find(confirm)>v3dm0s,html_tag,0
<A%0aOnPOINTereNTer+=+[8].find(confirm)>v3dm0s,html_attribute,0
<A%0aOnPOINTereNTer+=+[8].find(confirm)>v3dm0s,html_text,0
<A%0aOnPOINTereNTer+=+[8].find(confirm)>v3dm0s,script_block,0
<A%0aOnPOINTereNTer+=+[8].find(confirm)>v3dm0s,comment,0
<A%0aOnPOINTereNTer+=+[8].find(confirm)>v3dm0s,url_href,0
<A%0aOnPOINTereNTer+=+[8].find(confirm)>v3dm0s,url_navigation,0
<htmL%0donmOuSEoVer%0a=%0aconfirm()>,html_tag,0
<htmL%0donmOuSEoVer%0a=%0aconfirm()>,html_attribute,0
<htmL%0donmOuSEoVer%0a=%0aconfirm()>,html_text,0
<htmL%0donmOuSEoVer%0a=%0aconfirm()>,script_block,0
<htmL%0donmOuSEoVer%0a=%0aconfirm()>,comment,0
<htmL%0donmOuSEoVer%0a=%0aconfirm()>,url_href,0
<htmL%0donmOuSEoVer%0a=%0aconfirm()>,url_navigation,0
<DETAILS%0aonTogGlE%0a=%0a(prompt)``%0dx//,html_tag,0
<DETAILS%0aonTogGlE%0a=%0a(prompt)``%0dx//,html_attribute,0
<DETAILS%0aonTogGlE%0a=%0a(prompt)``%0dx//,html_text,0
<DETAILS%0aonTogGlE%0a=%0a(prompt)``%0dx//,script_block,0
<DETAILS%0aonTogGlE%0a=%0a(prompt)``%0dx//,comment,0
<DETAILS%0aonTogGlE%0a=%0a(prompt)``%0dx//,url_href,0
<DETAILS%0aonTogGlE%0a=%0a(prompt)``%0dx//,url_navigation,0
<D3v%09ONMOUseOver%09=%09[8].find(confirm)%0dx>v3dm0s,html_tag,1
<D3v%09ONMOUseOver%09=%09[8].find(confirm)%0dx>v3dm0s,html_attribute,0
<D3v%09ONMOUseOver%09=%09[8].find(confirm)%0dx>v3dm0s,html_text,1
<D3v%09ONMOUseOver%09=%09[8].find(confirm)%0dx>v3dm0s,script_block,0
<D3v%09ONMOUseOver%09=%09[8].find(confirm)%0dx>v3dm0s,comment,0
<D3v%09ONMOUseOver%09=%09[8].find(confirm)%0dx>v3dm0s,url_href,0
<D3v%09ONMOUseOver%09=%09[8].find(confirm)%0dx>v3dm0s,url_navigation,0
"<D3V%0aONmouseovER%0d=%0da=prompt,a()%0dx>v3dm0s",html_tag,1
"<D3V%0aONmouseovER%0d=%0da=prompt,a()%0dx>v3dm0s",html_attribute,0
"<D3V%0aONmouseovER%0d=%0da=prompt,a()%0dx>v3dm0s",html_text,1
"<D3V%0aONmouseovER%0d=%0da=prompt,a()%0dx>v3dm0s",script_block,0
"<D3V%0aONmouseovER%0d=%0da=prompt,a()%0dx>v3dm0s",comment,0
"<D3V%0aONmouseovER%0d=%0da=prompt,a()%0dx>v3dm0s",url_href,0
"<D3V%0aONmouseovER%0d=%0da=prompt,a()%0dx>v3dm0s",url_navigation,0
<HtmL%0aoNpOiNTErENTEr%0d=%0d(confirm)()%0dx//,html_tag,0
<HtmL%0aoNpOiNTErENTEr%0d=%0d(confirm)()%0dx//,html_attribute,0
<HtmL%0aoNpOiNTErENTEr%0d=%0d(confirm)()%0dx//,html_text,0
<HtmL%0aoNpOiNTErENTEr%0d=%0d(confirm)()%0dx//,script_block,0
<HtmL%0aoNpOiNTErENTEr%0d=%0d(confirm)()%0dx//,comment,0
<HtmL%0aoNpOiNTErENTEr%0d=%0d(confirm)()%0dx//,url_href,0
<HtmL%0aoNpOiNTErENTEr%0d=%0d(confirm)()%0dx//,url_navigation,0
<D3V%09OnPoInTEReNTEr+=+[8].find(confirm)>v3dm0s,html_tag,0
<D3V%09OnPoInTEReNTEr+=+[8].find(confirm)>v3dm0s,html_attribute,0
<D3V%09OnPoInTEReNTEr+=+[8].find(confirm)>v3dm0s,html_text,0
<D3V%09OnPoInTEReNTEr+=+[8].find(confirm)>v3dm0s,script_block,0
<D3V%09OnPoInTEReNTEr+=+[8].find(confirm)>v3dm0s,comment,0
<D3V%09OnPoInTEReNTEr+=+[8].find(confirm)>v3dm0s,url_href,0
<D3V%09OnPoInTEReNTEr+=+[8].find(confirm)>v3dm0s,url_navigation,0
<a%09OnPOintERenter%09=%09(confirm)()>v3dm0s,html_tag,1
<a%09OnPOintERenter%09=%09(confirm)()>v3dm0s,html_attribute,0
<a%09OnPOintERenter%09=%09(confirm)()>v3dm0s,html_text,1
<a%09OnPOintERenter%09=%09(confirm)()>v3dm0s,script_block,0
<a%09OnPOintERenter%09=%09(confirm)()>v3dm0s,comment,0
<a%09OnPOintERenter%09=%09(confirm)()>v3dm0s,url_href,0
<a%09OnPOintERenter%09=%09(confirm)()>v3dm0s,url_navigation,0
<d3v%0aONpoiNtErenteR+=+[8].find(confirm)>v3dm0s,html_tag,0
<d3v%0aONpoiNtErenteR+=+[8].find(confirm)>v3dm0s,html_attribute,0
<d3v%0aONpoiNtErenteR+=+[8].find(confirm)>v3dm0s,html_text,0
<d3v%0aONpoiNtErenteR+=+[8].find(confirm)>v3dm0s,script_block,0
<d3v%0aONpoiNtErenteR+=+[8].find(confirm)>v3dm0s,comment,0
<d3v%0aONpoiNtErenteR+=+[8].find(confirm)>v3dm0s,url_href,0
<d3v%0aONpoiNtErenteR+=+[8].find(confirm)>v3dm0s,url_navigation,0
<a%09oNpoiNteRenTER%0a=%0a[8].find(confirm)%0dx>v3dm0s,html_tag,1
<a%09oNpoiNteRenTER%0a=%0a[8].find(confirm)%0dx>v3dm0s,html_attribute,0
<a%09oNpoiNteRenTER%0a=%0a[8].find(confirm)%0dx>v3dm0s,html_text,1
<a%09oNpoiNteRenTER%0a=%0a[8].find(confirm)%0dx>v3dm0s,script_block,0
<a%09oNpoiNteRenTER%0a=%0a[8].find(confirm)%0dx>v3dm0s,comment,0
<a%09oNpoiNteRenTER%0a=%0a[8].find(confirm)%0dx>v3dm0s,url_href,0
<a%09oNpoiNteRenTER%0a=%0a[8].find(confirm)%0dx>v3dm0s,url_navigation,0
<HTml%0aoNmousEOVEr+=+confirm()%0dx//,html_tag,0
<HTml%0aoNmousEOVEr+=+confirm()%0dx//,html_attribute,0
<HTml%0aoNmousEOVEr+=+confirm()%0dx//,html_text,0
<HTml%0aoNmousEOVEr+=+confirm()%0dx//,script_block,0
<HTml%0aoNmousEOVEr+=+confirm()%0dx//,comment,0
<HTml%0aoNmousEOVEr+=+confirm()%0dx//,url_href,0
<HTml%0aoNmousEOVEr+=+confirm()%0dx//,url_navigation,0
<d3V%0dONpOINteRENTEr+=+confirm()%0dx>v3dm0s,html_tag,0
<d3V%0dONpOINteRENTEr+=+confirm()%0dx>v3dm0s,html_attribute,0
<d3V%0dONpOINteRENTEr+=+confirm()%0dx>v3dm0s,html_text,0
<d3V%0dONpOINteRENTEr+=+confirm()%0dx>v3dm0s,script_block,0
<d3V%0dONpOINteRENTEr+=+confirm()%0dx>v3dm0s,comment,0
<d3V%0dONpOINteRENTEr+=+confirm()%0dx>v3dm0s,url_href,0
<d3V%0dONpOINteRENTEr+=+confirm()%0dx>v3dm0s,url_navigation,0
<a%0dOnpoInTERENTEr%0a=%0a(confirm)()%0dx>v3dm0s,html_tag,1
<a%0dOnpoInTERENTEr%0a=%0a(confirm)()%0dx>v3dm0s,html_attribute,0
<a%0dOnpoInTERENTEr%0a=%0a(confirm)()%0dx>v3dm0s,html_text,1
<a%0dOnpoInTERENTEr%0a=%0a(confirm)()%0dx>v3dm0s,script_block,0
<a%0dOnpoInTERENTEr%0a=%0a(confirm)()%0dx>v3dm0s,comment,0
<a%0dOnpoInTERENTEr%0a=%0a(confirm)()%0dx>v3dm0s,url_href,0
<a%0dOnpoInTERENTEr%0a=%0a(confirm)()%0dx>v3dm0s,url_navigation,0
<HtmL/+/ONMoUseOVer%09=%09confirm()%0dx>,html_tag,0
<HtmL/+/ONMoUseOVer%09=%09confirm()%0dx>,html_attribute,0
<HtmL/+/ONMoUseOVer%09=%09confirm()%0dx>,html_text,0
<HtmL/+/ONMoUseOVer%09=%09confirm()%0dx>,script_block,0
<HtmL/+/ONMoUseOVer%09=%09confirm()%0dx>,comment,0
<HtmL/+/ONMoUseOVer%09=%09confirm()%0dx>,url_href,0
<HtmL/+/ONMoUseOVer%09=%09confirm()%0dx>,url_navigation,0
<d3V%0dONmOuSeOver%0a=%0a[8].find(confirm)%0dx>v3dm0s,html_tag,1
<d3V%0dONmOuSeOver%0a=%0a[8].find(confirm)%0dx>v3dm0s,html_attribute,0
<d3V%0dONmOuSeOver%0a=%0a[8].find(confirm)%0dx>v3dm0s,html_text,1
<d3V%0dONmOuSeOver%0a=%0a[8].find(confirm)%0dx>v3dm0s,script_block,0
<d3V%0dONmOuSeOver%0a=%0a[8].find(confirm)%0dx>v3dm0s,comment,0
<d3V%0dONmOuSeOver%0a=%0a[8].find(confirm)%0dx>v3dm0s,url_href,0
<d3V%0dONmOuSeOver%0a=%0a[8].find(confirm)%0dx>v3dm0s,url_navigation,0
<a%0aoNPOiNtERentER%09=%09confirm()%0dx>v3dm0s,html_tag,1
<a%0aoNPOiNtERentER%09=%09confirm()%0dx>v3dm0s,html_attribute,0
<a%0aoNPOiNtERentER%09=%09confirm()%0dx>v3dm0s,html_text,1
<a%0aoNPOiNtERentER%09=%09confirm()%0dx>v3dm0s,script_block,0
<a%0aoNPOiNtERentER%09=%09confirm()%0dx>v3dm0s,comment,0
<a%0aoNPOiNtERentER%09=%09confirm()%0dx>v3dm0s,url_href,0
<a%0aoNPOiNtERentER%09=%09confirm()%0dx>v3dm0s,url_navigation,0
<deTaIlS/+/oNtOggLe+=+(confirm)()%0dx//,html_tag,0
<deTaIlS/+/oNtOggLe+=+(confirm)()%0dx//,html_attribute,0
<deTaIlS/+/oNtOggLe+=+(confirm)()%0dx//,html_text,0
<deTaIlS/+/oNtOggLe+=+(confirm)()%0dx//,script_block,0
<deTaIlS/+/oNtOggLe+=+(confirm)()%0dx//,comment,0
<deTaIlS/+/oNtOggLe+=+(confirm)()%0dx//,url_href,0
<deTaIlS/+/oNtOggLe+=+(confirm)()%0dx//,url_navigation,0
<DETaiLS/+/oNPOInTeRentER%0d=%0dconfirm()//,html_tag,0
<DETaiLS/+/oNPOInTeRentER%0d=%0dconfirm()//,html_attribute,0
<DETaiLS/+/oNPOInTeRentER%0d=%0dconfirm()//,html_text,0
<DETaiLS/+/oNPOInTeRentER%0d=%0dconfirm()//,script_block,0
<DETaiLS/+/oNPOInTeRentER%0d=%0dconfirm()//,comment,0
<DETaiLS/+/oNPOInTeRentER%0d=%0dconfirm()//,url_href,0
<DETaiLS/+/oNPOInTeRentER%0d=%0dconfirm()//,url_navigation,0
<d3V%09oNMOuseoveR%09=%09(prompt)``%0dx>v3dm0s,html_tag,1
<d3V%09oNMOuseoveR%09=%09(prompt)``%0dx>v3dm0s,html_attribute,0
<d3V%09oNMOuseoveR%09=%09(prompt)``%0dx>v3dm0s,html_text,1
<d3V%09oNMOuseoveR%09=%09(prompt)``%0dx>v3dm0s,script_block,0
<d3V%09oNMOuseoveR%09=%09(prompt)``%0dx>v3dm0s,comment,0
<d3V%09oNMOuseoveR%09=%09(prompt)``%0dx>v3dm0s,url_href,0
<d3V%09oNMOuseoveR%09=%09(prompt)``%0dx>v3dm0s,url_navigation,0
"<DetAils%0aoNPOintERenTer%0d=%0da=prompt,a()>",html_tag,0
"<DetAils%0aoNPOintERenTer%0d=%0da=prompt,a()>",html_attribute,0
"<DetAils%0aoNPOintERenTer%0d=%0da=prompt,a()>",html_text,0
"<DetAils%0aoNPOintERenTer%0d=%0da=prompt,a()>",script_block,0
"<DetAils%0aoNPOintERenTer%0d=%0da=prompt,a()>",comment,0
"<DetAils%0aoNPOintERenTer%0d=%0da=prompt,a()>",url_href,0
"<DetAils%0aoNPOintERenTer%0d=%0da=prompt,a()>",url_navigation,0
"<hTmL%0aONPOintEreNTEr%09=%09a=prompt,a()%0dx>",html_tag,0
"<hTmL%0aONPOintEreNTEr%09=%09a=prompt,a()%0dx>",html_attribute,0
"<hTmL%0aONPOintEreNTEr%09=%09a=prompt,a()%0dx>",html_text,0
"<hTmL%0aONPOintEreNTEr%09=%09a=prompt,a()%0dx>",script_block,0
"<hTmL%0aONPOintEreNTEr%09=%09a=prompt,a()%0dx>",comment,0
"<hTmL%0aONPOintEreNTEr%09=%09a=prompt,a()%0dx>",url_href,0
"<hTmL%0aONPOintEreNTEr%09=%09a=prompt,a()%0dx>",url_navigation,0
<A%09OnMOuSeover%09=%09(confirm)()%0dx>v3dm0s,html_tag,1
<A%09OnMOuSeover%09=%09(confirm)()%0dx>v3dm0s,html_attribute,0
<A%09OnMOuSeover%09=%09(confirm)()%0dx>v3dm0s,html_text,1
<A%09OnMOuSeover%09=%09(confirm)()%0dx>v3dm0s,script_block,0
<A%09OnMOuSeover%09=%09(confirm)()%0dx>v3dm0s,comment,0
<A%09OnMOuSeover%09=%09(confirm)()%0dx>v3dm0s,url_href,0
<A%09OnMOuSeover%09=%09(confirm)()%0dx>v3dm0s,url_navigation,0
<HTmL%0doNpOinTErenTeR%0a=%0a[8].find(confirm)//,html_tag,0
<HTmL%0doNpOinTErenTeR%0a=%0a[8].find(confirm)//,html_attribute,0
<HTmL%0doNpOinTErenTeR%0a=%0a[8].find(confirm)//,html_text,0
<HTmL%0doNpOinTErenTeR%0a=%0a[8].find(confirm)//,script_block,0
<HTmL%0doNpOinTErenTeR%0a=%0a[8].find(confirm)//,comment,0
<HTmL%0doNpOinTErenTeR%0a=%0a[8].find(confirm)//,url_href,0
<HTmL%0doNpOinTErenTeR%0a=%0a[8].find(confirm)//,url_navigation,0
<D3V%0doNMouseOver+=+[8].find(confirm)>v3dm0s,html_tag,0
<D3V%0doNMouseOver+=+[8].find(confirm)>v3dm0s,html_attribute,0
<D3V%0doNMouseOver+=+[8].find(confirm)>v3dm0s,html_text,0
<D3V%0doNMouseOver+=+[8].find(confirm)>v3dm0s,script_block,0
<D3V%0doNMouseOver+=+[8].find(confirm)>v3dm0s,comment,0
<D3V%0doNMouseOver+=+[8].find(confirm)>v3dm0s,url_href,0
<D3V%0doNMouseOver+=+[8].find(confirm)>v3dm0s,url_navigation,0
<a%0dONMoUSeovEr%09=%09[8].find(confirm)%0dx>v3dm0s,html_tag,1
<a%0dONMoUSeovEr%09=%09[8].find(confirm)%0dx>v3dm0s,html_attribute,0
<a%0dONMoUSeovEr%09=%09[8].find(confirm)%0dx>v3dm0s,html_text,1
<a%0dONMoUSeovEr%09=%09[8].find(confirm)%0dx>v3dm0s,script_block,0
<a%0dONMoUSeovEr%09=%09[8].find(confirm)%0dx>v3dm0s,comment,0
<a%0dONMoUSeovEr%09=%09[8].find(confirm)%0dx>v3dm0s,url_href,0
<a%0dONMoUSeovEr%09=%09[8].find(confirm)%0dx>v3dm0s,url_navigation,0
"<deTaiLS%0aoNTOGgLe+=+a=prompt,a()%0dx>",html_tag,0
"<deTaiLS%0aoNTOGgLe+=+a=prompt,a()%0dx>",html_attribute,0
"<deTaiLS%0aoNTOGgLe+=+a=prompt,a()%0dx>",html_text,0
"<deTaiLS%0aoNTOGgLe+=+a=prompt,a()%0dx>",script_block,0
"<deTaiLS%0aoNTOGgLe+=+a=prompt,a()%0dx>",comment,0
"<deTaiLS%0aoNTOGgLe+=+a=prompt,a()%0dx>",url_href,0
"<deTaiLS%0aoNTOGgLe+=+a=prompt,a()%0dx>",url_navigation,0
<Html%0aonPOinterENter%0a=%0a[8].find(confirm)>,html_tag,0
<Html%0aonPOinterENter%0a=%0a[8].find(confirm)>,html_attribute,0
<Html%0aonPOinterENter%0a=%0a[8].find(confirm)>,html_text,0
<Html%0aonPOinterENter%0a=%0a[8].find(confirm)>,script_block,0
<Html%0aonPOinterENter%0a=%0a[8].find(confirm)>,comment,0
<Html%0aonPOinterENter%0a=%0a[8].find(confirm)>,url_href,0
<Html%0aonPOinterENter%0a=%0a[8].find(confirm)>,url_navigation,0
<a%09onPOinterENTer%0d=%0d(confirm)()>v3dm0s,html_tag,1
<a%09onPOinterENTer%0d=%0d(confirm)()>v3dm0s,html_attribute,0
<a%09onPOinterENTer%0d=%0d(confirm)()>v3dm0s,html_text,1
<a%09onPOinterENTer%0d=%0d(confirm)()>v3dm0s,script_block,0
<a%09onPOinterENTer%0d=%0d(confirm)()>v3dm0s,comment,0
<a%09onPOinterENTer%0d=%0d(confirm)()>v3dm0s,url_href,0
<a%09onPOinterENTer%0d=%0d(confirm)()>v3dm0s,url_navigation,0
<D3v%09onPOinTereNtEr+=+(prompt)``>v3dm0s,html_tag,0
<D3v%09onPOinTereNtEr+=+(prompt)``>v3dm0s,html_attribute,0
<D3v%09onPOinTereNtEr+=+(prompt)``>v3dm0s,html_text,0
<D3v%09onPOinTereNtEr+=+(prompt)``>v3dm0s,script_block,0
<D3v%09onPOinTereNtEr+=+(prompt)``>v3dm0s,comment,0
<D3v%09onPOinTereNtEr+=+(prompt)``>v3dm0s,url_href,0
<D3v%09onPOinTereNtEr+=+(prompt)``>v3dm0s,url_navigation,0
<HTmL%09ONMOUseOVeR+=+confirm()%0dx>,html_tag,0
<HTmL%09ONMOUseOVeR+=+confirm()%0dx>,html_attribute,0
<HTmL%09ONMOUseOVeR+=+confirm()%0dx>,html_text,0
<HTmL%09ONMOUseOVeR+=+confirm()%0dx>,script_block,0
<HTmL%09ONMOUseOVeR+=+confirm()%0dx>,comment,0
<HTmL%09ONMOUseOVeR+=+confirm()%0dx>,url_href,0
<HTmL%09ONMOUseOVeR+=+confirm()%0dx>,url_navigation,0
<d3V%0aOnMOuSEovER+=+confirm()>v3dm0s,html_tag,0
<d3V%0aOnMOuSEovER+=+confirm()>v3dm0s,html_attribute,0
<d3V%0aOnMOuSEovER+=+confirm()>v3dm0s,html_text,0
<d3V%0aOnMOuSEovER+=+confirm()>v3dm0s,script_block,0
<d3V%0aOnMOuSEovER+=+confirm()>v3dm0s,comment,0
<d3V%0aOnMOuSEovER+=+confirm()>v3dm0s,url_href,0
<d3V%0aOnMOuSEovER+=+confirm()>v3dm0s,url_navigation,0
<dEtAils%0aOnToGglE%0a=%0a(prompt)``//,html_tag,1
<dEtAils%0aOnToGglE%0a=%0a(prompt)``//,html_attribute,0
<dEtAils%0aOnToGglE%0a=%0a(prompt)``//,html_text,0
<dEtAils%0aOnToGglE%0a=%0a(prompt)``//,script_block,0
<dEtAils%0aOnToGglE%0a=%0a(prompt)``//,comment,0
<dEtAils%0aOnToGglE%0a=%0a(prompt)``//,url_href,0
<dEtAils%0aOnToGglE%0a=%0a(prompt)``//,url_navigation,0
"<a%0dOnPOInTerENter%0d=%0da=prompt,a()%0dx>v3dm0s",html_tag,1
"<a%0dOnPOInTerENter%0d=%0da=prompt,a()%0dx>v3dm0s",html_attribute,0
"<a%0dOnPOInTerENter%0d=%0da=prompt,a()%0dx>v3dm0s",html_text,1
"<a%0dOnPOInTerENter%0d=%0da=prompt,a()%0dx>v3dm0s",script_block,0
"<a%0dOnPOInTerENter%0d=%0da=prompt,a()%0dx>v3dm0s",comment,0
"<a%0dOnPOInTerENter%0d=%0da=prompt,a()%0dx>v3dm0s",url_href,0
"<a%0dOnPOInTerENter%0d=%0da=prompt,a()%0dx>v3dm0s",url_navigation,0
<a%09onmouSEoVER%0d=%0dconfirm()>v3dm0s,html_tag,1
<a%09onmouSEoVER%0d=%0dconfirm()>v3dm0s,html_attribute,0
<a%09onmouSEoVER%0d=%0dconfirm()>v3dm0s,html_text,1
<a%09onmouSEoVER%0d=%0dconfirm()>v3dm0s,script_block,0
<a%09onmouSEoVER%0d=%0dconfirm()>v3dm0s,comment,0
<a%09onmouSEoVER%0d=%0dconfirm()>v3dm0s,url_href,0
<a%09onmouSEoVER%0d=%0dconfirm()>v3dm0s,url_navigation,0
<detailS/+/ontOggle%09=%09[8].find(confirm)//,html_tag,0
<detailS/+/ontOggle%09=%09[8].find(confirm)//,html_attribute,0
<detailS/+/ontOggle%09=%09[8].find(confirm)//,html_text,0
<detailS/+/ontOggle%09=%09[8].find(confirm)//,script_block,0
<detailS/+/ontOggle%09=%09[8].find(confirm)//,comment,0
<detailS/+/ontOggle%09=%09[8].find(confirm)//,url_href,0
<detailS/+/ontOggle%09=%09[8].find(confirm)//,url_navigation,0
<A%09onmOUSEOver+=+confirm()%0dx>v3dm0s,html_tag,0
<A%09onmOUSEOver+=+confirm()%0dx>v3dm0s,html_attribute,0
<A%09onmOUSEOver+=+confirm()%0dx>v3dm0s,html_text,0
<A%09onmOUSEOver+=+confirm()%0dx>v3dm0s,script_block,0
<A%09onmOUSEOver+=+confirm()%0dx>v3dm0s,comment,0
<A%09onmOUSEOver+=+confirm()%0dx>v3dm0s,url_href,0
<A%09onmOUSEOver+=+confirm()%0dx>v3dm0s,url_navigation,0
<html/+/ONMouSEovEr%0d=%0d[8].find(confirm)%0dx//,html_tag,0
<html/+/ONMouSEovEr%0d=%0d[8].find(confirm)%0dx//,html_attribute,0
<html/+/ONMouSEovEr%0d=%0d[8].find(confirm)%0dx//,html_text,0
<html/+/ONMouSEovEr%0d=%0d[8].find(confirm)%0dx//,script_block,0
<html/+/ONMouSEovEr%0d=%0d[8].find(confirm)%0dx//,comment,0
<html/+/ONMouSEovEr%0d=%0d[8].find(confirm)%0dx//,url_href,0
<html/+/ONMouSEovEr%0d=%0d[8].find(confirm)%0dx//,url_navigation,0
"<HtML%0dOnMOUSEovER+=+a=prompt,a()%0dx>",html_tag,0
"<HtML%0dOnMOUSEovER+=+a=prompt,a()%0dx>",html_attribute,0
"<HtML%0dOnMOUSEovER+=+a=prompt,a()%0dx>",html_text,0
"<HtML%0dOnMOUSEovER+=+a=prompt,a()%0dx>",script_block,0
"<HtML%0dOnMOUSEovER+=+a=prompt,a()%0dx>",comment,0
"<HtML%0dOnMOUSEovER+=+a=prompt,a()%0dx>",url_href,0
"<HtML%0dOnMOUSEovER+=+a=prompt,a()%0dx>",url_navigation,0
<detAILS%0aONpOiNteReNTEr%09=%09[8].find(confirm)%0dx//,html_tag,0
<detAILS%0aONpOiNteReNTEr%09=%09[8].find(confirm)%0dx//,html_attribute,0
<detAILS%0aONpOiNteReNTEr%09=%09[8].find(confirm)%0dx//,html_text,0
<detAILS%0aONpOiNteReNTEr%09=%09[8].find(confirm)%0dx//,script_block,0
<detAILS%0aONpOiNteReNTEr%09=%09[8].find(confirm)%0dx//,comment,0
<detAILS%0aONpOiNteReNTEr%09=%09[8].find(confirm)%0dx//,url_href,0
<detAILS%0aONpOiNteReNTEr%09=%09[8].find(confirm)%0dx//,url_navigation,0
<DetAilS%0doNtOGgle%0a=%0aconfirm()%0dx>,html_tag,0
<DetAilS%0doNtOGgle%0a=%0aconfirm()%0dx>,html_attribute,0
<DetAilS%0doNtOGgle%0a=%0aconfirm()%0dx>,html_text,0
<DetAilS%0doNtOGgle%0a=%0aconfirm()%0dx>,script_block,0
<DetAilS%0doNtOGgle%0a=%0aconfirm()%0dx>,comment,0
<DetAilS%0doNtOGgle%0a=%0aconfirm()%0dx>,url_href,0
<DetAilS%0doNtOGgle%0a=%0aconfirm()%0dx>,url_navigation,0
"<hTMl%0dOnmOUSeoVEr%0d=%0da=prompt,a()%0dx>",html_tag,0
"<hTMl%0dOnmOUSeoVEr%0d=%0da=prompt,a()%0dx>",html_attribute,0
"<hTMl%0dOnmOUSeoVEr%0d=%0da=prompt,a()%0dx>",html_text,0
"<hTMl%0dOnmOUSeoVEr%0d=%0da=prompt,a()%0dx>",script_block,0
"<hTMl%0dOnmOUSeoVEr%0d=%0da=prompt,a()%0dx>",comment,0
"<hTMl%0dOnmOUSeoVEr%0d=%0da=prompt,a()%0dx>",url_href,0
"<hTMl%0dOnmOUSeoVEr%0d=%0da=prompt,a()%0dx>",url_navigation,0
<htmL%0donMOUSeoVER%09=%09(prompt)``%0dx>,html_tag,0
<htmL%0donMOUSeoVER%09=%09(prompt)``%0dx>,html_attribute,0
<htmL%0donMOUSeoVER%09=%09(prompt)``%0dx>,html_text,0
<htmL%0donMOUSeoVER%09=%09(prompt)``%0dx>,script_block,0
<htmL%0donMOUSeoVER%09=%09(prompt)``%0dx>,comment,0
<htmL%0donMOUSeoVER%09=%09(prompt)``%0dx>,url_href,0
<htmL%0donMOUSeoVER%09=%09(prompt)``%0dx>,url_navigation,0
<D3V%0dOnMOusEOvEr%0d=%0dconfirm()>v3dm0s,html_tag,1
<D3V%0dOnMOusEOvEr%0d=%0dconfirm()>v3dm0s,html_attribute,0
<D3V%0dOnMOusEOvEr%0d=%0dconfirm()>v3dm0s,html_text,1
<D3V%0dOnMOusEOvEr%0d=%0dconfirm()>v3dm0s,script_block,0
<D3V%0dOnMOusEOvEr%0d=%0dconfirm()>v3dm0s,comment,0
<D3V%0dOnMOusEOvEr%0d=%0dconfirm()>v3dm0s,url_href,0
<D3V%0dOnMOusEOvEr%0d=%0dconfirm()>v3dm0s,url_navigation,0
"<deTailS/+/OntoGGLE%0d=%0da=prompt,a()//",html_tag,0
"<deTailS/+/OntoGGLE%0d=%0da=prompt,a()//",html_attribute,0
"<deTailS/+/OntoGGLE%0d=%0da=prompt,a()//",html_text,0
"<deTailS/+/OntoGGLE%0d=%0da=prompt,a()//",script_block,0
"<deTailS/+/OntoGGLE%0d=%0da=prompt,a()//",comment,0
"<deTailS/+/OntoGGLE%0d=%0da=prompt,a()//",url_href,0
"<deTailS/+/OntoGGLE%0d=%0da=prompt,a()//",url_navigation,0
"<A%09ONmoUseoVeR+=+a=prompt,a()%0dx>v3dm0s",html_tag,0
"<A%09ONmoUseoVeR+=+a=prompt,a()%0dx>v3dm0s",html_attribute,0
"<A%09ONmoUseoVeR+=+a=prompt,a()%0dx>v3dm0s",html_text,0
"<A%09ONmoUseoVeR+=+a=prompt,a()%0dx>v3dm0s",script_block,0
"<A%09ONmoUseoVeR+=+a=prompt,a()%0dx>v3dm0s",comment,0
"<A%09ONmoUseoVeR+=+a=prompt,a()%0dx>v3dm0s",url_href,0
"<A%09ONmoUseoVeR+=+a=prompt,a()%0dx>v3dm0s",url_navigation,0
<dETaiLS/+/OnPOinteReNter+=+confirm()%0dx//,html_tag,0
<dETaiLS/+/OnPOinteReNter+=+confirm()%0dx//,html_attribute,0
<dETaiLS/+/OnPOinteReNter+=+confirm()%0dx//,html_text,0
<dETaiLS/+/OnPOinteReNter+=+confirm()%0dx//,script_block,0
<dETaiLS/+/OnPOinteReNter+=+confirm()%0dx//,comment,0
<dETaiLS/+/OnPOinteReNter+=+confirm()%0dx//,url_href,0
<dETaiLS/+/OnPOinteReNter+=+confirm()%0dx//,url_navigation,0
<d3V/+/oNPOintEReNTER%0d=%0dconfirm()%0dx>v3dm0s,html_tag,1
<d3V/+/oNPOintEReNTER%0d=%0dconfirm()%0dx>v3dm0s,html_attribute,0
<d3V/+/oNPOintEReNTER%0d=%0dconfirm()%0dx>v3dm0s,html_text,1
<d3V/+/oNPOintEReNTER%0d=%0dconfirm()%0dx>v3dm0s,script_block,0
<d3V/+/oNPOintEReNTER%0d=%0dconfirm()%0dx>v3dm0s,comment,0
<d3V/+/oNPOintEReNTER%0d=%0dconfirm()%0dx>v3dm0s,url_href,0
<d3V/+/oNPOintEReNTER%0d=%0dconfirm()%0dx>v3dm0s,url_navigation,0
<A%0dOnmOuSeOvEr%09=%09confirm()>v3dm0s,html_tag,1
<A%0dOnmOuSeOvEr%09=%09confirm()>v3dm0s,html_attribute,0
<A%0dOnmOuSeOvEr%09=%09confirm()>v3dm0s,html_text,1
<A%0dOnmOuSeOvEr%09=%09confirm()>v3dm0s,script_block,0
<A%0dOnmOuSeOvEr%09=%09confirm()>v3dm0s,comment,0
<A%0dOnmOuSeOvEr%09=%09confirm()>v3dm0s,url_href,0
<A%0dOnmOuSeOvEr%09=%09confirm()>v3dm0s,url_navigation,0
<d3v%0dONMOUSeOvER%0d=%0dconfirm()>v3dm0s,html_tag,1
<d3v%0dONMOUSeOvER%0d=%0dconfirm()>v3dm0s,html_attribute,0
<d3v%0dONMOUSeOvER%0d=%0dconfirm()>v3dm0s,html_text,1
<d3v%0dONMOUSeOvER%0d=%0dconfirm()>v3dm0s,script_block,0
<d3v%0dONMOUSeOvER%0d=%0dconfirm()>v3dm0s,comment,0
<d3v%0dONMOUSeOvER%0d=%0dconfirm()>v3dm0s,url_href,0
<d3v%0dONMOUSeOvER%0d=%0dconfirm()>v3dm0s,url_navigation,0
"<A%09ONmOUsEOvEr%0a=%0aa=prompt,a()%0dx>v3dm0s",html_tag,1
"<A%09ONmOUsEOvEr%0a=%0aa=prompt,a()%0dx>v3dm0s",html_attribute,0
"<A%09ONmOUsEOvEr%0a=%0aa=prompt,a()%0dx>v3dm0s",html_text,1
"<A%09ONmOUsEOvEr%0a=%0aa=prompt,a()%0dx>v3dm0s",script_block,0
"<A%09ONmOUsEOvEr%0a=%0aa=prompt,a()%0dx>v3dm0s",comment,0
"<A%09ONmOUsEOvEr%0a=%0aa=prompt,a()%0dx>v3dm0s",url_href,0
"<A%09ONmOUsEOvEr%0a=%0aa=prompt,a()%0dx>v3dm0s",url_navigation,0
<detAILs%0doNToGgLe%0d=%0d(prompt)``//,html_tag,0
<detAILs%0doNToGgLe%0d=%0d(prompt)``//,html_attribute,0
<detAILs%0doNToGgLe%0d=%0d(prompt)``//,html_text,0
<detAILs%0doNToGgLe%0d=%0d(prompt)``//,script_block,0
<detAILs%0doNToGgLe%0d=%0d(prompt)``//,comment,0
<detAILs%0doNToGgLe%0d=%0d(prompt)``//,url_href,0
<detAILs%0doNToGgLe%0d=%0d(prompt)``//,url_navigation,0
<htML%0aOnPOInteRENtER%0d=%0dconfirm()%0dx//,html_tag,0
<htML%0aOnPOInteRENtER%0d=%0dconfirm()%0dx//,html_attribute,0
<htML%0aOnPOInteRENtER%0d=%0dconfirm()%0dx//,html_text,0
<htML%0aOnPOInteRENtER%0d=%0dconfirm()%0dx//,script_block,0
<htML%0aOnPOInteRENtER%0d=%0dconfirm()%0dx//,comment,0
<htML%0aOnPOInteRENtER%0d=%0dconfirm()%0dx//,url_href,0
<htML%0aOnPOInteRENtER%0d=%0dconfirm()%0dx//,url_navigation,0
"<A%0aOnpOINTerenter%0a=%0aa=prompt,a()%0dx>v3dm0s",html_tag,1
"<A%0aOnpOINTerenter%0a=%0aa=prompt,a()%0dx>v3dm0s",html_attribute,0
"<A%0aOnpOINTerenter%0a=%0aa=prompt,a()%0dx>v3dm0s",html_text,1
"<A%0aOnpOINTerenter%0a=%0aa=prompt,a()%0dx>v3dm0s",script_block,0
"<A%0aOnpOINTerenter%0a=%0aa=prompt,a()%0dx>v3dm0s",comment,0
"<A%0aOnpOINTerenter%0a=%0aa=prompt,a()%0dx>v3dm0s",url_href,0
"<A%0aOnpOINTerenter%0a=%0aa=prompt,a()%0dx>v3dm0s",url_navigation,0
<DEtaIlS%0aoNToGGLe%0a=%0a(prompt)``>,html_tag,0
<DEtaIlS%0aoNToGGLe%0a=%0a(prompt)``>,html_attribute,0
<DEtaIlS%0aoNToGGLe%0a=%0a(prompt)``>,html_text,0
<DEtaIlS%0aoNToGGLe%0a=%0a(prompt)``>,script_block,0
<DEtaIlS%0aoNToGGLe%0a=%0a(prompt)``>,comment,0
<DEtaIlS%0aoNToGGLe%0a=%0a(prompt)``>,url_href,0
<DEtaIlS%0aoNToGGLe%0a=%0a(prompt)``>,url_navigation,0
"<D3V%09onpOINterENTer%09=%09a=prompt,a()%0dx>v3dm0s",html_tag,1
"<D3V%09onpOINterENTer%09=%09a=prompt,a()%0dx>v3dm0s",html_attribute,0
"<D3V%09onpOINterENTer%09=%09a=prompt,a()%0dx>v3dm0s",html_text,1
"<D3V%09onpOINterENTer%09=%09a=prompt,a()%0dx>v3dm0s",script_block,0
"<D3V%09onpOINterENTer%09=%09a=prompt,a()%0dx>v3dm0s",comment,0
"<D3V%09onpOINterENTer%09=%09a=prompt,a()%0dx>v3dm0s",url_href,0
"<D3V%09onpOINterENTer%09=%09a=prompt,a()%0dx>v3dm0s",url_navigation,0
<DETaILS/+/oNtoGGle%0a=%0a(prompt)``//,html_tag,0
<DETaILS/+/oNtoGGle%0a=%0a(prompt)``//,html_attribute,0
<DETaILS/+/oNtoGGle%0a=%0a(prompt)``//,html_text,0
<DETaILS/+/oNtoGGle%0a=%0a(prompt)``//,script_block,0
<DETaILS/+/oNtoGGle%0a=%0a(prompt)``//,comment,0
<DETaILS/+/oNtoGGle%0a=%0a(prompt)``//,url_href,0
<DETaILS/+/oNtoGGle%0a=%0a(prompt)``//,url_navigation,0
"<DeTails/+/ONtogGlE%0a=%0aa=prompt,a()%0dx>",html_tag,0
"<DeTails/+/ONtogGlE%0a=%0aa=prompt,a()%0dx>",html_attribute,0
"<DeTails/+/ONtogGlE%0a=%0aa=prompt,a()%0dx>",html_text,0
"<DeTails/+/ONtogGlE%0a=%0aa=prompt,a()%0dx>",script_block,0
"<DeTails/+/ONtogGlE%0a=%0aa=prompt,a()%0dx>",comment,0
"<DeTails/+/ONtogGlE%0a=%0aa=prompt,a()%0dx>",url_href,0
"<DeTails/+/ONtogGlE%0a=%0aa=prompt,a()%0dx>",url_navigation,0
<a%0dONmoUsEOver+=+confirm()%0dx>v3dm0s,html_tag,0
<a%0dONmoUsEOver+=+confirm()%0dx>v3dm0s,html_attribute,0
<a%0dONmoUsEOver+=+confirm()%0dx>v3dm0s,html_text,0
<a%0dONmoUsEOver+=+confirm()%0dx>v3dm0s,script_block,0
<a%0dONmoUsEOver+=+confirm()%0dx>v3dm0s,comment,0
<a%0dONmoUsEOver+=+confirm()%0dx>v3dm0s,url_href,0
<a%0dONmoUsEOver+=+confirm()%0dx>v3dm0s,url_navigation,0
<DeTAiLs%0aoNPOInteRENtEr%09=%09[8].find(confirm)//,html_tag,0
<DeTAiLs%0aoNPOInteRENtEr%09=%09[8].find(confirm)//,html_attribute,0
<DeTAiLs%0aoNPOInteRENtEr%09=%09[8].find(confirm)//,html_text,0
<DeTAiLs%0aoNPOInteRENtEr%09=%09[8].find(confirm)//,script_block,0
<DeTAiLs%0aoNPOInteRENtEr%09=%09[8].find(confirm)//,comment,0
<DeTAiLs%0aoNPOInteRENtEr%09=%09[8].find(confirm)//,url_href,0
<DeTAiLs%0aoNPOInteRENtEr%09=%09[8].find(confirm)//,url_navigation,0
"<DetAILS%09ontogGlE+=+a=prompt,a()%0dx>",html_tag,0
"<DetAILS%09ontogGlE+=+a=prompt,a()%0dx>",html_attribute,0
"<DetAILS%09ontogGlE+=+a=prompt,a()%0dx>",html_text,0
"<DetAILS%09ontogGlE+=+a=prompt,a()%0dx>",script_block,0
"<DetAILS%09ontogGlE+=+a=prompt,a()%0dx>",comment,0
"<DetAILS%09ontogGlE+=+a=prompt,a()%0dx>",url_href,0
"<DetAILS%09ontogGlE+=+a=prompt,a()%0dx>",url_navigation,0
<DEtAils/+/ONTOGGlE%09=%09confirm()%0dx>,html_tag,0
<DEtAils/+/ONTOGGlE%09=%09confirm()%0dx>,html_attribute,0
<DEtAils/+/ONTOGGlE%09=%09confirm()%0dx>,html_text,0
<DEtAils/+/ONTOGGlE%09=%09confirm()%0dx>,script_block,0
<DEtAils/+/ONTOGGlE%09=%09confirm()%0dx>,comment,0
<DEtAils/+/ONTOGGlE%09=%09confirm()%0dx>,url_href,0
<DEtAils/+/ONTOGGlE%09=%09confirm()%0dx>,url_navigation,0
<HtMl/+/OnMOUSeOVEr%09=%09(confirm)()%0dx>,html_tag,0
<HtMl/+/OnMOUSeOVEr%09=%09(confirm)()%0dx>,html_attribute,0
<HtMl/+/OnMOUSeOVEr%09=%09(confirm)()%0dx>,html_text,0
<HtMl/+/OnMOUSeOVEr%09=%09(confirm)()%0dx>,script_block,0
<HtMl/+/OnMOUSeOVEr%09=%09(confirm)()%0dx>,comment,0
<HtMl/+/OnMOUSeOVEr%09=%09(confirm)()%0dx>,url_href,0
<HtMl/+/OnMOUSeOVEr%09=%09(confirm)()%0dx>,url_navigation,0
<Details/+/onPOINTeRenTeR%09=%09confirm()//,html_tag,0
<Details/+/onPOINTeRenTeR%09=%09confirm()//,html_attribute,0
<Details/+/onPOINTeRenTeR%09=%09confirm()//,html_text,0
<Details/+/onPOINTeRenTeR%09=%09confirm()//,script_block,0
<Details/+/onPOINTeRenTeR%09=%09confirm()//,comment,0
<Details/+/onPOINTeRenTeR%09=%09confirm()//,url_href,0
<Details/+/onPOINTeRenTeR%09=%09confirm()//,url_navigation,0
<A%09OnpOiNTereNTER%09=%09[8].find(confirm)>v3dm0s,html_tag,1
<A%09OnpOiNTereNTER%09=%09[8].find(confirm)>v3dm0s,html_attribute,0
<A%09OnpOiNTereNTER%09=%09[8].find(confirm)>v3dm0s,html_text,1
<A%09OnpOiNTereNTER%09=%09[8].find(confirm)>v3dm0s,script_block,0
<A%09OnpOiNTereNTER%09=%09[8].find(confirm)>v3dm0s,comment,0
<A%09OnpOiNTereNTER%09=%09[8].find(confirm)>v3dm0s,url_href,0
<A%09OnpOiNTereNTER%09=%09[8].find(confirm)>v3dm0s,url_navigation,0
<DeTAILs/+/oNtoGgLe+=+confirm()//,html_tag,0
<DeTAILs/+/oNtoGgLe+=+confirm()//,html_attribute,0
<DeTAILs/+/oNtoGgLe+=+confirm()//,html_text,0
<DeTAILs/+/oNtoGgLe+=+confirm()//,script_block,0
<DeTAILs/+/oNtoGgLe+=+confirm()//,comment,0
<DeTAILs/+/oNtoGgLe+=+confirm()//,url_href,0
<DeTAILs/+/oNtoGgLe+=+confirm()//,url_navigation,0
<DETAILs%0aONtOgGlE%0a=%0a(confirm)()%0dx//,html_tag,0
<DETAILs%0aONtOgGlE%0a=%0a(confirm)()%0dx//,html_attribute,0
<DETAILs%0aONtOgGlE%0a=%0a(confirm)()%0dx//,html_text,0
<DETAILs%0aONtOgGlE%0a=%0a(confirm)()%0dx//,script_block,0
<DETAILs%0aONtOgGlE%0a=%0a(confirm)()%0dx//,comment,0
<DETAILs%0aONtOgGlE%0a=%0a(confirm)()%0dx//,url_href,0
<DETAILs%0aONtOgGlE%0a=%0a(confirm)()%0dx//,url_navigation,0
"<detAIls%0dOnpoINTeREnteR%09=%09a=prompt,a()>",html_tag,0
"<detAIls%0dOnpoINTeREnteR%09=%09a=prompt,a()>",html_attribute,0
"<detAIls%0dOnpoINTeREnteR%09=%09a=prompt,a()>",html_text,0
"<detAIls%0dOnpoINTeREnteR%09=%09a=prompt,a()>",script_block,0
"<detAIls%0dOnpoINTeREnteR%09=%09a=prompt,a()>",comment,0
"<detAIls%0dOnpoINTeREnteR%09=%09a=prompt,a()>",url_href,0
"<detAIls%0dOnpoINTeREnteR%09=%09a=prompt,a()>",url_navigation,0
<DetAils%0aOnPoINTERenTer+=+[8].find(confirm)>,html_tag,0
<DetAils%0aOnPoINTERenTer+=+[8].find(confirm)>,html_attribute,0
<DetAils%0aOnPoINTERenTer+=+[8].find(confirm)>,html_text,0
<DetAils%0aOnPoINTERenTer+=+[8].find(confirm)>,script_block,0
<DetAils%0aOnPoINTERenTer+=+[8].find(confirm)>,comment,0
<DetAils%0aOnPoINTERenTer+=+[8].find(confirm)>,url_href,0
<DetAils%0aOnPoINTERenTer+=+[8].find(confirm)>,url_navigation,0
"<A/+/onpoinTErENtER%09=%09a=prompt,a()%0dx>v3dm0s",html_tag,1
"<A/+/onpoinTErENtER%09=%09a=prompt,a()%0dx>v3dm0s",html_attribute,0
"<A/+/onpoinTErENtER%09=%09a=prompt,a()%0dx>v3dm0s",html_text,1
"<A/+/onpoinTErENtER%09=%09a=prompt,a()%0dx>v3dm0s",script_block,0
"<A/+/onpoinTErENtER%09=%09a=prompt,a()%0dx>v3dm0s",comment,0
"<A/+/onpoinTErENtER%09=%09a=prompt,a()%0dx>v3dm0s",url_href,0
"<A/+/onpoinTErENtER%09=%09a=prompt,a()%0dx>v3dm0s",url_navigation,0
<a%0dONMOusEovER%09=%09confirm()>v3dm0s,html_tag,1
<a%0dONMOusEovER%09=%09confirm()>v3dm0s,html_attribute,0
<a%0dONMOusEovER%09=%09confirm()>v3dm0s,html_text,1
<a%0dONMOusEovER%09=%09confirm()>v3dm0s,script_block,0
<a%0dONMOusEovER%09=%09confirm()>v3dm0s,comment,0
<a%0dONMOusEovER%09=%09confirm()>v3dm0s,url_href,0
<a%0dONMOusEovER%09=%09confirm()>v3dm0s,url_navigation,0
<a/+/ONMOuseoVEr%0d=%0dconfirm()%0dx>v3dm0s,html_tag,1
<a/+/ONMOuseoVEr%0d=%0dconfirm()%0dx>v3dm0s,html_attribute,0
<a/+/ONMOuseoVEr%0d=%0dconfirm()%0dx>v3dm0s,html_text,1
<a/+/ONMOuseoVEr%0d=%0dconfirm()%0dx>v3dm0s,script_block,0
<a/+/ONMOuseoVEr%0d=%0dconfirm()%0dx>v3dm0s,comment,0
<a/+/ONMOuseoVEr%0d=%0dconfirm()%0dx>v3dm0s,url_href,0
<a/+/ONMOuseoVEr%0d=%0dconfirm()%0dx>v3dm0s,url_navigation,0
<hTmL%09OnpoiNtEreNter%0d=%0d(confirm)()%0dx//,html_tag,0
<hTmL%09OnpoiNtEreNter%0d=%0d(confirm)()%0dx//,html_attribute,0
<hTmL%09OnpoiNtEreNter%0d=%0d(confirm)()%0dx//,html_text,0
<hTmL%09OnpoiNtEreNter%0d=%0d(confirm)()%0dx//,script_block,0
<hTmL%09OnpoiNtEreNter%0d=%0d(confirm)()%0dx//,comment,0
<hTmL%09OnpoiNtEreNter%0d=%0d(confirm)()%0dx//,url_href,0
<hTmL%09OnpoiNtEreNter%0d=%0d(confirm)()%0dx//,url_navigation,0
<a%09OnMOusEOVEr%09=%09[8].find(confirm)%0dx>v3dm0s,html_tag,1
<a%09OnMOusEOVEr%09=%09[8].find(confirm)%0dx>v3dm0s,html_attribute,0
<a%09OnMOusEOVEr%09=%09[8].find(confirm)%0dx>v3dm0s,html_text,1
<a%09OnMOusEOVEr%09=%09[8].find(confirm)%0dx>v3dm0s,script_block,0
<a%09OnMOusEOVEr%09=%09[8].find(confirm)%0dx>v3dm0s,comment,0
<a%09OnMOusEOVEr%09=%09[8].find(confirm)%0dx>v3dm0s,url_href,0
<a%09OnMOusEOVEr%09=%09[8].find(confirm)%0dx>v3dm0s,url_navigation,0
<d3v/+/OnMouseOvER%0d=%0d(confirm)()>v3dm0s,html_tag,1
<d3v/+/OnMouseOvER%0d=%0d(confirm)()>v3dm0s,html_attribute,0
<d3v/+/OnMouseOvER%0d=%0d(confirm)()>v3dm0s,html_text,1
<d3v/+/OnMouseOvER%0d=%0d(confirm)()>v3dm0s,script_block,0
<d3v/+/OnMouseOvER%0d=%0d(confirm)()>v3dm0s,comment,0
<d3v/+/OnMouseOvER%0d=%0d(confirm)()>v3dm0s,url_href,0
<d3v/+/OnMouseOvER%0d=%0d(confirm)()>v3dm0s,url_navigation,0
<deTAIls%0dONToGgLE%09=%09confirm()//,html_tag,0
<deTAIls%0dONToGgLE%09=%09confirm()//,html_attribute,0
<deTAIls%0dONToGgLE%09=%09confirm()//,html_text,0
<deTAIls%0dONToGgLE%09=%09confirm()//,script_block,0
<deTAIls%0dONToGgLE%09=%09confirm()//,comment,0
<deTAIls%0dONToGgLE%09=%09confirm()//,url_href,0
<deTAIls%0dONToGgLE%09=%09confirm()//,url_navigation,0
<htmL%09ONPOinTEreNTEr+=+(prompt)``%0dx//,html_tag,0
<htmL%09ONPOinTEreNTEr+=+(prompt)``%0dx//,html_attribute,0
<htmL%09ONPOinTEreNTEr+=+(prompt)``%0dx//,html_text,0
<htmL%09ONPOinTEreNTEr+=+(prompt)``%0dx//,script_block,0
<htmL%09ONPOinTEreNTEr+=+(prompt)``%0dx//,comment,0
<htmL%09ONPOinTEreNTEr+=+(prompt)``%0dx//,url_href,0
<htmL%09ONPOinTEreNTEr+=+(prompt)``%0dx//,url_navigation,0
<HTmL/+/OnmOuSEOVEr%0a=%0a(prompt)``//,html_tag,0
<HTmL/+/OnmOuSEOVEr%0a=%0a(prompt)``//,html_attribute,0
<HTmL/+/OnmOuSEOVEr%0a=%0a(prompt)``//,html_text,0
<HTmL/+/OnmOuSEOVEr%0a=%0a(prompt)``//,script_block,0
<HTmL/+/OnmOuSEOVEr%0a=%0a(prompt)``//,comment,0
<HTmL/+/OnmOuSEOVEr%0a=%0a(prompt)``//,url_href,0
<HTmL/+/OnmOuSEOVEr%0a=%0a(prompt)``//,url_navigation,0
<D3v%09onMoUsEOvEr%0d=%0d(prompt)``%0dx>v3dm0s,html_tag,1
<D3v%09onMoUsEOvEr%0d=%0d(prompt)``%0dx>v3dm0s,html_attribute,0
<D3v%09onMoUsEOvEr%0d=%0d(prompt)``%0dx>v3dm0s,html_text,1
<D3v%09onMoUsEOvEr%0d=%0d(prompt)``%0dx>v3dm0s,script_block,0
<D3v%09onMoUsEOvEr%0d=%0d(prompt)``%0dx>v3dm0s,comment,0
<D3v%09onMoUsEOvEr%0d=%0d(prompt)``%0dx>v3dm0s,url_href,0
<D3v%09onMoUsEOvEr%0d=%0d(prompt)``%0dx>v3dm0s,url_navigation,0
<d3v%0aOnPoINTerEntEr+=+(prompt)``>v3dm0s,html_tag,0
<d3v%0aOnPoINTerEntEr+=+(prompt)``>v3dm0s,html_attribute,0
<d3v%0aOnPoINTerEntEr+=+(prompt)``>v3dm0s,html_text,0
<d3v%0aOnPoINTerEntEr+=+(prompt)``>v3dm0s,script_block,0
<d3v%0aOnPoINTerEntEr+=+(prompt)``>v3dm0s,comment,0
<d3v%0aOnPoINTerEntEr+=+(prompt)``>v3dm0s,url_href,0
<d3v%0aOnPoINTerEntEr+=+(prompt)``>v3dm0s,url_navigation,0
<hTml%09oNPOInTERENteR%0a=%0a(prompt)``%0dx//,html_tag,0
<hTml%09oNPOInTERENteR%0a=%0a(prompt)``%0dx//,html_attribute,0
<hTml%09oNPOInTERENteR%0a=%0a(prompt)``%0dx//,html_text,0
<hTml%09oNPOInTERENteR%0a=%0a(prompt)``%0dx//,script_block,0
<hTml%09oNPOInTERENteR%0a=%0a(prompt)``%0dx//,comment,0
<hTml%09oNPOInTERENteR%0a=%0a(prompt)``%0dx//,url_href,0
<hTml%09oNPOInTERENteR%0a=%0a(prompt)``%0dx//,url_navigation,0
<D3v%0dONPOInTerentER%0a=%0a[8].find(confirm)%0dx>v3dm0s,html_tag,1
<D3v%0dONPOInTerentER%0a=%0a[8].find(confirm)%0dx>v3dm0s,html_attribute,0
<D3v%0dONPOInTerentER%0a=%0a[8].find(confirm)%0dx>v3dm0s,html_text,1
<D3v%0dONPOInTerentER%0a=%0a[8].find(confirm)%0dx>v3dm0s,script_block,0
<D3v%0dONPOInTerentER%0a=%0a[8].find(confirm)%0dx>v3dm0s,comment,0
<D3v%0dONPOInTerentER%0a=%0a[8].find(confirm)%0dx>v3dm0s,url_href,0
<D3v%0dONPOInTerentER%0a=%0a[8].find(confirm)%0dx>v3dm0s,url_navigation,0
<htmL/+/OnMOuseoVER%0d=%0d(confirm)()>,html_tag,0
<htmL/+/OnMOuseoVER%0d=%0d(confirm)()>,html_attribute,0
<htmL/+/OnMOuseoVER%0d=%0d(confirm)()>,html_text,0
<htmL/+/OnMOuseoVER%0d=%0d(confirm)()>,script_block,0
<htmL/+/OnMOuseoVER%0d=%0d(confirm)()>,comment,0
<htmL/+/OnMOuseoVER%0d=%0d(confirm)()>,url_href,0
<htmL/+/OnMOuseoVER%0d=%0d(confirm)()>,url_navigation,0
<DetaILS/+/oNPOInteRenTer%0a=%0aconfirm()%0dx>,html_tag,0
<DetaILS/+/oNPOInteRenTer%0a=%0aconfirm()%0dx>,html_attribute,0
<DetaILS/+/oNPOInteRenTer%0a=%0aconfirm()%0dx>,html_text,0
<DetaILS/+/oNPOInteRenTer%0a=%0aconfirm()%0dx>,script_block,0
<DetaILS/+/oNPOInteRenTer%0a=%0aconfirm()%0dx>,comment,0
<DetaILS/+/oNPOInteRenTer%0a=%0aconfirm()%0dx>,url_href,0
<DetaILS/+/oNPOInteRenTer%0a=%0aconfirm()%0dx>,url_navigation,0
<D3V%0aonpoinTereNTEr%0a=%0a(confirm)()>v3dm0s,html_tag,1
<D3V%0aonpoinTereNTEr%0a=%0a(confirm)()>v3dm0s,html_attribute,0
<D3V%0aonpoinTereNTEr%0a=%0a(confirm)()>v3dm0s,html_text,1
<D3V%0aonpoinTereNTEr%0a=%0a(confirm)()>v3dm0s,script_block,0
<D3V%0aonpoinTereNTEr%0a=%0a(confirm)()>v3dm0s,comment,0
<D3V%0aonpoinTereNTEr%0a=%0a(confirm)()>v3dm0s,url_href,0
<D3V%0aonpoinTereNTEr%0a=%0a(confirm)()>v3dm0s,url_navigation,0
<DETAIlS%09OnPOiNterEntER%0d=%0dconfirm()>,html_tag,0
<DETAIlS%09OnPOiNterEntER%0d=%0dconfirm()>,html_attribute,0
<DETAIlS%09OnPOiNterEntER%0d=%0dconfirm()>,html_text,0
<DETAIlS%09OnPOiNterEntER%0d=%0dconfirm()>,script_block,0
<DETAIlS%09OnPOiNterEntER%0d=%0dconfirm()>,comment,0
<DETAIlS%09OnPOiNterEntER%0d=%0dconfirm()>,url_href,0
<DETAIlS%09OnPOiNterEntER%0d=%0dconfirm()>,url_navigation,0
"<htML/+/ONMOuSeOVER+=+a=prompt,a()//",html_tag,0
"<htML/+/ONMOuSeOVER+=+a=prompt,a()//",html_attribute,0
"<htML/+/ONMOuSeOVER+=+a=prompt,a()//",html_text,0
"<htML/+/ONMOuSeOVER+=+a=prompt,a()//",script_block,0
"<htML/+/ONMOuSeOVER+=+a=prompt,a()//",comment,0
"<htML/+/ONMOuSeOVER+=+a=prompt,a()//",url_href,0
"<htML/+/ONMOuSeOVER+=+a=prompt,a()//",url_navigation,0
<a/+/OnPOINteRENtEr%0a=%0a(confirm)()%0dx>v3dm0s,html_tag,1
<a/+/OnPOINteRENtEr%0a=%0a(confirm)()%0dx>v3dm0s,html_attribute,0
<a/+/OnPOINteRENtEr%0a=%0a(confirm)()%0dx>v3dm0s,html_text,1
<a/+/OnPOINteRENtEr%0a=%0a(confirm)()%0dx>v3dm0s,script_block,0
<a/+/OnPOINteRENtEr%0a=%0a(confirm)()%0dx>v3dm0s,comment,0
<a/+/OnPOINteRENtEr%0a=%0a(confirm)()%0dx>v3dm0s,url_href,0
<a/+/OnPOINteRENtEr%0a=%0a(confirm)()%0dx>v3dm0s,url_navigation,0
<d3V/+/ONpOinteRENtER%0d=%0d(prompt)``>v3dm0s,html_tag,1
<d3V/+/ONpOinteRENtER%0d=%0d(prompt)``>v3dm0s,html_attribute,0
<d3V/+/ONpOinteRENtER%0d=%0d(prompt)``>v3dm0s,html_text,1
<d3V/+/ONpOinteRENtER%0d=%0d(prompt)``>v3dm0s,script_block,0
<d3V/+/ONpOinteRENtER%0d=%0d(prompt)``>v3dm0s,comment,0
<d3V/+/ONpOinteRENtER%0d=%0d(prompt)``>v3dm0s,url_href,0
<d3V/+/ONpOinteRENtER%0d=%0d(prompt)``>v3dm0s,url_navigation,0
<d3V%0donmOUsEovER+=+confirm()>v3dm0s,html_tag,0
<d3V%0donmOUsEovER+=+confirm()>v3dm0s,html_attribute,0
<d3V%0donmOUsEovER+=+confirm()>v3dm0s,html_text,0
<d3V%0donmOUsEovER+=+confirm()>v3dm0s,script_block,0
<d3V%0donmOUsEovER+=+confirm()>v3dm0s,comment,0
<d3V%0donmOUsEovER+=+confirm()>v3dm0s,url_href,0
<d3V%0donmOUsEovER+=+confirm()>v3dm0s,url_navigation,0
<HtmL/+/ONPOIntEREntER+=+confirm()%0dx>,html_tag,0
<HtmL/+/ONPOIntEREntER+=+confirm()%0dx>,html_attribute,0
<HtmL/+/ONPOIntEREntER+=+confirm()%0dx>,html_text,0
<HtmL/+/ONPOIntEREntER+=+confirm()%0dx>,script_block,0
<HtmL/+/ONPOIntEREntER+=+confirm()%0dx>,comment,0
<HtmL/+/ONPOIntEREntER+=+confirm()%0dx>,url_href,0
<HtmL/+/ONPOIntEREntER+=+confirm()%0dx>,url_navigation,0
<d3v%09onPointErENtEr%0a=%0a[8].find(confirm)>v3dm0s,html_tag,1
<d3v%09onPointErENtEr%0a=%0a[8].find(confirm)>v3dm0s,html_attribute,0
<d3v%09onPointErENtEr%0a=%0a[8].find(confirm)>v3dm0s,html_text,1
<d3v%09onPointErENtEr%0a=%0a[8].find(confirm)>v3dm0s,script_block,0
<d3v%09onPointErENtEr%0a=%0a[8].find(confirm)>v3dm0s,comment,0
<d3v%09onPointErENtEr%0a=%0a[8].find(confirm)>v3dm0s,url_href,0
<d3v%09onPointErENtEr%0a=%0a[8].find(confirm)>v3dm0s,url_navigation,0
<htmL%0aONMoUseOvEr%09=%09(prompt)``%0dx>,html_tag,0
<htmL%0aONMoUseOvEr%09=%09(prompt)``%0dx>,html_attribute,0
<htmL%0aONMoUseOvEr%09=%09(prompt)``%0dx>,html_text,0
<htmL%0aONMoUseOvEr%09=%09(prompt)``%0dx>,script_block,0
<htmL%0aONMoUseOvEr%09=%09(prompt)``%0dx>,comment,0
<htmL%0aONMoUseOvEr%09=%09(prompt)``%0dx>,url_href,0
<htmL%0aONMoUseOvEr%09=%09(prompt)``%0dx>,url_navigation,0
"<HTmL%0aONmoUseOVer+=+a=prompt,a()%0dx//",html_tag,0
"<HTmL%0aONmoUseOVer+=+a=prompt,a()%0dx//",html_attribute,0
"<HTmL%0aONmoUseOVer+=+a=prompt,a()%0dx//",html_text,0
"<HTmL%0aONmoUseOVer+=+a=prompt,a()%0dx//",script_block,0
"<HTmL%0aONmoUseOVer+=+a=prompt,a()%0dx//",comment,0
"<HTmL%0aONmoUseOVer+=+a=prompt,a()%0dx//",url_href,0
"<HTmL%0aONmoUseOVer+=+a=prompt,a()%0dx//",url_navigation,0
<A%0aoNmouseOvER%09=%09[8].find(confirm)>v3dm0s,html_tag,1
<A%0aoNmouseOvER%09=%09[8].find(confirm)>v3dm0s,html_attribute,0
<A%0aoNmouseOvER%09=%09[8].find(confirm)>v3dm0s,html_text,1
<A%0aoNmouseOvER%09=%09[8].find(confirm)>v3dm0s,script_block,0
<A%0aoNmouseOvER%09=%09[8].find(confirm)>v3dm0s,comment,0
<A%0aoNmouseOvER%09=%09[8].find(confirm)>v3dm0s,url_href,0
<A%0aoNmouseOvER%09=%09[8].find(confirm)>v3dm0s,url_navigation,0
"<a%09onpoinTeReNTer%09=%09a=prompt,a()%0dx>v3dm0s",html_tag,1
"<a%09onpoinTeReNTer%09=%09a=prompt,a()%0dx>v3dm0s",html_attribute,0
"<a%09onpoinTeReNTer%09=%09a=prompt,a()%0dx>v3dm0s",html_text,1
"<a%09onpoinTeReNTer%09=%09a=prompt,a()%0dx>v3dm0s",script_block,0
"<a%09onpoinTeReNTer%09=%09a=prompt,a()%0dx>v3dm0s",comment,0
"<a%09onpoinTeReNTer%09=%09a=prompt,a()%0dx>v3dm0s",url_href,0
"<a%09onpoinTeReNTer%09=%09a=prompt,a()%0dx>v3dm0s",url_navigation,0
<d3V%0donPOiNtErENteR%0d=%0d[8].find(confirm)%0dx>v3dm0s,html_tag,1
<d3V%0donPOiNtErENteR%0d=%0d[8].find(confirm)%0dx>v3dm0s,html_attribute,0
<d3V%0donPOiNtErENteR%0d=%0d[8].find(confirm)%0dx>v3dm0s,html_text,1
<d3V%0donPOiNtErENteR%0d=%0d[8].find(confirm)%0dx>v3dm0s,script_block,0
<d3V%0donPOiNtErENteR%0d=%0d[8].find(confirm)%0dx>v3dm0s,comment,0
<d3V%0donPOiNtErENteR%0d=%0d[8].find(confirm)%0dx>v3dm0s,url_href,0
<d3V%0donPOiNtErENteR%0d=%0d[8].find(confirm)%0dx>v3dm0s,url_navigation,0
<a/+/OnPOINterEnTER+=+confirm()%0dx>v3dm0s,html_tag,0
<a/+/OnPOINterEnTER+=+confirm()%0dx>v3dm0s,html_attribute,0
<a/+/OnPOINterEnTER+=+confirm()%0dx>v3dm0s,html_text,0
<a/+/OnPOINterEnTER+=+confirm()%0dx>v3dm0s,script_block,0
<a/+/OnPOINterEnTER+=+confirm()%0dx>v3dm0s,comment,0
<a/+/OnPOINterEnTER+=+confirm()%0dx>v3dm0s,url_href,0
<a/+/OnPOINterEnTER+=+confirm()%0dx>v3dm0s,url_navigation,0
<Html/+/OnpoINteREnTEr%09=%09confirm()//,html_tag,0
<Html/+/OnpoINteREnTEr%09=%09confirm()//,html_attribute,0
<Html/+/OnpoINteREnTEr%09=%09confirm()//,html_text,0
<Html/+/OnpoINteREnTEr%09=%09confirm()//,script_block,0
<Html/+/OnpoINteREnTEr%09=%09confirm()//,comment,0
<Html/+/OnpoINteREnTEr%09=%09confirm()//,url_href,0
<Html/+/OnpoINteREnTEr%09=%09confirm()//,url_navigation,0
<a%0donMOUSeovEr%09=%09(prompt)``>v3dm0s,html_tag,1
<a%0donMOUSeovEr%09=%09(prompt)``>v3dm0s,html_attribute,0
<a%0donMOUSeovEr%09=%09(prompt)``>v3dm0s,html_text,1
<a%0donMOUSeovEr%09=%09(prompt)``>v3dm0s,script_block,0
<a%0donMOUSeovEr%09=%09(prompt)``>v3dm0s,comment,0
<a%0donMOUSeovEr%09=%09(prompt)``>v3dm0s,url_href,0
<a%0donMOUSeovEr%09=%09(prompt)``>v3dm0s,url_navigation,0
<A/+/onMOUSEover%0a=%0aconfirm()%0dx>v3dm0s,html_tag,1
<A/+/onMOUSEover%0a=%0aconfirm()%0dx>v3dm0s,html_attribute,0
<A/+/onMOUSEover%0a=%0aconfirm()%0dx>v3dm0s,html_text,1
<A/+/onMOUSEover%0a=%0aconfirm()%0dx>v3dm0s,script_block,0
<A/+/onMOUSEover%0a=%0aconfirm()%0dx>v3dm0s,comment,0
<A/+/onMOUSEover%0a=%0aconfirm()%0dx>v3dm0s,url_href,0
<A/+/onMOUSEover%0a=%0aconfirm()%0dx>v3dm0s,url_navigation,0
<detaILS%0aoNToggle%0d=%0d(prompt)``%0dx//,html_tag,0
<detaILS%0aoNToggle%0d=%0d(prompt)``%0dx//,html_attribute,0
<detaILS%0aoNToggle%0d=%0d(prompt)``%0dx//,html_text,0
<detaILS%0aoNToggle%0d=%0d(prompt)``%0dx//,script_block,0
<detaILS%0aoNToggle%0d=%0d(prompt)``%0dx//,comment,0
<detaILS%0aoNToggle%0d=%0d(prompt)``%0dx//,url_href,0
<detaILS%0aoNToggle%0d=%0d(prompt)``%0dx//,url_navigation,0
"<DeTaIlS%0doNPOIntErentER%09=%09a=prompt,a()%0dx>",html_tag,0
"<DeTaIlS%0doNPOIntErentER%09=%09a=prompt,a()%0dx>",html_attribute,0
"<DeTaIlS%0doNPOIntErentER%09=%09a=prompt,a()%0dx>",html_text,0
"<DeTaIlS%0doNPOIntErentER%09=%09a=prompt,a()%0dx>",script_block,0
"<DeTaIlS%0doNPOIntErentER%09=%09a=prompt,a()%0dx>",comment,0
"<DeTaIlS%0doNPOIntErentER%09=%09a=prompt,a()%0dx>",url_href,0
"<DeTaIlS%0doNPOIntErentER%09=%09a=prompt,a()%0dx>",url_navigation,0
<D3v%0aOnpOInterEnTer%09=%09(confirm)()%0dx>v3dm0s,html_tag,1
<D3v%0aOnpOInterEnTer%09=%09(confirm)()%0dx>v3dm0s,html_attribute,0
<D3v%0aOnpOInterEnTer%09=%09(confirm)()%0dx>v3dm0s,html_text,1
<D3v%0aOnpOInterEnTer%09=%09(confirm)()%0dx>v3dm0s,script_block,0
<D3v%0aOnpOInterEnTer%09=%09(confirm)()%0dx>v3dm0s,comment,0
<D3v%0aOnpOInterEnTer%09=%09(confirm)()%0dx>v3dm0s,url_href,0
<D3v%0aOnpOInterEnTer%09=%09(confirm)()%0dx>v3dm0s,url_navigation,0
<Details%0aoNtOggLE%09=%09[8].find(confirm)>,html_tag,0
<Details%0aoNtOggLE%09=%09[8].find(confirm)>,html_attribute,0
<Details%0aoNtOggLE%09=%09[8].find(confirm)>,html_text,0
<Details%0aoNtOggLE%09=%09[8].find(confirm)>,script_block,0
<Details%0aoNtOggLE%09=%09[8].find(confirm)>,comment,0
<Details%0aoNtOggLE%09=%09[8].find(confirm)>,url_href,0
<Details%0aoNtOggLE%09=%09[8].find(confirm)>,url_navigation,0
<htmL%09OnmouSeoVeR%0a=%0aconfirm()>,html_tag,0
<htmL%09OnmouSeoVeR%0a=%0aconfirm()>,html_attribute,0
<htmL%09OnmouSeoVeR%0a=%0aconfirm()>,html_text,0
<htmL%09OnmouSeoVeR%0a=%0aconfirm()>,script_block,0
<htmL%09OnmouSeoVeR%0a=%0aconfirm()>,comment,0
<htmL%09OnmouSeoVeR%0a=%0aconfirm()>,url_href,0
<htmL%09OnmouSeoVeR%0a=%0aconfirm()>,url_navigation,0
<A%0aoNMoUsEover%0a=%0aconfirm()%0dx>v3dm0s,html_tag,1
<A%0aoNMoUsEover%0a=%0aconfirm()%0dx>v3dm0s,html_attribute,0
<A%0aoNMoUsEover%0a=%0aconfirm()%0dx>v3dm0s,html_text,1
<A%0aoNMoUsEover%0a=%0aconfirm()%0dx>v3dm0s,script_block,0
<A%0aoNMoUsEover%0a=%0aconfirm()%0dx>v3dm0s,comment,0
<A%0aoNMoUsEover%0a=%0aconfirm()%0dx>v3dm0s,url_href,0
<A%0aoNMoUsEover%0a=%0aconfirm()%0dx>v3dm0s,url_navigation,0
<A%0aONMoUsEover%0a=%0aconfirm()%0dx>v3dm0s,html_tag,1
<A%0aONMoUsEover%0a=%0aconfirm()%0dx>v3dm0s,html_attribute,0
<A%0aONMoUsEover%0a=%0aconfirm()%0dx>v3dm0s,html_text,1
<A%0aONMoUsEover%0a=%0aconfirm()%0dx>v3dm0s,script_block,0
<A%0aONMoUsEover%0a=%0aconfirm()%0dx>v3dm0s,comment,0
<A%0aONMoUsEover%0a=%0aconfirm()%0dx>v3dm0s,url_href,0
<A%0aONMoUsEover%0a=%0aconfirm()%0dx>v3dm0s,url_navigation,0
"<d3v/+/oNpoiNtEReNTer+=+a=prompt,a()%0dx>v3dm0s",html_tag,0
"<d3v/+/oNpoiNtEReNTer+=+a=prompt,a()%0dx>v3dm0s",html_attribute,0
"<d3v/+/oNpoiNtEReNTer+=+a=prompt,a()%0dx>v3dm0s",html_text,0
"<d3v/+/oNpoiNtEReNTer+=+a=prompt,a()%0dx>v3dm0s",script_block,0
"<d3v/+/oNpoiNtEReNTer+=+a=prompt,a()%0dx>v3dm0s",comment,0
"<d3v/+/oNpoiNtEReNTer+=+a=prompt,a()%0dx>v3dm0s",url_href,0
"<d3v/+/oNpoiNtEReNTer+=+a=prompt,a()%0dx>v3dm0s",url_navigation,0
<HTmL%0dONmOuSEOveR%0a=%0aconfirm()%0dx>,html_tag,0
<HTmL%0dONmOuSEOveR%0a=%0aconfirm()%0dx>,html_attribute,0
<HTmL%0dONmOuSEOveR%0a=%0aconfirm()%0dx>,html_text,0
<HTmL%0dONmOuSEOveR%0a=%0aconfirm()%0dx>,script_block,0
<HTmL%0dONmOuSEOveR%0a=%0aconfirm()%0dx>,comment,0
<HTmL%0dONmOuSEOveR%0a=%0aconfirm()%0dx>,url_href,0
<HTmL%0dONmOuSEOveR%0a=%0aconfirm()%0dx>,url_navigation,0
<dEtails/+/ontoGgle+=+confirm()>,html_tag,0
<dEtails/+/ontoGgle+=+confirm()>,html_attribute,0
<dEtails/+/ontoGgle+=+confirm()>,html_text,0
<dEtails/+/ontoGgle+=+confirm()>,script_block,0
<dEtails/+/ontoGgle+=+confirm()>,comment,0
<dEtails/+/ontoGgle+=+confirm()>,url_href,0
<dEtails/+/ontoGgle+=+confirm()>,url_navigation,0
<d3V%0aonMoUseoVeR%0d=%0d(prompt)``>v3dm0s,html_tag,1
<d3V%0aonMoUseoVeR%0d=%0d(prompt)``>v3dm0s,html_attribute,0
<d3V%0aonMoUseoVeR%0d=%0d(prompt)``>v3dm0s,html_text,1
<d3V%0aonMoUseoVeR%0d=%0d(prompt)``>v3dm0s,script_block,0
<d3V%0aonMoUseoVeR%0d=%0d(prompt)``>v3dm0s,comment,0
<d3V%0aonMoUseoVeR%0d=%0d(prompt)``>v3dm0s,url_href,0
<d3V%0aonMoUseoVeR%0d=%0d(prompt)``>v3dm0s,url_navigation,0
"<HtMl%09OnMOUSeOVEr%0a=%0aa=prompt,a()>",html_tag,0
"<HtMl%09OnMOUSeOVEr%0a=%0aa=prompt,a()>",html_attribute,0
"<HtMl%09OnMOUSeOVEr%0a=%0aa=prompt,a()>",html_text,0
"<HtMl%09OnMOUSeOVEr%0a=%0aa=prompt,a()>",script_block,0
"<HtMl%09OnMOUSeOVEr%0a=%0aa=prompt,a()>",comment,0
"<HtMl%09OnMOUSeOVEr%0a=%0aa=prompt,a()>",url_href,0
"<HtMl%09OnMOUSeOVEr%0a=%0aa=prompt,a()>",url_navigation,0
<DetaILs%09oNPoINtErEnTer%0a=%0a(prompt)``%0dx//,html_tag,0
<DetaILs%09oNPoINtErEnTer%0a=%0a(prompt)``%0dx//,html_attribute,0
<DetaILs%09oNPoINtErEnTer%0a=%0a(prompt)``%0dx//,html_text,0
<DetaILs%09oNPoINtErEnTer%0a=%0a(prompt)``%0dx//,script_block,0
<DetaILs%09oNPoINtErEnTer%0a=%0a(prompt)``%0dx//,comment,0
<DetaILs%09oNPoINtErEnTer%0a=%0a(prompt)``%0dx//,url_href,0
<DetaILs%09oNPoINtErEnTer%0a=%0a(prompt)``%0dx//,url_navigation,0
<A%09onmOUSEoVer+=+confirm()>v3dm0s,html_tag,0
<A%09onmOUSEoVer+=+confirm()>v3dm0s,html_attribute,0
<A%09onmOUSEoVer+=+confirm()>v3dm0s,html_text,0
<A%09onmOUSEoVer+=+confirm()>v3dm0s,script_block,0
<A%09onmOUSEoVer+=+confirm()>v3dm0s,comment,0
<A%09onmOUSEoVer+=+confirm()>v3dm0s,url_href,0
<A%09onmOUSEoVer+=+confirm()>v3dm0s,url_navigation,0
<hTMl/+/ONMOusEovER%0a=%0a(confirm)()%0dx//,html_tag,0
<hTMl/+/ONMOusEovER%0a=%0a(confirm)()%0dx//,html_attribute,0
<hTMl/+/ONMOusEovER%0a=%0a(confirm)()%0dx//,html_text,0
<hTMl/+/ONMOusEovER%0a=%0a(confirm)()%0dx//,script_block,0
<hTMl/+/ONMOusEovER%0a=%0a(confirm)()%0dx//,comment,0
<hTMl/+/ONMOusEovER%0a=%0a(confirm)()%0dx//,url_href,0
<hTMl/+/ONMOusEovER%0a=%0a(confirm)()%0dx//,url_navigation,0
<a%09OnPOiNTEREntEr+=+[8].find(confirm)%0dx>v3dm0s,html_tag,0
<a%09OnPOiNTEREntEr+=+[8].find(confirm)%0dx>v3dm0s,html_attribute,0
<a%09OnPOiNTEREntEr+=+[8].find(confirm)%0dx>v3dm0s,html_text,0
<a%09OnPOiNTEREntEr+=+[8].find(confirm)%0dx>v3dm0s,script_block,0
<a%09OnPOiNTEREntEr+=+[8].find(confirm)%0dx>v3dm0s,comment,0
<a%09OnPOiNTEREntEr+=+[8].find(confirm)%0dx>v3dm0s,url_href,0
<a%09OnPOiNTEREntEr+=+[8].find(confirm)%0dx>v3dm0s,url_navigation,0
<DEtAiLS/+/ontOgGLe%0a=%0a(prompt)``>,html_tag,0
<DEtAiLS/+/ontOgGLe%0a=%0a(prompt)``>,html_attribute,0
<DEtAiLS/+/ontOgGLe%0a=%0a(prompt)``>,html_text,0
<DEtAiLS/+/ontOgGLe%0a=%0a(prompt)``>,script_block,0
<DEtAiLS/+/ontOgGLe%0a=%0a(prompt)``>,comment,0
<DEtAiLS/+/ontOgGLe%0a=%0a(prompt)``>,url_href,0
<DEtAiLS/+/ontOgGLe%0a=%0a(prompt)``>,url_navigation,0
"<d3v%0donpOinteRENtER%09=%09a=prompt,a()%0dx>v3dm0s",html_tag,1
"<d3v%0donpOinteRENtER%09=%09a=prompt,a()%0dx>v3dm0s",html_attribute,0
"<d3v%0donpOinteRENtER%09=%09a=prompt,a()%0dx>v3dm0s",html_text,1
"<d3v%0donpOinteRENtER%09=%09a=prompt,a()%0dx>v3dm0s",script_block,0
"<d3v%0donpOinteRENtER%09=%09a=prompt,a()%0dx>v3dm0s",comment,0
"<d3v%0donpOinteRENtER%09=%09a=prompt,a()%0dx>v3dm0s",url_href,0
"<d3v%0donpOinteRENtER%09=%09a=prompt,a()%0dx>v3dm0s",url_navigation,0
"<DeTaILS%0donpoINtERENtER%0d=%0da=prompt,a()%0dx>",html_tag,0
"<DeTaILS%0donpoINtERENtER%0d=%0da=prompt,a()%0dx>",html_attribute,0
"<DeTaILS%0donpoINtERENtER%0d=%0da=prompt,a()%0dx>",html_text,0
"<DeTaILS%0donpoINtERENtER%0d=%0da=prompt,a()%0dx>",script_block,0
"<DeTaILS%0donpoINtERENtER%0d=%0da=prompt,a()%0dx>",comment,0
"<DeTaILS%0donpoINtERENtER%0d=%0da=prompt,a()%0dx>",url_href,0
"<DeTaILS%0donpoINtERENtER%0d=%0da=prompt,a()%0dx>",url_navigation,0
<d3V%0doNpoiNteRenTeR+=+(prompt)``>v3dm0s,html_tag,0
<d3V%0doNpoiNteRenTeR+=+(prompt)``>v3dm0s,html_attribute,0
<d3V%0doNpoiNteRenTeR+=+(prompt)``>v3dm0s,html_text,0
<d3V%0doNpoiNteRenTeR+=+(prompt)``>v3dm0s,script_block,0
<d3V%0doNpoiNteRenTeR+=+(prompt)``>v3dm0s,comment,0
<d3V%0doNpoiNteRenTeR+=+(prompt)``>v3dm0s,url_href,0
<d3V%0doNpoiNteRenTeR+=+(prompt)``>v3dm0s,url_navigation,0
<Details%0aOnPOInTErEnteR%0d=%0d(prompt)``%0dx//,html_tag,0
<Details%0aOnPOInTErEnteR%0d=%0d(prompt)``%0dx//,html_attribute,0
<Details%0aOnPOInTErEnteR%0d=%0d(prompt)``%0dx//,html_text,0
<Details%0aOnPOInTErEnteR%0d=%0d(prompt)``%0dx//,script_block,0
<Details%0aOnPOInTErEnteR%0d=%0d(prompt)``%0dx//,comment,0
<Details%0aOnPOInTErEnteR%0d=%0d(prompt)``%0dx//,url_href,0
<Details%0aOnPOInTErEnteR%0d=%0d(prompt)``%0dx//,url_navigation,0
<A%0aOnmOuseOVer%0a=%0a(confirm)()>v3dm0s,html_tag,1
<A%0aOnmOuseOVer%0a=%0a(confirm)()>v3dm0s,html_attribute,0
<A%0aOnmOuseOVer%0a=%0a(confirm)()>v3dm0s,html_text,1
<A%0aOnmOuseOVer%0a=%0a(confirm)()>v3dm0s,script_block,0
<A%0aOnmOuseOVer%0a=%0a(confirm)()>v3dm0s,comment,0
<A%0aOnmOuseOVer%0a=%0a(confirm)()>v3dm0s,url_href,0
<A%0aOnmOuseOVer%0a=%0a(confirm)()>v3dm0s,url_navigation,0
<a%09OnMouSEoVer%0d=%0d(confirm)()>v3dm0s,html_tag,1
<a%09OnMouSEoVer%0d=%0d(confirm)()>v3dm0s,html_attribute,0
<a%09OnMouSEoVer%0d=%0d(confirm)()>v3dm0s,html_text,1
<a%09OnMouSEoVer%0d=%0d(confirm)()>v3dm0s,script_block,0
<a%09OnMouSEoVer%0d=%0d(confirm)()>v3dm0s,comment,0
<a%09OnMouSEoVer%0d=%0d(confirm)()>v3dm0s,url_href,0
<a%09OnMouSEoVer%0d=%0d(confirm)()>v3dm0s,url_navigation,0
<D3v/+/OnpoINteRenTer%09=%09(confirm)()%0dx>v3dm0s,html_tag,1
<D3v/+/OnpoINteRenTer%09=%09(confirm)()%0dx>v3dm0s,html_attribute,0
<D3v/+/OnpoINteRenTer%09=%09(confirm)()%0dx>v3dm0s,html_text,1
<D3v/+/OnpoINteRenTer%09=%09(confirm)()%0dx>v3dm0s,script_block,0
<D3v/+/OnpoINteRenTer%09=%09(confirm)()%0dx>v3dm0s,comment,0
<D3v/+/OnpoINteRenTer%09=%09(confirm)()%0dx>v3dm0s,url_href,0
<D3v/+/OnpoINteRenTer%09=%09(confirm)()%0dx>v3dm0s,url_navigation,0
<D3V%0aOnMOuSeOVEr%09=%09(confirm)()%0dx>v3dm0s,html_tag,1
<D3V%0aOnMOuSeOVEr%09=%09(confirm)()%0dx>v3dm0s,html_attribute,0
<D3V%0aOnMOuSeOVEr%09=%09(confirm)()%0dx>v3dm0s,html_text,1
<D3V%0aOnMOuSeOVEr%09=%09(confirm)()%0dx>v3dm0s,script_block,0
<D3V%0aOnMOuSeOVEr%09=%09(confirm)()%0dx>v3dm0s,comment,0
<D3V%0aOnMOuSeOVEr%09=%09(confirm)()%0dx>v3dm0s,url_href,0
<D3V%0aOnMOuSeOVEr%09=%09(confirm)()%0dx>v3dm0s,url_navigation,0
<HTml%0aonmOUseOvER%0d=%0dconfirm()//,html_tag,0
<HTml%0aonmOUseOvER%0d=%0dconfirm()//,html_attribute,0
<HTml%0aonmOUseOvER%0d=%0dconfirm()//,html_text,0
<HTml%0aonmOUseOvER%0d=%0dconfirm()//,script_block,0
<HTml%0aonmOUseOvER%0d=%0dconfirm()//,comment,0
<HTml%0aonmOUseOvER%0d=%0dconfirm()//,url_href,0
<HTml%0aonmOUseOvER%0d=%0dconfirm()//,url_navigation,0
<DETaiLS%0dontOGglE%0d=%0d(confirm)()%0dx>,html_tag,0
<DETaiLS%0dontOGglE%0d=%0d(confirm)()%0dx>,html_attribute,0
<DETaiLS%0dontOGglE%0d=%0d(confirm)()%0dx>,html_text,0
<DETaiLS%0dontOGglE%0d=%0d(confirm)()%0dx>,script_block,0
<DETaiLS%0dontOGglE%0d=%0d(confirm)()%0dx>,comment,0
<DETaiLS%0dontOGglE%0d=%0d(confirm)()%0dx>,url_href,0
<DETaiLS%0dontOGglE%0d=%0d(confirm)()%0dx>,url_navigation,0
<d3v/+/oNpoinTereNTeR+=+[8].find(confirm)>v3dm0s,html_tag,0
<d3v/+/oNpoinTereNTeR+=+[8].find(confirm)>v3dm0s,html_attribute,0
<d3v/+/oNpoinTereNTeR+=+[8].find(confirm)>v3dm0s,html_text,0
<d3v/+/oNpoinTereNTeR+=+[8].find(confirm)>v3dm0s,script_block,0
<d3v/+/oNpoinTereNTeR+=+[8].find(confirm)>v3dm0s,comment,0
<d3v/+/oNpoinTereNTeR+=+[8].find(confirm)>v3dm0s,url_href,0
<d3v/+/oNpoinTereNTeR+=+[8].find(confirm)>v3dm0s,url_navigation,0
<D3v%09oNMOusEoVeR%0a=%0a[8].find(confirm)>v3dm0s,html_tag,1
<D3v%09oNMOusEoVeR%0a=%0a[8].find(confirm)>v3dm0s,html_attribute,0
<D3v%09oNMOusEoVeR%0a=%0a[8].find(confirm)>v3dm0s,html_text,1
<D3v%09oNMOusEoVeR%0a=%0a[8].find(confirm)>v3dm0s,script_block,0
<D3v%09oNMOusEoVeR%0a=%0a[8].find(confirm)>v3dm0s,comment,0
<D3v%09oNMOusEoVeR%0a=%0a[8].find(confirm)>v3dm0s,url_href,0
<D3v%09oNMOusEoVeR%0a=%0a[8].find(confirm)>v3dm0s,url_navigation,0
<D3V%0aonMousEOvER+=+confirm()>v3dm0s,html_tag,0
<D3V%0aonMousEOvER+=+confirm()>v3dm0s,html_attribute,0
<D3V%0aonMousEOvER+=+confirm()>v3dm0s,html_text,0
<D3V%0aonMousEOvER+=+confirm()>v3dm0s,script_block,0
<D3V%0aonMousEOvER+=+confirm()>v3dm0s,comment,0
<D3V%0aonMousEOvER+=+confirm()>v3dm0s,url_href,0
<D3V%0aonMousEOvER+=+confirm()>v3dm0s,url_navigation,0
<a/+/ONmOusEoVEr%0d=%0dconfirm()>v3dm0s,html_tag,1
<a/+/ONmOusEoVEr%0d=%0dconfirm()>v3dm0s,html_attribute,0
<a/+/ONmOusEoVEr%0d=%0dconfirm()>v3dm0s,html_text,1
<a/+/ONmOusEoVEr%0d=%0dconfirm()>v3dm0s,script_block,0
<a/+/ONmOusEoVEr%0d=%0dconfirm()>v3dm0s,comment,0
<a/+/ONmOusEoVEr%0d=%0dconfirm()>v3dm0s,url_href,0
<a/+/ONmOusEoVEr%0d=%0dconfirm()>v3dm0s,url_navigation,0
<dEtAIls%0aoNpOinTERentEr%0d=%0d[8].find(confirm)//,html_tag,0
<dEtAIls%0aoNpOinTERentEr%0d=%0d[8].find(confirm)//,html_attribute,0
<dEtAIls%0aoNpOinTERentEr%0d=%0d[8].find(confirm)//,html_text,0
<dEtAIls%0aoNpOinTERentEr%0d=%0d[8].find(confirm)//,script_block,0
<dEtAIls%0aoNpOinTERentEr%0d=%0d[8].find(confirm)//,comment,0
<dEtAIls%0aoNpOinTERentEr%0d=%0d[8].find(confirm)//,url_href,0
<dEtAIls%0aoNpOinTERentEr%0d=%0d[8].find(confirm)//,url_navigation,0
"<HtMl%09ONpoInTeREnter+=+a=prompt,a()%0dx>",html_tag,0
"<HtMl%09ONpoInTeREnter+=+a=prompt,a()%0dx>",html_attribute,0
"<HtMl%09ONpoInTeREnter+=+a=prompt,a()%0dx>",html_text,0
"<HtMl%09ONpoInTeREnter+=+a=prompt,a()%0dx>",script_block,0
"<HtMl%09ONpoInTeREnter+=+a=prompt,a()%0dx>",comment,0
"<HtMl%09ONpoInTeREnter+=+a=prompt,a()%0dx>",url_href,0
"<HtMl%09ONpoInTeREnter+=+a=prompt,a()%0dx>",url_navigation,0
<D3V%09oNpoINteREnter%0a=%0aconfirm()>v3dm0s,html_tag,1
<D3V%09oNpoINteREnter%0a=%0aconfirm()>v3dm0s,html_attribute,0
<D3V%09oNpoINteREnter%0a=%0aconfirm()>v3dm0s,html_text,1
<D3V%09oNpoINteREnter%0a=%0aconfirm()>v3dm0s,script_block,0
<D3V%09oNpoINteREnter%0a=%0aconfirm()>v3dm0s,comment,0
<D3V%09oNpoINteREnter%0a=%0aconfirm()>v3dm0s,url_href,0
<D3V%09oNpoINteREnter%0a=%0aconfirm()>v3dm0s,url_navigation,0
<dEtAIlS%0aoNtOgGlE%0d=%0dconfirm()>,html_tag,0
<dEtAIlS%0aoNtOgGlE%0d=%0dconfirm()>,html_attribute,0
<dEtAIlS%0aoNtOgGlE%0d=%0dconfirm()>,html_text,0
<dEtAIlS%0aoNtOgGlE%0d=%0dconfirm()>,script_block,0
<dEtAIlS%0aoNtOgGlE%0d=%0dconfirm()>,comment,0
<dEtAIlS%0aoNtOgGlE%0d=%0dconfirm()>,url_href,0
<dEtAIlS%0aoNtOgGlE%0d=%0dconfirm()>,url_navigation,0
<dETAILs/+/onTogGLE%09=%09(prompt)``>,html_tag,0
<dETAILs/+/onTogGLE%09=%09(prompt)``>,html_attribute,0
<dETAILs/+/onTogGLE%09=%09(prompt)``>,html_text,0
<dETAILs/+/onTogGLE%09=%09(prompt)``>,script_block,0
<dETAILs/+/onTogGLE%09=%09(prompt)``>,comment,0
<dETAILs/+/onTogGLE%09=%09(prompt)``>,url_href,0
<dETAILs/+/onTogGLE%09=%09(prompt)``>,url_navigation,0
<hTml%0aOnMOUSEOVER%09=%09confirm()//,html_tag,0
<hTml%0aOnMOUSEOVER%09=%09confirm()//,html_attribute,0
<hTml%0aOnMOUSEOVER%09=%09confirm()//,html_text,0
<hTml%0aOnMOUSEOVER%09=%09confirm()//,script_block,0
<hTml%0aOnMOUSEOVER%09=%09confirm()//,comment,0
<hTml%0aOnMOUSEOVER%09=%09confirm()//,url_href,0
<hTml%0aOnMOUSEOVER%09=%09confirm()//,url_navigation,0
"<a%0aOnPointeREnTeR%0d=%0da=prompt,a()%0dx>v3dm0s",html_tag,1
"<a%0aOnPointeREnTeR%0d=%0da=prompt,a()%0dx>v3dm0s",html_attribute,0
"<a%0aOnPointeREnTeR%0d=%0da=prompt,a()%0dx>v3dm0s",html_text,1
"<a%0aOnPointeREnTeR%0d=%0da=prompt,a()%0dx>v3dm0s",script_block,0
"<a%0aOnPointeREnTeR%0d=%0da=prompt,a()%0dx>v3dm0s",comment,0
"<a%0aOnPointeREnTeR%0d=%0da=prompt,a()%0dx>v3dm0s",url_href,0
"<a%0aOnPointeREnTeR%0d=%0da=prompt,a()%0dx>v3dm0s",url_navigation,0
"<DetAILS%09oNtOgglE%09=%09a=prompt,a()%0dx>",html_tag,0
"<DetAILS%09oNtOgglE%09=%09a=prompt,a()%0dx>",html_attribute,0
"<DetAILS%09oNtOgglE%09=%09a=prompt,a()%0dx>",html_text,0
"<DetAILS%09oNtOgglE%09=%09a=prompt,a()%0dx>",script_block,0
"<DetAILS%09oNtOgglE%09=%09a=prompt,a()%0dx>",comment,0
"<DetAILS%09oNtOgglE%09=%09a=prompt,a()%0dx>",url_href,0
"<DetAILS%09oNtOgglE%09=%09a=prompt,a()%0dx>",url_navigation,0
<dETaILS%0doNpOinterenTeR+=+[8].find(confirm)%0dx//,html_tag,0
<dETaILS%0doNpOinterenTeR+=+[8].find(confirm)%0dx//,html_attribute,0
<dETaILS%0doNpOinterenTeR+=+[8].find(confirm)%0dx//,html_text,0
<dETaILS%0doNpOinterenTeR+=+[8].find(confirm)%0dx//,script_block,0
<dETaILS%0doNpOinterenTeR+=+[8].find(confirm)%0dx//,comment,0
<dETaILS%0doNpOinterenTeR+=+[8].find(confirm)%0dx//,url_href,0
<dETaILS%0doNpOinterenTeR+=+[8].find(confirm)%0dx//,url_navigation,0
<D3v/+/onMoUseOvER%0d=%0dconfirm()>v3dm0s,html_tag,1
<D3v/+/onMoUseOvER%0d=%0dconfirm()>v3dm0s,html_attribute,0
<D3v/+/onMoUseOvER%0d=%0dconfirm()>v3dm0s,html_text,1
<D3v/+/onMoUseOvER%0d=%0dconfirm()>v3dm0s,script_block,0
<D3v/+/onMoUseOvER%0d=%0dconfirm()>v3dm0s,comment,0
<D3v/+/onMoUseOvER%0d=%0dconfirm()>v3dm0s,url_href,0
<D3v/+/onMoUseOvER%0d=%0dconfirm()>v3dm0s,url_navigation,0
<d3v%0dOnPOINtErenTEr%0d=%0dconfirm()>v3dm0s,html_tag,1
<d3v%0dOnPOINtErenTEr%0d=%0dconfirm()>v3dm0s,html_attribute,0
<d3v%0dOnPOINtErenTEr%0d=%0dconfirm()>v3dm0s,html_text,1
<d3v%0dOnPOINtErenTEr%0d=%0dconfirm()>v3dm0s,script_block,0
<d3v%0dOnPOINtErenTEr%0d=%0dconfirm()>v3dm0s,comment,0
<d3v%0dOnPOINtErenTEr%0d=%0dconfirm()>v3dm0s,url_href,0
<d3v%0dOnPOINtErenTEr%0d=%0dconfirm()>v3dm0s,url_navigation,0
"<dEtaILS/+/oNtogGlE%0d=%0da=prompt,a()%0dx>",html_tag,0
"<dEtaILS/+/oNtogGlE%0d=%0da=prompt,a()%0dx>",html_attribute,0
"<dEtaILS/+/oNtogGlE%0d=%0da=prompt,a()%0dx>",html_text,0
"<dEtaILS/+/oNtogGlE%0d=%0da=prompt,a()%0dx>",script_block,0
"<dEtaILS/+/oNtogGlE%0d=%0da=prompt,a()%0dx>",comment,0
"<dEtaILS/+/oNtogGlE%0d=%0da=prompt,a()%0dx>",url_href,0
"<dEtaILS/+/oNtogGlE%0d=%0da=prompt,a()%0dx>",url_navigation,0
<d3v%0dONpOINteRENTER%0a=%0a[8].find(confirm)>v3dm0s,html_tag,1
<d3v%0dONpOINteRENTER%0a=%0a[8].find(confirm)>v3dm0s,html_attribute,0
<d3v%0dONpOINteRENTER%0a=%0a[8].find(confirm)>v3dm0s,html_text,1
<d3v%0dONpOINteRENTER%0a=%0a[8].find(confirm)>v3dm0s,script_block,0
<d3v%0dONpOINteRENTER%0a=%0a[8].find(confirm)>v3dm0s,comment,0
<d3v%0dONpOINteRENTER%0a=%0a[8].find(confirm)>v3dm0s,url_href,0
<d3v%0dONpOINteRENTER%0a=%0a[8].find(confirm)>v3dm0s,url_navigation,0
<htML%0dOnMOuSEovER%0a=%0a(confirm)()>,html_tag,0
<htML%0dOnMOuSEovER%0a=%0a(confirm)()>,html_attribute,0
<htML%0dOnMOuSEovER%0a=%0a(confirm)()>,html_text,0
<htML%0dOnMOuSEovER%0a=%0a(confirm)()>,script_block,0
<htML%0dOnMOuSEovER%0a=%0a(confirm)()>,comment,0
<htML%0dOnMOuSEovER%0a=%0a(confirm)()>,url_href,0
<htML%0dOnMOuSEovER%0a=%0a(confirm)()>,url_navigation,0
<D3v%0doNMOuSEovER%0d=%0dconfirm()%0dx>v3dm0s,html_tag,1
<D3v%0doNMOuSEovER%0d=%0dconfirm()%0dx>v3dm0s,html_attribute,0
<D3v%0doNMOuSEovER%0d=%0dconfirm()%0dx>v3dm0s,html_text,1
<D3v%0doNMOuSEovER%0d=%0dconfirm()%0dx>v3dm0s,script_block,0
<D3v%0doNMOuSEovER%0d=%0dconfirm()%0dx>v3dm0s,comment,0
<D3v%0doNMOuSEovER%0d=%0dconfirm()%0dx>v3dm0s,url_href,0
<D3v%0doNMOuSEovER%0d=%0dconfirm()%0dx>v3dm0s,url_navigation,0
<HtML%0aoNMOUSeoVEr%0a=%0aconfirm()%0dx>,html_tag,0
<HtML%0aoNMOUSeoVEr%0a=%0aconfirm()%0dx>,html_attribute,0
<HtML%0aoNMOUSeoVEr%0a=%0aconfirm()%0dx>,html_text,0
<HtML%0aoNMOUSeoVEr%0a=%0aconfirm()%0dx>,script_block,0
<HtML%0aoNMOUSeoVEr%0a=%0aconfirm()%0dx>,comment,0
<HtML%0aoNMOUSeoVEr%0a=%0aconfirm()%0dx>,url_href,0
<HtML%0aoNMOUSeoVEr%0a=%0aconfirm()%0dx>,url_navigation,0
<d3V%09OnMOusEOVER+=+[8].find(confirm)>v3dm0s,html_tag,0
<d3V%09OnMOusEOVER+=+[8].find(confirm)>v3dm0s,html_attribute,0
<d3V%09OnMOusEOVER+=+[8].find(confirm)>v3dm0s,html_text,0
<d3V%09OnMOusEOVER+=+[8].find(confirm)>v3dm0s,script_block,0
<d3V%09OnMOusEOVER+=+[8].find(confirm)>v3dm0s,comment,0
<d3V%09OnMOusEOVER+=+[8].find(confirm)>v3dm0s,url_href,0
<d3V%09OnMOusEOVER+=+[8].find(confirm)>v3dm0s,url_navigation,0
<html%09oNPOintErENtER%0d=%0d(confirm)()%0dx>,html_tag,0
<html%09oNPOintErENtER%0d=%0d(confirm)()%0dx>,html_attribute,0
<html%09oNPOintErENtER%0d=%0d(confirm)()%0dx>,html_text,0
<html%09oNPOintErENtER%0d=%0d(confirm)()%0dx>,script_block,0
<html%09oNPOintErENtER%0d=%0d(confirm)()%0dx>,comment,0
<html%09oNPOintErENtER%0d=%0d(confirm)()%0dx>,url_href,0
<html%09oNPOintErENtER%0d=%0d(confirm)()%0dx>,url_navigation,0
<a/+/onMOuSeOVeR%09=%09confirm()%0dx>v3dm0s,html_tag,1
<a/+/onMOuSeOVeR%09=%09confirm()%0dx>v3dm0s,html_attribute,0
<a/+/onMOuSeOVeR%09=%09confirm()%0dx>v3dm0s,html_text,1
<a/+/onMOuSeOVeR%09=%09confirm()%0dx>v3dm0s,script_block,0
<a/+/onMOuSeOVeR%09=%09confirm()%0dx>v3dm0s,comment,0
<a/+/onMOuSeOVeR%09=%09confirm()%0dx>v3dm0s,url_href,0
<a/+/onMOuSeOVeR%09=%09confirm()%0dx>v3dm0s,url_navigation,0
<dEtaiLs/+/onpOiNTeREnTER+=+[8].find(confirm)//,html_tag,0
<dEtaiLs/+/onpOiNTeREnTER+=+[8].find(confirm)//,html_attribute,0
<dEtaiLs/+/onpOiNTeREnTER+=+[8].find(confirm)//,html_text,0
<dEtaiLs/+/onpOiNTeREnTER+=+[8].find(confirm)//,script_block,0
<dEtaiLs/+/onpOiNTeREnTER+=+[8].find(confirm)//,comment,0
<dEtaiLs/+/onpOiNTeREnTER+=+[8].find(confirm)//,url_href,0
<dEtaiLs/+/onpOiNTeREnTER+=+[8].find(confirm)//,url_navigation,0
<A%0aONMouseOVEr+=+confirm()>v3dm0s,html_tag,0
<A%0aONMouseOVEr+=+confirm()>v3dm0s,html_attribute,0
<A%0aONMouseOVEr+=+confirm()>v3dm0s,html_text,0
<A%0aONMouseOVEr+=+confirm()>v3dm0s,script_block,0
<A%0aONMouseOVEr+=+confirm()>v3dm0s,comment,0
<A%0aONMouseOVEr+=+confirm()>v3dm0s,url_href,0
<A%0aONMouseOVEr+=+confirm()>v3dm0s,url_navigation,0
<A%09ONMOuSeOVeR%09=%09(confirm)()>v3dm0s,html_tag,1
<A%09ONMOuSeOVeR%09=%09(confirm)()>v3dm0s,html_attribute,0
<A%09ONMOuSeOVeR%09=%09(confirm)()>v3dm0s,html_text,1
<A%09ONMOuSeOVeR%09=%09(confirm)()>v3dm0s,script_block,0
<A%09ONMOuSeOVeR%09=%09(confirm)()>v3dm0s,comment,0
<A%09ONMOuSeOVeR%09=%09(confirm)()>v3dm0s,url_href,0
<A%09ONMOuSeOVeR%09=%09(confirm)()>v3dm0s,url_navigation,0
<HTml%0aonmoUseOver%0d=%0dconfirm()%0dx//,html_tag,0
<HTml%0aonmoUseOver%0d=%0dconfirm()%0dx//,html_attribute,0
<HTml%0aonmoUseOver%0d=%0dconfirm()%0dx//,html_text,0
<HTml%0aonmoUseOver%0d=%0dconfirm()%0dx//,script_block,0
<HTml%0aonmoUseOver%0d=%0dconfirm()%0dx//,comment,0
<HTml%0aonmoUseOver%0d=%0dconfirm()%0dx//,url_href,0
<HTml%0aonmoUseOver%0d=%0dconfirm()%0dx//,url_navigation,0
<HTmL%09OnmouseovEr%0a=%0a[8].find(confirm)>,html_tag,0
<HTmL%09OnmouseovEr%0a=%0a[8].find(confirm)>,html_attribute,0
<HTmL%09OnmouseovEr%0a=%0a[8].find(confirm)>,html_text,0
<HTmL%09OnmouseovEr%0a=%0a[8].find(confirm)>,script_block,0
<HTmL%09OnmouseovEr%0a=%0a[8].find(confirm)>,comment,0
<HTmL%09OnmouseovEr%0a=%0a[8].find(confirm)>,url_href,0
<HTmL%09OnmouseovEr%0a=%0a[8].find(confirm)>,url_navigation,0
<a%0aONpoInteRENTER%09=%09(confirm)()>v3dm0s,html_tag,1
<a%0aONpoInteRENTER%09=%09(confirm)()>v3dm0s,html_attribute,0
<a%0aONpoInteRENTER%09=%09(confirm)()>v3dm0s,html_text,1
<a%0aONpoInteRENTER%09=%09(confirm)()>v3dm0s,script_block,0
<a%0aONpoInteRENTER%09=%09(confirm)()>v3dm0s,comment,0
<a%0aONpoInteRENTER%09=%09(confirm)()>v3dm0s,url_href,0
<a%0aONpoInteRENTER%09=%09(confirm)()>v3dm0s,url_navigation,0
<d3V/+/ONPOiNteReNTER%0d=%0d(prompt)``%0dx>v3dm0s,html_tag,1
<d3V/+/ONPOiNteReNTER%0d=%0d(prompt)``%0dx>v3dm0s,html_attribute,0
<d3V/+/ONPOiNteReNTER%0d=%0d(prompt)``%0dx>v3dm0s,html_text,1
<d3V/+/ONPOiNteReNTER%0d=%0d(prompt)``%0dx>v3dm0s,script_block,0
<d3V/+/ONPOiNteReNTER%0d=%0d(prompt)``%0dx>v3dm0s,comment,0
<d3V/+/ONPOiNteReNTER%0d=%0d(prompt)``%0dx>v3dm0s,url_href,0
<d3V/+/ONPOiNteReNTER%0d=%0d(prompt)``%0dx>v3dm0s,url_navigation,0
<D3v%0aOnMoUseover+=+(prompt)``%0dx>v3dm0s,html_tag,0
<D3v%0aOnMoUseover+=+(prompt)``%0dx>v3dm0s,html_attribute,0
<D3v%0aOnMoUseover+=+(prompt)``%0dx>v3dm0s,html_text,0
<D3v%0aOnMoUseover+=+(prompt)``%0dx>v3dm0s,script_block,0
<D3v%0aOnMoUseover+=+(prompt)``%0dx>v3dm0s,comment,0
<D3v%0aOnMoUseover+=+(prompt)``%0dx>v3dm0s,url_href,0
<D3v%0aOnMoUseover+=+(prompt)``%0dx>v3dm0s,url_navigation,0
"<DEtAILS/+/onToGGLE+=+a=prompt,a()%0dx>",html_tag,0
"<DEtAILS/+/onToGGLE+=+a=prompt,a()%0dx>",html_attribute,0
"<DEtAILS/+/onToGGLE+=+a=prompt,a()%0dx>",html_text,0
"<DEtAILS/+/onToGGLE+=+a=prompt,a()%0dx>",script_block,0
"<DEtAILS/+/onToGGLE+=+a=prompt,a()%0dx>",comment,0
"<DEtAILS/+/onToGGLE+=+a=prompt,a()%0dx>",url_href,0
"<DEtAILS/+/onToGGLE+=+a=prompt,a()%0dx>",url_navigation,0
<A/+/OnMOUsEOVER%0a=%0a[8].find(confirm)>v3dm0s,html_tag,1
<A/+/OnMOUsEOVER%0a=%0a[8].find(confirm)>v3dm0s,html_attribute,0
<A/+/OnMOUsEOVER%0a=%0a[8].find(confirm)>v3dm0s,html_text,1
<A/+/OnMOUsEOVER%0a=%0a[8].find(confirm)>v3dm0s,script_block,0
<A/+/OnMOUsEOVER%0a=%0a[8].find(confirm)>v3dm0s,comment,0
<A/+/OnMOUsEOVER%0a=%0a[8].find(confirm)>v3dm0s,url_href,0
<A/+/OnMOUsEOVER%0a=%0a[8].find(confirm)>v3dm0s,url_navigation,0
<hTML/+/OnMouSEOvER%0d=%0dconfirm()//,html_tag,0
<hTML/+/OnMouSEOvER%0d=%0dconfirm()//,html_attribute,0
<hTML/+/OnMouSEOvER%0d=%0dconfirm()//,html_text,0
<hTML/+/OnMouSEOvER%0d=%0dconfirm()//,script_block,0
<hTML/+/OnMouSEOvER%0d=%0dconfirm()//,comment,0
<hTML/+/OnMouSEOvER%0d=%0dconfirm()//,url_href,0
<hTML/+/OnMouSEOvER%0d=%0dconfirm()//,url_navigation,0
<HTml%09OnPoIntereNTEr+=+[8].find(confirm)>,html_tag,0
<HTml%09OnPoIntereNTEr+=+[8].find(confirm)>,html_attribute,0
<HTml%09OnPoIntereNTEr+=+[8].find(confirm)>,html_text,0
<HTml%09OnPoIntereNTEr+=+[8].find(confirm)>,script_block,0
<HTml%09OnPoIntereNTEr+=+[8].find(confirm)>,comment,0
<HTml%09OnPoIntereNTEr+=+[8].find(confirm)>,url_href,0
<HTml%09OnPoIntereNTEr+=+[8].find(confirm)>,url_navigation,0
"<d3v/+/onMOuSeOVer%09=%09a=prompt,a()%0dx>v3dm0s",html_tag,1
"<d3v/+/onMOuSeOVer%09=%09a=prompt,a()%0dx>v3dm0s",html_attribute,0
"<d3v/+/onMOuSeOVer%09=%09a=prompt,a()%0dx>v3dm0s",html_text,1
"<d3v/+/onMOuSeOVer%09=%09a=prompt,a()%0dx>v3dm0s",script_block,0
"<d3v/+/onMOuSeOVer%09=%09a=prompt,a()%0dx>v3dm0s",comment,0
"<d3v/+/onMOuSeOVer%09=%09a=prompt,a()%0dx>v3dm0s",url_href,0
"<d3v/+/onMOuSeOVer%09=%09a=prompt,a()%0dx>v3dm0s",url_navigation,0
<hTml/+/oNPOIntErENTER%09=%09[8].find(confirm)//,html_tag,0
<hTml/+/oNPOIntErENTER%09=%09[8].find(confirm)//,html_attribute,0
<hTml/+/oNPOIntErENTER%09=%09[8].find(confirm)//,html_text,0
<hTml/+/oNPOIntErENTER%09=%09[8].find(confirm)//,script_block,0
<hTml/+/oNPOIntErENTER%09=%09[8].find(confirm)//,comment,0
<hTml/+/oNPOIntErENTER%09=%09[8].find(confirm)//,url_href,0
<hTml/+/oNPOIntErENTER%09=%09[8].find(confirm)//,url_navigation,0
<deTAILS/+/onTOGGle%0a=%0a[8].find(confirm)%0dx>,html_tag,0
<deTAILS/+/onTOGGle%0a=%0a[8].find(confirm)%0dx>,html_attribute,0
<deTAILS/+/onTOGGle%0a=%0a[8].find(confirm)%0dx>,html_text,0
<deTAILS/+/onTOGGle%0a=%0a[8].find(confirm)%0dx>,script_block,0
<deTAILS/+/onTOGGle%0a=%0a[8].find(confirm)%0dx>,comment,0
<deTAILS/+/onTOGGle%0a=%0a[8].find(confirm)%0dx>,url_href,0
<deTAILS/+/onTOGGle%0a=%0a[8].find(confirm)%0dx>,url_navigation,0
<A/+/ONmOUseOVEr%0a=%0a(prompt)``>v3dm0s,html_tag,1
<A/+/ONmOUseOVEr%0a=%0a(prompt)``>v3dm0s,html_attribute,0
<A/+/ONmOUseOVEr%0a=%0a(prompt)``>v3dm0s,html_text,1
<A/+/ONmOUseOVEr%0a=%0a(prompt)``>v3dm0s,script_block,0
<A/+/ONmOUseOVEr%0a=%0a(prompt)``>v3dm0s,comment,0
<A/+/ONmOUseOVEr%0a=%0a(prompt)``>v3dm0s,url_href,0
<A/+/ONmOUseOVEr%0a=%0a(prompt)``>v3dm0s,url_navigation,0
<A%0dONmOuSEOveR%09=%09(prompt)``%0dx>v3dm0s,html_tag,1
<A%0dONmOuSEOveR%09=%09(prompt)``%0dx>v3dm0s,html_attribute,0
<A%0dONmOuSEOveR%09=%09(prompt)``%0dx>v3dm0s,html_text,1
<A%0dONmOuSEOveR%09=%09(prompt)``%0dx>v3dm0s,script_block,0
<A%0dONmOuSEOveR%09=%09(prompt)``%0dx>v3dm0s,comment,0
<A%0dONmOuSEOveR%09=%09(prompt)``%0dx>v3dm0s,url_href,0
<A%0dONmOuSEOveR%09=%09(prompt)``%0dx>v3dm0s,url_navigation,0
"<d3V/+/OnpointeReNtER%0d=%0da=prompt,a()%0dx>v3dm0s",html_tag,1
"<d3V/+/OnpointeReNtER%0d=%0da=prompt,a()%0dx>v3dm0s",html_attribute,0
"<d3V/+/OnpointeReNtER%0d=%0da=prompt,a()%0dx>v3dm0s",html_text,1
"<d3V/+/OnpointeReNtER%0d=%0da=prompt,a()%0dx>v3dm0s",script_block,0
"<d3V/+/OnpointeReNtER%0d=%0da=prompt,a()%0dx>v3dm0s",comment,0
"<d3V/+/OnpointeReNtER%0d=%0da=prompt,a()%0dx>v3dm0s",url_href,0
"<d3V/+/OnpointeReNtER%0d=%0da=prompt,a()%0dx>v3dm0s",url_navigation,0
"<hTmL%09OnPoIntEreNtEr%0d=%0da=prompt,a()//",html_tag,0
"<hTmL%09OnPoIntEreNtEr%0d=%0da=prompt,a()//",html_attribute,0
"<hTmL%09OnPoIntEreNtEr%0d=%0da=prompt,a()//",html_text,0
"<hTmL%09OnPoIntEreNtEr%0d=%0da=prompt,a()//",script_block,0
"<hTmL%09OnPoIntEreNtEr%0d=%0da=prompt,a()//",comment,0
"<hTmL%09OnPoIntEreNtEr%0d=%0da=prompt,a()//",url_href,0
"<hTmL%09OnPoIntEreNtEr%0d=%0da=prompt,a()//",url_navigation,0
<a%0aonMouSeover%0a=%0aconfirm()>v3dm0s,html_tag,1
<a%0aonMouSeover%0a=%0aconfirm()>v3dm0s,html_attribute,0
<a%0aonMouSeover%0a=%0aconfirm()>v3dm0s,html_text,1
<a%0aonMouSeover%0a=%0aconfirm()>v3dm0s,script_block,0
<a%0aonMouSeover%0a=%0aconfirm()>v3dm0s,comment,0
<a%0aonMouSeover%0a=%0aconfirm()>v3dm0s,url_href,0
<a%0aonMouSeover%0a=%0aconfirm()>v3dm0s,url_navigation,0
<A/+/oNpoiNterenteR+=+[8].find(confirm)>v3dm0s,html_tag,0
<A/+/oNpoiNterenteR+=+[8].find(confirm)>v3dm0s,html_attribute,0
<A/+/oNpoiNterenteR+=+[8].find(confirm)>v3dm0s,html_text,0
<A/+/oNpoiNterenteR+=+[8].find(confirm)>v3dm0s,script_block,0
<A/+/oNpoiNterenteR+=+[8].find(confirm)>v3dm0s,comment,0
<A/+/oNpoiNterenteR+=+[8].find(confirm)>v3dm0s,url_href,0
<A/+/oNpoiNterenteR+=+[8].find(confirm)>v3dm0s,url_navigation,0
<HTml%0aOnPoINtERentER%09=%09confirm()%0dx//,html_tag,0
<HTml%0aOnPoINtERentER%09=%09confirm()%0dx//,html_attribute,0
<HTml%0aOnPoINtERentER%09=%09confirm()%0dx//,html_text,0
<HTml%0aOnPoINtERentER%09=%09confirm()%0dx//,script_block,0
<HTml%0aOnPoINtERentER%09=%09confirm()%0dx//,comment,0
<HTml%0aOnPoINtERentER%09=%09confirm()%0dx//,url_href,0
<HTml%0aOnPoINtERentER%09=%09confirm()%0dx//,url_navigation,0
<DEtAilS%0aOnTOGGLE%0a=%0a(confirm)()//,html_tag,0
<DEtAilS%0aOnTOGGLE%0a=%0a(confirm)()//,html_attribute,0
<DEtAilS%0aOnTOGGLE%0a=%0a(confirm)()//,html_text,0
<DEtAilS%0aOnTOGGLE%0a=%0a(confirm)()//,script_block,0
<DEtAilS%0aOnTOGGLE%0a=%0a(confirm)()//,comment,0
<DEtAilS%0aOnTOGGLE%0a=%0a(confirm)()//,url_href,0
<DEtAilS%0aOnTOGGLE%0a=%0a(confirm)()//,url_navigation,0
"<D3v/+/OnmoUseOVER+=+a=prompt,a()%0dx>v3dm0s",html_tag,0
"<D3v/+/OnmoUseOVER+=+a=prompt,a()%0dx>v3dm0s",html_attribute,0
"<D3v/+/OnmoUseOVER+=+a=prompt,a()%0dx>v3dm0s",html_text,0
"<D3v/+/OnmoUseOVER+=+a=prompt,a()%0dx>v3dm0s",script_block,0
"<D3v/+/OnmoUseOVER+=+a=prompt,a()%0dx>v3dm0s",comment,0
"<D3v/+/OnmoUseOVER+=+a=prompt,a()%0dx>v3dm0s",url_href,0
"<D3v/+/OnmoUseOVER+=+a=prompt,a()%0dx>v3dm0s",url_navigation,0
"<A%09OnmoUSeoVER%09=%09a=prompt,a()>v3dm0s",html_tag,1
"<A%09OnmoUSeoVER%09=%09a=prompt,a()>v3dm0s",html_attribute,0
"<A%09OnmoUSeoVER%09=%09a=prompt,a()>v3dm0s",html_text,1
"<A%09OnmoUSeoVER%09=%09a=prompt,a()>v3dm0s",script_block,0
"<A%09OnmoUSeoVER%09=%09a=prompt,a()>v3dm0s",comment,0
"<A%09OnmoUSeoVER%09=%09a=prompt,a()>v3dm0s",url_href,0
"<A%09OnmoUSeoVER%09=%09a=prompt,a()>v3dm0s",url_navigation,0
<A%0aoNpOinteReNtEr%0d=%0d(confirm)()>v3dm0s,html_tag,1
<A%0aoNpOinteReNtEr%0d=%0d(confirm)()>v3dm0s,html_attribute,0
<A%0aoNpOinteReNtEr%0d=%0d(confirm)()>v3dm0s,html_text,1
<A%0aoNpOinteReNtEr%0d=%0d(confirm)()>v3dm0s,script_block,0
<A%0aoNpOinteReNtEr%0d=%0d(confirm)()>v3dm0s,comment,0
<A%0aoNpOinteReNtEr%0d=%0d(confirm)()>v3dm0s,url_href,0
<A%0aoNpOinteReNtEr%0d=%0d(confirm)()>v3dm0s,url_navigation,0
<A/+/OnmoUSEovEr%0a=%0aconfirm()>v3dm0s,html_tag,1
<A/+/OnmoUSEovEr%0a=%0aconfirm()>v3dm0s,html_attribute,0
<A/+/OnmoUSEovEr%0a=%0aconfirm()>v3dm0s,html_text,1
<A/+/OnmoUSEovEr%0a=%0aconfirm()>v3dm0s,script_block,0
<A/+/OnmoUSEovEr%0a=%0aconfirm()>v3dm0s,comment,0
<A/+/OnmoUSEovEr%0a=%0aconfirm()>v3dm0s,url_href,0
<A/+/OnmoUSEovEr%0a=%0aconfirm()>v3dm0s,url_navigation,0
<a%0donpoiNtERentEr+=+(confirm)()>v3dm0s,html_tag,0
<a%0donpoiNtERentEr+=+(confirm)()>v3dm0s,html_attribute,0
<a%0donpoiNtERentEr+=+(confirm)()>v3dm0s,html_text,0
<a%0donpoiNtERentEr+=+(confirm)()>v3dm0s,script_block,0
<a%0donpoiNtERentEr+=+(confirm)()>v3dm0s,comment,0
<a%0donpoiNtERentEr+=+(confirm)()>v3dm0s,url_href,0
<a%0donpoiNtERentEr+=+(confirm)()>v3dm0s,url_navigation,0
<a/+/OnMouSeOveR%0a=%0a(confirm)()%0dx>v3dm0s,html_tag,1
<a/+/OnMouSeOveR%0a=%0a(confirm)()%0dx>v3dm0s,html_attribute,0
<a/+/OnMouSeOveR%0a=%0a(confirm)()%0dx>v3dm0s,html_text,1
<a/+/OnMouSeOveR%0a=%0a(confirm)()%0dx>v3dm0s,script_block,0
<a/+/OnMouSeOveR%0a=%0a(confirm)()%0dx>v3dm0s,comment,0
<a/+/OnMouSeOveR%0a=%0a(confirm)()%0dx>v3dm0s,url_href,0
<a/+/OnMouSeOveR%0a=%0a(confirm)()%0dx>v3dm0s,url_navigation,0
<htML/+/onpOinTEREnTEr+=+(confirm)()//,html_tag,0
<htML/+/onpOinTEREnTEr+=+(confirm)()//,html_attribute,0
<htML/+/onpOinTEREnTEr+=+(confirm)()//,html_text,0
<htML/+/onpOinTEREnTEr+=+(confirm)()//,script_block,0
<htML/+/onpOinTEREnTEr+=+(confirm)()//,comment,0
<htML/+/onpOinTEREnTEr+=+(confirm)()//,url_href,0
<htML/+/onpOinTEREnTEr+=+(confirm)()//,url_navigation,0
<HtMl/+/oNPointeReNTER%0d=%0d(prompt)``//,html_tag,0
<HtMl/+/oNPointeReNTER%0d=%0d(prompt)``//,html_attribute,0
<HtMl/+/oNPointeReNTER%0d=%0d(prompt)``//,html_text,0
<HtMl/+/oNPointeReNTER%0d=%0d(prompt)``//,script_block,0
<HtMl/+/oNPointeReNTER%0d=%0d(prompt)``//,comment,0
<HtMl/+/oNPointeReNTER%0d=%0d(prompt)``//,url_href,0
<HtMl/+/oNPointeReNTER%0d=%0d(prompt)``//,url_navigation,0
<a/+/ONMoUSEoVeR+=+(prompt)``>v3dm0s,html_tag,0
<a/+/ONMoUSEoVeR+=+(prompt)``>v3dm0s,html_attribute,0
<a/+/ONMoUSEoVeR+=+(prompt)``>v3dm0s,html_text,0
<a/+/ONMoUSEoVeR+=+(prompt)``>v3dm0s,script_block,0
<a/+/ONMoUSEoVeR+=+(prompt)``>v3dm0s,comment,0
<a/+/ONMoUSEoVeR+=+(prompt)``>v3dm0s,url_href,0
<a/+/ONMoUSEoVeR+=+(prompt)``>v3dm0s,url_navigation,0
<htMl%09ONPOiNterenTer%0a=%0aconfirm()%0dx//,html_tag,0
<htMl%09ONPOiNterenTer%0a=%0aconfirm()%0dx//,html_attribute,0
<htMl%09ONPOiNterenTer%0a=%0aconfirm()%0dx//,html_text,0
<htMl%09ONPOiNterenTer%0a=%0aconfirm()%0dx//,script_block,0
<htMl%09ONPOiNterenTer%0a=%0aconfirm()%0dx//,comment,0
<htMl%09ONPOiNterenTer%0a=%0aconfirm()%0dx//,url_href,0
<htMl%09ONPOiNterenTer%0a=%0aconfirm()%0dx//,url_navigation,0
"<d3v%0dOnPOintErentER%09=%09a=prompt,a()>v3dm0s",html_tag,1
"<d3v%0dOnPOintErentER%09=%09a=prompt,a()>v3dm0s",html_attribute,0
"<d3v%0dOnPOintErentER%09=%09a=prompt,a()>v3dm0s",html_text,1
"<d3v%0dOnPOintErentER%09=%09a=prompt,a()>v3dm0s",script_block,0
"<d3v%0dOnPOintErentER%09=%09a=prompt,a()>v3dm0s",comment,0
"<d3v%0dOnPOintErentER%09=%09a=prompt,a()>v3dm0s",url_href,0
"<d3v%0dOnPOintErentER%09=%09a=prompt,a()>v3dm0s",url_navigation,0
"<a%0aOnpoiNtERENTER%09=%09a=prompt,a()%0dx>v3dm0s",html_tag,1
"<a%0aOnpoiNtERENTER%09=%09a=prompt,a()%0dx>v3dm0s",html_attribute,0
"<a%0aOnpoiNtERENTER%09=%09a=prompt,a()%0dx>v3dm0s",html_text,1
"<a%0aOnpoiNtERENTER%09=%09a=prompt,a()%0dx>v3dm0s",script_block,0
"<a%0aOnpoiNtERENTER%09=%09a=prompt,a()%0dx>v3dm0s",comment,0
"<a%0aOnpoiNtERENTER%09=%09a=prompt,a()%0dx>v3dm0s",url_href,0
"<a%0aOnpoiNtERENTER%09=%09a=prompt,a()%0dx>v3dm0s",url_navigation,0
"<hTML%09ONMOUSEOVER+=+a=prompt,a()%0dx//",html_tag,0
"<hTML%09ONMOUSEOVER+=+a=prompt,a()%0dx//",html_attribute,0
"<hTML%09ONMOUSEOVER+=+a=prompt,a()%0dx//",html_text,0
"<hTML%09ONMOUSEOVER+=+a=prompt,a()%0dx//",script_block,0
"<hTML%09ONMOUSEOVER+=+a=prompt,a()%0dx//",comment,0
"<hTML%09ONMOUSEOVER+=+a=prompt,a()%0dx//",url_href,0
"<hTML%09ONMOUSEOVER+=+a=prompt,a()%0dx//",url_navigation,0
<a%0dONmOuseOVer%09=%09(confirm)()%0dx>v3dm0s,html_tag,1
<a%0dONmOuseOVer%09=%09(confirm)()%0dx>v3dm0s,html_attribute,0
<a%0dONmOuseOVer%09=%09(confirm)()%0dx>v3dm0s,html_text,1
<a%0dONmOuseOVer%09=%09(confirm)()%0dx>v3dm0s,script_block,0
<a%0dONmOuseOVer%09=%09(confirm)()%0dx>v3dm0s,comment,0
<a%0dONmOuseOVer%09=%09(confirm)()%0dx>v3dm0s,url_href,0
<a%0dONmOuseOVer%09=%09(confirm)()%0dx>v3dm0s,url_navigation,0
<A%0aOnpoIntEReNTER+=+(confirm)()>v3dm0s,html_tag,0
<A%0aOnpoIntEReNTER+=+(confirm)()>v3dm0s,html_attribute,0
<A%0aOnpoIntEReNTER+=+(confirm)()>v3dm0s,html_text,0
<A%0aOnpoIntEReNTER+=+(confirm)()>v3dm0s,script_block,0
<A%0aOnpoIntEReNTER+=+(confirm)()>v3dm0s,comment,0
<A%0aOnpoIntEReNTER+=+(confirm)()>v3dm0s,url_href,0
<A%0aOnpoIntEReNTER+=+(confirm)()>v3dm0s,url_navigation,0
<DEtAILs%0aoNTOgGLE%09=%09confirm()>,html_tag,1
<DEtAILs%0aoNTOgGLE%09=%09confirm()>,html_attribute,0
<DEtAILs%0aoNTOgGLE%09=%09confirm()>,html_text,1
<DEtAILs%0aoNTOgGLE%09=%09confirm()>,script_block,0
<DEtAILs%0aoNTOgGLE%09=%09confirm()>,comment,0
<DEtAILs%0aoNTOgGLE%09=%09confirm()>,url_href,0
<DEtAILs%0aoNTOgGLE%09=%09confirm()>,url_navigation,0
<dETaIls%0aoNToggLe%0d=%0dconfirm()>,html_tag,0
<dETaIls%0aoNToggLe%0d=%0dconfirm()>,html_attribute,0
<dETaIls%0aoNToggLe%0d=%0dconfirm()>,html_text,0
<dETaIls%0aoNToggLe%0d=%0dconfirm()>,script_block,0
<dETaIls%0aoNToggLe%0d=%0dconfirm()>,comment,0
<dETaIls%0aoNToggLe%0d=%0dconfirm()>,url_href,0
<dETaIls%0aoNToggLe%0d=%0dconfirm()>,url_navigation,0
<detaiLs%0aOnpOInterEntEr%0d=%0dconfirm()//,html_tag,0
<detaiLs%0aOnpOInterEntEr%0d=%0dconfirm()//,html_attribute,0
<detaiLs%0aOnpOInterEntEr%0d=%0dconfirm()//,html_text,0
<detaiLs%0aOnpOInterEntEr%0d=%0dconfirm()//,script_block,0
<detaiLs%0aOnpOInterEntEr%0d=%0dconfirm()//,comment,0
<detaiLs%0aOnpOInterEntEr%0d=%0dconfirm()//,url_href,0
<detaiLs%0aOnpOInterEntEr%0d=%0dconfirm()//,url_navigation,0
<dETAIls%0aoNTOgGLE%09=%09confirm()//,html_tag,0
<dETAIls%0aoNTOgGLE%09=%09confirm()//,html_attribute,0
<dETAIls%0aoNTOgGLE%09=%09confirm()//,html_text,0
<dETAIls%0aoNTOgGLE%09=%09confirm()//,script_block,0
<dETAIls%0aoNTOgGLE%09=%09confirm()//,comment,0
<dETAIls%0aoNTOgGLE%09=%09confirm()//,url_href,0
<dETAIls%0aoNTOgGLE%09=%09confirm()//,url_navigation,0
"<dETAILs%0dOnTOGgLE%0d=%0da=prompt,a()>",html_tag,0
"<dETAILs%0dOnTOGgLE%0d=%0da=prompt,a()>",html_attribute,0
"<dETAILs%0dOnTOGgLE%0d=%0da=prompt,a()>",html_text,0
"<dETAILs%0dOnTOGgLE%0d=%0da=prompt,a()>",script_block,0
"<dETAILs%0dOnTOGgLE%0d=%0da=prompt,a()>",comment,0
"<dETAILs%0dOnTOGgLE%0d=%0da=prompt,a()>",url_href,0
"<dETAILs%0dOnTOGgLE%0d=%0da=prompt,a()>",url_navigation,0
<A%0aonMOUSEoVer+=+confirm()%0dx>v3dm0s,html_tag,0
<A%0aonMOUSEoVer+=+confirm()%0dx>v3dm0s,html_attribute,0
<A%0aonMOUSEoVer+=+confirm()%0dx>v3dm0s,html_text,0
<A%0aonMOUSEoVer+=+confirm()%0dx>v3dm0s,script_block,0
<A%0aonMOUSEoVer+=+confirm()%0dx>v3dm0s,comment,0
<A%0aonMOUSEoVer+=+confirm()%0dx>v3dm0s,url_href,0
<A%0aonMOUSEoVer+=+confirm()%0dx>v3dm0s,url_navigation,0
<DEtAilS%0donpoinTeRenTeR%0a=%0a[8].find(confirm)>,html_tag,0
<DEtAilS%0donpoinTeRenTeR%0a=%0a[8].find(confirm)>,html_attribute,0
<DEtAilS%0donpoinTeRenTeR%0a=%0a[8].find(confirm)>,html_text,0
<DEtAilS%0donpoinTeRenTeR%0a=%0a[8].find(confirm)>,script_block,0
<DEtAilS%0donpoinTeRenTeR%0a=%0a[8].find(confirm)>,comment,0
<DEtAilS%0donpoinTeRenTeR%0a=%0a[8].find(confirm)>,url_href,0
<DEtAilS%0donpoinTeRenTeR%0a=%0a[8].find(confirm)>,url_navigation,0
<d3V/+/onmouSEOveR%09=%09(prompt)``>v3dm0s,html_tag,1
<d3V/+/onmouSEOveR%09=%09(prompt)``>v3dm0s,html_attribute,0
<d3V/+/onmouSEOveR%09=%09(prompt)``>v3dm0s,html_text,1
<d3V/+/onmouSEOveR%09=%09(prompt)``>v3dm0s,script_block,0
<d3V/+/onmouSEOveR%09=%09(prompt)``>v3dm0s,comment,0
<d3V/+/onmouSEOveR%09=%09(prompt)``>v3dm0s,url_href,0
<d3V/+/onmouSEOveR%09=%09(prompt)``>v3dm0s,url_navigation,0
"<hTML%09OnpoinTerENTER+=+a=prompt,a()>",html_tag,0
"<hTML%09OnpoinTerENTER+=+a=prompt,a()>",html_attribute,0
"<hTML%09OnpoinTerENTER+=+a=prompt,a()>",html_text,0
"<hTML%09OnpoinTerENTER+=+a=prompt,a()>",script_block,0
"<hTML%09OnpoinTerENTER+=+a=prompt,a()>",comment,0
"<hTML%09OnpoinTerENTER+=+a=prompt,a()>",url_href,0
"<hTML%09OnpoinTerENTER+=+a=prompt,a()>",url_navigation,0
<D3v/+/onpOIntEreNTeR+=+(confirm)()>v3dm0s,html_tag,0
<D3v/+/onpOIntEreNTeR+=+(confirm)()>v3dm0s,html_attribute,0
<D3v/+/onpOIntEreNTeR+=+(confirm)()>v3dm0s,html_text,0
<D3v/+/onpOIntEreNTeR+=+(confirm)()>v3dm0s,script_block,0
<D3v/+/onpOIntEreNTeR+=+(confirm)()>v3dm0s,comment,0
<D3v/+/onpOIntEreNTeR+=+(confirm)()>v3dm0s,url_href,0
<D3v/+/onpOIntEreNTeR+=+(confirm)()>v3dm0s,url_navigation,0
"<a%09oNPoINTErENteR+=+a=prompt,a()>v3dm0s",html_tag,0
"<a%09oNPoINTErENteR+=+a=prompt,a()>v3dm0s",html_attribute,0
"<a%09oNPoINTErENteR+=+a=prompt,a()>v3dm0s",html_text,0
"<a%09oNPoINTErENteR+=+a=prompt,a()>v3dm0s",script_block,0
"<a%09oNPoINTErENteR+=+a=prompt,a()>v3dm0s",comment,0
"<a%09oNPoINTErENteR+=+a=prompt,a()>v3dm0s",url_href,0
"<a%09oNPoINTErENteR+=+a=prompt,a()>v3dm0s",url_navigation,0
<D3V%0donmoUSEovEr%0a=%0a(prompt)``%0dx>v3dm0s,html_tag,1
<D3V%0donmoUSEovEr%0a=%0a(prompt)``%0dx>v3dm0s,html_attribute,0
<D3V%0donmoUSEovEr%0a=%0a(prompt)``%0dx>v3dm0s,html_text,1
<D3V%0donmoUSEovEr%0a=%0a(prompt)``%0dx>v3dm0s,script_block,0
<D3V%0donmoUSEovEr%0a=%0a(prompt)``%0dx>v3dm0s,comment,0
<D3V%0donmoUSEovEr%0a=%0a(prompt)``%0dx>v3dm0s,url_href,0
<D3V%0donmoUSEovEr%0a=%0a(prompt)``%0dx>v3dm0s,url_navigation,0
<hTML%0aonpOInTeRenter%0d=%0dconfirm()%0dx>,html_tag,0
<hTML%0aonpOInTeRenter%0d=%0dconfirm()%0dx>,html_attribute,0
<hTML%0aonpOInTeRenter%0d=%0dconfirm()%0dx>,html_text,0
<hTML%0aonpOInTeRenter%0d=%0dconfirm()%0dx>,script_block,0
<hTML%0aonpOInTeRenter%0d=%0dconfirm()%0dx>,comment,0
<hTML%0aonpOInTeRenter%0d=%0dconfirm()%0dx>,url_href,0
<hTML%0aonpOInTeRenter%0d=%0dconfirm()%0dx>,url_navigation,0
"<a%0aONmousEOver%0d=%0da=prompt,a()%0dx>v3dm0s",html_tag,1
"<a%0aONmousEOver%0d=%0da=prompt,a()%0dx>v3dm0s",html_attribute,0
"<a%0aONmousEOver%0d=%0da=prompt,a()%0dx>v3dm0s",html_text,1
"<a%0aONmousEOver%0d=%0da=prompt,a()%0dx>v3dm0s",script_block,0
"<a%0aONmousEOver%0d=%0da=prompt,a()%0dx>v3dm0s",comment,0
"<a%0aONmousEOver%0d=%0da=prompt,a()%0dx>v3dm0s",url_href,0
"<a%0aONmousEOver%0d=%0da=prompt,a()%0dx>v3dm0s",url_navigation,0
<D3V%0dONPOiNTeREnteR%0d=%0d(prompt)``%0dx>v3dm0s,html_tag,1
<D3V%0dONPOiNTeREnteR%0d=%0d(prompt)``%0dx>v3dm0s,html_attribute,0
<D3V%0dONPOiNTeREnteR%0d=%0d(prompt)``%0dx>v3dm0s,html_text,1
<D3V%0dONPOiNTeREnteR%0d=%0d(prompt)``%0dx>v3dm0s,script_block,0
<D3V%0dONPOiNTeREnteR%0d=%0d(prompt)``%0dx>v3dm0s,comment,0
<D3V%0dONPOiNTeREnteR%0d=%0d(prompt)``%0dx>v3dm0s,url_href,0
<D3V%0dONPOiNTeREnteR%0d=%0d(prompt)``%0dx>v3dm0s,url_navigation,0
<A/+/OnpoiNtEreNTeR+=+confirm()%0dx>v3dm0s,html_tag,0
<A/+/OnpoiNtEreNTeR+=+confirm()%0dx>v3dm0s,html_attribute,0
<A/+/OnpoiNtEreNTeR+=+confirm()%0dx>v3dm0s,html_text,0
<A/+/OnpoiNtEreNTeR+=+confirm()%0dx>v3dm0s,script_block,0
<A/+/OnpoiNtEreNTeR+=+confirm()%0dx>v3dm0s,comment,0
<A/+/OnpoiNtEreNTeR+=+confirm()%0dx>v3dm0s,url_href,0
<A/+/OnpoiNtEreNTeR+=+confirm()%0dx>v3dm0s,url_navigation,0
"<DEtaILs/+/ONPOintEreNtEr%0d=%0da=prompt,a()%0dx>",html_tag,0
"<DEtaILs/+/ONPOintEreNtEr%0d=%0da=prompt,a()%0dx>",html_attribute,0
"<DEtaILs/+/ONPOintEreNtEr%0d=%0da=prompt,a()%0dx>",html_text,0
"<DEtaILs/+/ONPOintEreNtEr%0d=%0da=prompt,a()%0dx>",script_block,0
"<DEtaILs/+/ONPOintEreNtEr%0d=%0da=prompt,a()%0dx>",comment,0
"<DEtaILs/+/ONPOintEreNtEr%0d=%0da=prompt,a()%0dx>",url_href,0
"<DEtaILs/+/ONPOintEreNtEr%0d=%0da=prompt,a()%0dx>",url_navigation,0
"<D3v%0aOnMoUSEOver%0a=%0aa=prompt,a()%0dx>v3dm0s",html_tag,1
"<D3v%0aOnMoUSEOver%0a=%0aa=prompt,a()%0dx>v3dm0s",html_attribute,0
"<D3v%0aOnMoUSEOver%0a=%0aa=prompt,a()%0dx>v3dm0s",html_text,1
"<D3v%0aOnMoUSEOver%0a=%0aa=prompt,a()%0dx>v3dm0s",script_block,0
"<D3v%0aOnMoUSEOver%0a=%0aa=prompt,a()%0dx>v3dm0s",comment,0
"<D3v%0aOnMoUSEOver%0a=%0aa=prompt,a()%0dx>v3dm0s",url_href,0
"<D3v%0aOnMoUSEOver%0a=%0aa=prompt,a()%0dx>v3dm0s",url_navigation,0
"<hTMl/+/ONmOuseovEr%09=%09a=prompt,a()%0dx>",html_tag,0
"<hTMl/+/ONmOuseovEr%09=%09a=prompt,a()%0dx>",html_attribute,0
"<hTMl/+/ONmOuseovEr%09=%09a=prompt,a()%0dx>",html_text,0
"<hTMl/+/ONmOuseovEr%09=%09a=prompt,a()%0dx>",script_block,0
"<hTMl/+/ONmOuseovEr%09=%09a=prompt,a()%0dx>",comment,0
"<hTMl/+/ONmOuseovEr%09=%09a=prompt,a()%0dx>",url_href,0
"<hTMl/+/ONmOuseovEr%09=%09a=prompt,a()%0dx>",url_navigation,0
<d3v%0aonpOiNTErenTeR%0a=%0aconfirm()>v3dm0s,html_tag,1
<d3v%0aonpOiNTErenTeR%0a=%0aconfirm()>v3dm0s,html_attribute,0
<d3v%0aonpOiNTErenTeR%0a=%0aconfirm()>v3dm0s,html_text,1
<d3v%0aonpOiNTErenTeR%0a=%0aconfirm()>v3dm0s,script_block,0
<d3v%0aonpOiNTErenTeR%0a=%0aconfirm()>v3dm0s,comment,0
<d3v%0aonpOiNTErenTeR%0a=%0aconfirm()>v3dm0s,url_href,0
<d3v%0aonpOiNTErenTeR%0a=%0aconfirm()>v3dm0s,url_navigation,0
<DEtailS%09oNpOINTerEnter%0d=%0d(confirm)()>,html_tag,0
<DEtailS%09oNpOINTerEnter%0d=%0d(confirm)()>,html_attribute,0
<DEtailS%09oNpOINTerEnter%0d=%0d(confirm)()>,html_text,0
<DEtailS%09oNpOINTerEnter%0d=%0d(confirm)()>,script_block,0
<DEtailS%09oNpOINTerEnter%0d=%0d(confirm)()>,comment,0
<DEtailS%09oNpOINTerEnter%0d=%0d(confirm)()>,url_href,0
<DEtailS%09oNpOINTerEnter%0d=%0d(confirm)()>,url_navigation,0
<a%0doNpOiNTerentEr%0d=%0dconfirm()%0dx>v3dm0s,html_tag,1
<a%0doNpOiNTerentEr%0d=%0dconfirm()%0dx>v3dm0s,html_attribute,0
<a%0doNpOiNTerentEr%0d=%0dconfirm()%0dx>v3dm0s,html_text,1
<a%0doNpOiNTerentEr%0d=%0dconfirm()%0dx>v3dm0s,script_block,0
<a%0doNpOiNTerentEr%0d=%0dconfirm()%0dx>v3dm0s,comment,0
<a%0doNpOiNTerentEr%0d=%0dconfirm()%0dx>v3dm0s,url_href,0
<a%0doNpOiNTerentEr%0d=%0dconfirm()%0dx>v3dm0s,url_navigation,0
<D3v%0donMOUSEOveR%09=%09(prompt)``%0dx>v3dm0s,html_tag,1
<D3v%0donMOUSEOveR%09=%09(prompt)``%0dx>v3dm0s,html_attribute,0
<D3v%0donMOUSEOveR%09=%09(prompt)``%0dx>v3dm0s,html_text,1
<D3v%0donMOUSEOveR%09=%09(prompt)``%0dx>v3dm0s,script_block,0
<D3v%0donMOUSEOveR%09=%09(prompt)``%0dx>v3dm0s,comment,0
<D3v%0donMOUSEOveR%09=%09(prompt)``%0dx>v3dm0s,url_href,0
<D3v%0donMOUSEOveR%09=%09(prompt)``%0dx>v3dm0s,url_navigation,0
<d3v%0aonmOusEOVEr%0d=%0d[8].find(confirm)>v3dm0s,html_tag,1
<d3v%0aonmOusEOVEr%0d=%0d[8].find(confirm)>v3dm0s,html_attribute,0
<d3v%0aonmOusEOVEr%0d=%0d[8].find(confirm)>v3dm0s,html_text,1
<d3v%0aonmOusEOVEr%0d=%0d[8].find(confirm)>v3dm0s,script_block,0
<d3v%0aonmOusEOVEr%0d=%0d[8].find(confirm)>v3dm0s,comment,0
<d3v%0aonmOusEOVEr%0d=%0d[8].find(confirm)>v3dm0s,url_href,0
<d3v%0aonmOusEOVEr%0d=%0d[8].find(confirm)>v3dm0s,url_navigation,0
<a%09oNmoUSEOveR%0a=%0aconfirm()>v3dm0s,html_tag,1
<a%09oNmoUSEOveR%0a=%0aconfirm()>v3dm0s,html_attribute,0
<a%09oNmoUSEOveR%0a=%0aconfirm()>v3dm0s,html_text,1
<a%09oNmoUSEOveR%0a=%0aconfirm()>v3dm0s,script_block,0
<a%09oNmoUSEOveR%0a=%0aconfirm()>v3dm0s,comment,0
<a%09oNmoUSEOveR%0a=%0aconfirm()>v3dm0s,url_href,0
<a%09oNmoUSEOveR%0a=%0aconfirm()>v3dm0s,url_navigation,0
<A/+/ONPointEreNTer+=+(confirm)()%0dx>v3dm0s,html_tag,0
<A/+/ONPointEreNTer+=+(confirm)()%0dx>v3dm0s,html_attribute,0
<A/+/ONPointEreNTer+=+(confirm)()%0dx>v3dm0s,html_text,0
<A/+/ONPointEreNTer+=+(confirm)()%0dx>v3dm0s,script_block,0
<A/+/ONPointEreNTer+=+(confirm)()%0dx>v3dm0s,comment,0
<A/+/ONPointEreNTer+=+(confirm)()%0dx>v3dm0s,url_href,0
<A/+/ONPointEreNTer+=+(confirm)()%0dx>v3dm0s,url_navigation,0
<D3V%0doNPOiNTeRENteR%0a=%0a(prompt)``%0dx>v3dm0s,html_tag,1
<D3V%0doNPOiNTeRENteR%0a=%0a(prompt)``%0dx>v3dm0s,html_attribute,0
<D3V%0doNPOiNTeRENteR%0a=%0a(prompt)``%0dx>v3dm0s,html_text,1
<D3V%0doNPOiNTeRENteR%0a=%0a(prompt)``%0dx>v3dm0s,script_block,0
<D3V%0doNPOiNTeRENteR%0a=%0a(prompt)``%0dx>v3dm0s,comment,0
<D3V%0doNPOiNTeRENteR%0a=%0a(prompt)``%0dx>v3dm0s,url_href,0
<D3V%0doNPOiNTeRENteR%0a=%0a(prompt)``%0dx>v3dm0s,url_navigation,0
<hTML%09OnmOusEoVER%09=%09[8].find(confirm)>,html_tag,0
<hTML%09OnmOusEoVER%09=%09[8].find(confirm)>,html_attribute,0
<hTML%09OnmOusEoVER%09=%09[8].find(confirm)>,html_text,0
<hTML%09OnmOusEoVER%09=%09[8].find(confirm)>,script_block,0
<hTML%09OnmOusEoVER%09=%09[8].find(confirm)>,comment,0
<hTML%09OnmOusEoVER%09=%09[8].find(confirm)>,url_href,0
<hTML%09OnmOusEoVER%09=%09[8].find(confirm)>,url_navigation,0
<a%09onPoinTERenter%0a=%0a(prompt)``>v3dm0s,html_tag,1
<a%09onPoinTERenter%0a=%0a(prompt)``>v3dm0s,html_attribute,0
<a%09onPoinTERenter%0a=%0a(prompt)``>v3dm0s,html_text,1
<a%09onPoinTERenter%0a=%0a(prompt)``>v3dm0s,script_block,0
<a%09onPoinTERenter%0a=%0a(prompt)``>v3dm0s,comment,0
<a%09onPoinTERenter%0a=%0a(prompt)``>v3dm0s,url_href,0
<a%09onPoinTERenter%0a=%0a(prompt)``>v3dm0s,url_navigation,0
<a/+/OnPOInTeRenTer%0d=%0d[8].find(confirm)>v3dm0s,html_tag,1
<a/+/OnPOInTeRenTer%0d=%0d[8].find(confirm)>v3dm0s,html_attribute,0
<a/+/OnPOInTeRenTer%0d=%0d[8].find(confirm)>v3dm0s,html_text,1
<a/+/OnPOInTeRenTer%0d=%0d[8].find(confirm)>v3dm0s,script_block,0
<a/+/OnPOInTeRenTer%0d=%0d[8].find(confirm)>v3dm0s,comment,0
<a/+/OnPOInTeRenTer%0d=%0d[8].find(confirm)>v3dm0s,url_href,0
<a/+/OnPOInTeRenTer%0d=%0d[8].find(confirm)>v3dm0s,url_navigation,0
<a%09ONPOInterEnter+=+(confirm)()%0dx>v3dm0s,html_tag,0
<a%09ONPOInterEnter+=+(confirm)()%0dx>v3dm0s,html_attribute,0
<a%09ONPOInterEnter+=+(confirm)()%0dx>v3dm0s,html_text,0
<a%09ONPOInterEnter+=+(confirm)()%0dx>v3dm0s,script_block,0
<a%09ONPOInterEnter+=+(confirm)()%0dx>v3dm0s,comment,0
<a%09ONPOInterEnter+=+(confirm)()%0dx>v3dm0s,url_href,0
<a%09ONPOInterEnter+=+(confirm)()%0dx>v3dm0s,url_navigation,0
<dEtaiLs%0donToGgLe%09=%09[8].find(confirm)%0dx//,html_tag,0
<dEtaiLs%0donToGgLe%09=%09[8].find(confirm)%0dx//,html_attribute,0
<dEtaiLs%0donToGgLe%09=%09[8].find(confirm)%0dx//,html_text,0
<dEtaiLs%0donToGgLe%09=%09[8].find(confirm)%0dx//,script_block,0
<dEtaiLs%0donToGgLe%09=%09[8].find(confirm)%0dx//,comment,0
<dEtaiLs%0donToGgLe%09=%09[8].find(confirm)%0dx//,url_href,0
<dEtaiLs%0donToGgLe%09=%09[8].find(confirm)%0dx//,url_navigation,0
"<D3V%09oNmOUseOvEr%0d=%0da=prompt,a()%0dx>v3dm0s",html_tag,1
"<D3V%09oNmOUseOvEr%0d=%0da=prompt,a()%0dx>v3dm0s",html_attribute,0
"<D3V%09oNmOUseOvEr%0d=%0da=prompt,a()%0dx>v3dm0s",html_text,1
"<D3V%09oNmOUseOvEr%0d=%0da=prompt,a()%0dx>v3dm0s",script_block,0
"<D3V%09oNmOUseOvEr%0d=%0da=prompt,a()%0dx>v3dm0s",comment,0
"<D3V%09oNmOUseOvEr%0d=%0da=prompt,a()%0dx>v3dm0s",url_href,0
"<D3V%09oNmOUseOvEr%0d=%0da=prompt,a()%0dx>v3dm0s",url_navigation,0
<D3V/+/OnmoUSeoVer%09=%09(confirm)()>v3dm0s,html_tag,1
<D3V/+/OnmoUSeoVer%09=%09(confirm)()>v3dm0s,html_attribute,0
<D3V/+/OnmoUSeoVer%09=%09(confirm)()>v3dm0s,html_text,1
<D3V/+/OnmoUSeoVer%09=%09(confirm)()>v3dm0s,script_block,0
<D3V/+/OnmoUSeoVer%09=%09(confirm)()>v3dm0s,comment,0
<D3V/+/OnmoUSeoVer%09=%09(confirm)()>v3dm0s,url_href,0
<D3V/+/OnmoUSeoVer%09=%09(confirm)()>v3dm0s,url_navigation,0
<dETAiLs%0dontOgGlE%0a=%0a[8].find(confirm)//,html_tag,0
<dETAiLs%0dontOgGlE%0a=%0a[8].find(confirm)//,html_attribute,0
<dETAiLs%0dontOgGlE%0a=%0a[8].find(confirm)//,html_text,0
<dETAiLs%0dontOgGlE%0a=%0a[8].find(confirm)//,script_block,0
<dETAiLs%0dontOgGlE%0a=%0a[8].find(confirm)//,comment,0
<dETAiLs%0dontOgGlE%0a=%0a[8].find(confirm)//,url_href,0
<dETAiLs%0dontOgGlE%0a=%0a[8].find(confirm)//,url_navigation,0
<deTAilS%0dOnPoINTErEnTer%0a=%0a(prompt)``//,html_tag,0
<deTAilS%0dOnPoINTErEnTer%0a=%0a(prompt)``//,html_attribute,0
<deTAilS%0dOnPoINTErEnTer%0a=%0a(prompt)``//,html_text,0
<deTAilS%0dOnPoINTErEnTer%0a=%0a(prompt)``//,script_block,0
<deTAilS%0dOnPoINTErEnTer%0a=%0a(prompt)``//,comment,0
<deTAilS%0dOnPoINTErEnTer%0a=%0a(prompt)``//,url_href,0
<deTAilS%0dOnPoINTErEnTer%0a=%0a(prompt)``//,url_navigation,0
"<dETAiLs%0aOnPoInterENTEr%09=%09a=prompt,a()%0dx>",html_tag,0
"<dETAiLs%0aOnPoInterENTEr%09=%09a=prompt,a()%0dx>",html_attribute,0
"<dETAiLs%0aOnPoInterENTEr%09=%09a=prompt,a()%0dx>",html_text,0
"<dETAiLs%0aOnPoInterENTEr%09=%09a=prompt,a()%0dx>",script_block,0
"<dETAiLs%0aOnPoInterENTEr%09=%09a=prompt,a()%0dx>",comment,0
"<dETAiLs%0aOnPoInterENTEr%09=%09a=prompt,a()%0dx>",url_href,0
"<dETAiLs%0aOnPoInterENTEr%09=%09a=prompt,a()%0dx>",url_navigation,0
<D3v%09onPOintereNtER%0d=%0dconfirm()%0dx>v3dm0s,html_tag,1
<D3v%09onPOintereNtER%0d=%0dconfirm()%0dx>v3dm0s,html_attribute,0
<D3v%09onPOintereNtER%0d=%0dconfirm()%0dx>v3dm0s,html_text,1
<D3v%09onPOintereNtER%0d=%0dconfirm()%0dx>v3dm0s,script_block,0
<D3v%09onPOintereNtER%0d=%0dconfirm()%0dx>v3dm0s,comment,0
<D3v%09onPOintereNtER%0d=%0dconfirm()%0dx>v3dm0s,url_href,0
<D3v%09onPOintereNtER%0d=%0dconfirm()%0dx>v3dm0s,url_navigation,0
<A%0aONPOIntErENTEr%0d=%0d[8].find(confirm)%0dx>v3dm0s,html_tag,1
<A%0aONPOIntErENTEr%0d=%0d[8].find(confirm)%0dx>v3dm0s,html_attribute,0
<A%0aONPOIntErENTEr%0d=%0d[8].find(confirm)%0dx>v3dm0s,html_text,1
<A%0aONPOIntErENTEr%0d=%0d[8].find(confirm)%0dx>v3dm0s,script_block,0
<A%0aONPOIntErENTEr%0d=%0d[8].find(confirm)%0dx>v3dm0s,comment,0
<A%0aONPOIntErENTEr%0d=%0d[8].find(confirm)%0dx>v3dm0s,url_href,0
<A%0aONPOIntErENTEr%0d=%0d[8].find(confirm)%0dx>v3dm0s,url_navigation,0
<A/+/oNMOUSEOVer%09=%09[8].find(confirm)>v3dm0s,html_tag,1
<A/+/oNMOUSEOVer%09=%09[8].find(confirm)>v3dm0s,html_attribute,0
<A/+/oNMOUSEOVer%09=%09[8].find(confirm)>v3dm0s,html_text,1
<A/+/oNMOUSEOVer%09=%09[8].find(confirm)>v3dm0s,script_block,0
<A/+/oNMOUSEOVer%09=%09[8].find(confirm)>v3dm0s,comment,0
<A/+/oNMOUSEOVer%09=%09[8].find(confirm)>v3dm0s,url_href,0
<A/+/oNMOUSEOVer%09=%09[8].find(confirm)>v3dm0s,url_navigation,0
<detAiLs%09oNTOgGLe+=+(confirm)()%0dx>,html_tag,0
<detAiLs%09oNTOgGLe+=+(confirm)()%0dx>,html_attribute,0
<detAiLs%09oNTOgGLe+=+(confirm)()%0dx>,html_text,0
<detAiLs%09oNTOgGLe+=+(confirm)()%0dx>,script_block,0
<detAiLs%09oNTOgGLe+=+(confirm)()%0dx>,comment,0
<detAiLs%09oNTOgGLe+=+(confirm)()%0dx>,url_href,0
<detAiLs%09oNTOgGLe+=+(confirm)()%0dx>,url_navigation,0
<D3V/+/ONPoinTerenTEr%09=%09confirm()%0dx>v3dm0s,html_tag,1
<D3V/+/ONPoinTerenTEr%09=%09confirm()%0dx>v3dm0s,html_attribute,0
<D3V/+/ONPoinTerenTEr%09=%09confirm()%0dx>v3dm0s,html_text,1
<D3V/+/ONPoinTerenTEr%09=%09confirm()%0dx>v3dm0s,script_block,0
<D3V/+/ONPoinTerenTEr%09=%09confirm()%0dx>v3dm0s,comment,0
<D3V/+/ONPoinTerenTEr%09=%09confirm()%0dx>v3dm0s,url_href,0
<D3V/+/ONPoinTerenTEr%09=%09confirm()%0dx>v3dm0s,url_navigation,0
"<HtMl%09onmOuseOvEr%0d=%0da=prompt,a()>",html_tag,0
"<HtMl%09onmOuseOvEr%0d=%0da=prompt,a()>",html_attribute,0
"<HtMl%09onmOuseOvEr%0d=%0da=prompt,a()>",html_text,0
"<HtMl%09onmOuseOvEr%0d=%0da=prompt,a()>",script_block,0
"<HtMl%09onmOuseOvEr%0d=%0da=prompt,a()>",comment,0
"<HtMl%09onmOuseOvEr%0d=%0da=prompt,a()>",url_href,0
"<HtMl%09onmOuseOvEr%0d=%0da=prompt,a()>",url_navigation,0
<a%0aonpoInTerEntER%0a=%0a(prompt)``%0dx>v3dm0s,html_tag,1
<a%0aonpoInTerEntER%0a=%0a(prompt)``%0dx>v3dm0s,html_attribute,0
<a%0aonpoInTerEntER%0a=%0a(prompt)``%0dx>v3dm0s,html_text,1
<a%0aonpoInTerEntER%0a=%0a(prompt)``%0dx>v3dm0s,script_block,0
<a%0aonpoInTerEntER%0a=%0a(prompt)``%0dx>v3dm0s,comment,0
<a%0aonpoInTerEntER%0a=%0a(prompt)``%0dx>v3dm0s,url_href,0
<a%0aonpoInTerEntER%0a=%0a(prompt)``%0dx>v3dm0s,url_navigation,0
<a%0dONmOuSEoVeR%09=%09confirm()>v3dm0s,html_tag,1
<a%0dONmOuSEoVeR%09=%09confirm()>v3dm0s,html_attribute,0
<a%0dONmOuSEoVeR%09=%09confirm()>v3dm0s,html_text,1
<a%0dONmOuSEoVeR%09=%09confirm()>v3dm0s,script_block,0
<a%0dONmOuSEoVeR%09=%09confirm()>v3dm0s,comment,0
<a%0dONmOuSEoVeR%09=%09confirm()>v3dm0s,url_href,0
<a%0dONmOuSEoVeR%09=%09confirm()>v3dm0s,url_navigation,0
<A%0donmousEover+=+(confirm)()%0dx>v3dm0s,html_tag,0
<A%0donmousEover+=+(confirm)()%0dx>v3dm0s,html_attribute,0
<A%0donmousEover+=+(confirm)()%0dx>v3dm0s,html_text,0
<A%0donmousEover+=+(confirm)()%0dx>v3dm0s,script_block,0
<A%0donmousEover+=+(confirm)()%0dx>v3dm0s,comment,0
<A%0donmousEover+=+(confirm)()%0dx>v3dm0s,url_href,0
<A%0donmousEover+=+(confirm)()%0dx>v3dm0s,url_navigation,0
<HTML/+/oNMoUsEoVEr%0d=%0dconfirm()%0dx//,html_tag,0
<HTML/+/oNMoUsEoVEr%0d=%0dconfirm()%0dx//,html_attribute,0
<HTML/+/oNMoUsEoVEr%0d=%0dconfirm()%0dx//,html_text,0
<HTML/+/oNMoUsEoVEr%0d=%0dconfirm()%0dx//,script_block,0
<HTML/+/oNMoUsEoVEr%0d=%0dconfirm()%0dx//,comment,0
<HTML/+/oNMoUsEoVEr%0d=%0dconfirm()%0dx//,url_href,0
<HTML/+/oNMoUsEoVEr%0d=%0dconfirm()%0dx//,url_navigation,0
<dEtaIlS%09oNTOGGLE%0a=%0aconfirm()>,html_tag,0
<dEtaIlS%09oNTOGGLE%0a=%0aconfirm()>,html_attribute,0
<dEtaIlS%09oNTOGGLE%0a=%0aconfirm()>,html_text,0
<dEtaIlS%09oNTOGGLE%0a=%0aconfirm()>,script_block,0
<dEtaIlS%09oNTOGGLE%0a=%0aconfirm()>,comment,0
<dEtaIlS%09oNTOGGLE%0a=%0aconfirm()>,url_href,0
<dEtaIlS%09oNTOGGLE%0a=%0aconfirm()>,url_navigation,0
<HTMl%0aonPOInTEReNTER+=+confirm()%0dx>,html_tag,0
<HTMl%0aonPOInTEReNTER+=+confirm()%0dx>,html_attribute,0
<HTMl%0aonPOInTEReNTER+=+confirm()%0dx>,html_text,0
<HTMl%0aonPOInTEReNTER+=+confirm()%0dx>,script_block,0
<HTMl%0aonPOInTEReNTER+=+confirm()%0dx>,comment,0
<HTMl%0aonPOInTEReNTER+=+confirm()%0dx>,url_href,0
<HTMl%0aonPOInTEReNTER+=+confirm()%0dx>,url_navigation,0
<a%09onpOiNTeRenTeR%0a=%0aconfirm()%0dx>v3dm0s,html_tag,1
<a%09onpOiNTeRenTeR%0a=%0aconfirm()%0dx>v3dm0s,html_attribute,0
<a%09onpOiNTeRenTeR%0a=%0aconfirm()%0dx>v3dm0s,html_text,1
<a%09onpOiNTeRenTeR%0a=%0aconfirm()%0dx>v3dm0s,script_block,0
<a%09onpOiNTeRenTeR%0a=%0aconfirm()%0dx>v3dm0s,comment,0
<a%09onpOiNTeRenTeR%0a=%0aconfirm()%0dx>v3dm0s,url_href,0
<a%09onpOiNTeRenTeR%0a=%0aconfirm()%0dx>v3dm0s,url_navigation,0
"<html%0donpOINteReNTEr%09=%09a=prompt,a()//",html_tag,0
"<html%0donpOINteReNTEr%09=%09a=prompt,a()//",html_attribute,0
"<html%0donpOINteReNTEr%09=%09a=prompt,a()//",html_text,0
"<html%0donpOINteReNTEr%09=%09a=prompt,a()//",script_block,0
"<html%0donpOINteReNTEr%09=%09a=prompt,a()//",comment,0
"<html%0donpOINteReNTEr%09=%09a=prompt,a()//",url_href,0
"<html%0donpOINteReNTEr%09=%09a=prompt,a()//",url_navigation,0
<HTML%09onMOUSeOVeR%09=%09confirm()%0dx>,html_tag,0
<HTML%09onMOUSeOVeR%09=%09confirm()%0dx>,html_attribute,0
<HTML%09onMOUSeOVeR%09=%09confirm()%0dx>,html_text,0
<HTML%09onMOUSeOVeR%09=%09confirm()%0dx>,script_block,0
<HTML%09onMOUSeOVeR%09=%09confirm()%0dx>,comment,0
<HTML%09onMOUSeOVeR%09=%09confirm()%0dx>,url_href,0
<HTML%09onMOUSeOVeR%09=%09confirm()%0dx>,url_navigation,0
"<htMl%0doNpoIntEREnTeR+=+a=prompt,a()>",html_tag,0
"<htMl%0doNpoIntEREnTeR+=+a=prompt,a()>",html_attribute,0
"<htMl%0doNpoIntEREnTeR+=+a=prompt,a()>",html_text,0
"<htMl%0doNpoIntEREnTeR+=+a=prompt,a()>",script_block,0
"<htMl%0doNpoIntEREnTeR+=+a=prompt,a()>",comment,0
"<htMl%0doNpoIntEREnTeR+=+a=prompt,a()>",url_href,0
"<htMl%0doNpoIntEREnTeR+=+a=prompt,a()>",url_navigation,0
"<dETaiLs%09oNpOiNtEReNTer%0a=%0aa=prompt,a()>",html_tag,0
"<dETaiLs%09oNpOiNtEReNTer%0a=%0aa=prompt,a()>",html_attribute,0
"<dETaiLs%09oNpOiNtEReNTer%0a=%0aa=prompt,a()>",html_text,0
"<dETaiLs%09oNpOiNtEReNTer%0a=%0aa=prompt,a()>",script_block,0
"<dETaiLs%09oNpOiNtEReNTer%0a=%0aa=prompt,a()>",comment,0
"<dETaiLs%09oNpOiNtEReNTer%0a=%0aa=prompt,a()>",url_href,0
"<dETaiLs%09oNpOiNtEReNTer%0a=%0aa=prompt,a()>",url_navigation,0
<htMl%09oNMOuSeOVeR%09=%09(confirm)()//,html_tag,0
<htMl%09oNMOuSeOVeR%09=%09(confirm)()//,html_attribute,0
<htMl%09oNMOuSeOVeR%09=%09(confirm)()//,html_text,0
<htMl%09oNMOuSeOVeR%09=%09(confirm)()//,script_block,0
<htMl%09oNMOuSeOVeR%09=%09(confirm)()//,comment,0
<htMl%09oNMOuSeOVeR%09=%09(confirm)()//,url_href,0
<htMl%09oNMOuSeOVeR%09=%09(confirm)()//,url_navigation,0
<hTmL%09OnpoInTeReNter%09=%09(prompt)``//,html_tag,0
<hTmL%09OnpoInTeReNter%09=%09(prompt)``//,html_attribute,0
<hTmL%09OnpoInTeReNter%09=%09(prompt)``//,html_text,0
<hTmL%09OnpoInTeReNter%09=%09(prompt)``//,script_block,0
<hTmL%09OnpoInTeReNter%09=%09(prompt)``//,comment,0
<hTmL%09OnpoInTeReNter%09=%09(prompt)``//,url_href,0
<hTmL%09OnpoInTeReNter%09=%09(prompt)``//,url_navigation,0
"<DeTAIls/+/OnPOiNtErENTer%0d=%0da=prompt,a()>",html_tag,0
"<DeTAIls/+/OnPOiNtErENTer%0d=%0da=prompt,a()>",html_attribute,0
"<DeTAIls/+/OnPOiNtErENTer%0d=%0da=prompt,a()>",html_text,0
"<DeTAIls/+/OnPOiNtErENTer%0d=%0da=prompt,a()>",script_block,0
"<DeTAIls/+/OnPOiNtErENTer%0d=%0da=prompt,a()>",comment,0
"<DeTAIls/+/OnPOiNtErENTer%0d=%0da=prompt,a()>",url_href,0
"<DeTAIls/+/OnPOiNtErENTer%0d=%0da=prompt,a()>",url_navigation,0
<HTML%09ONMoUSEOVEr+=+[8].find(confirm)>,html_tag,0
<HTML%09ONMoUSEOVEr+=+[8].find(confirm)>,html_attribute,0
<HTML%09ONMoUSEOVEr+=+[8].find(confirm)>,html_text,0
<HTML%09ONMoUSEOVEr+=+[8].find(confirm)>,script_block,0
<HTML%09ONMoUSEOVEr+=+[8].find(confirm)>,comment,0
<HTML%09ONMoUSEOVEr+=+[8].find(confirm)>,url_href,0
<HTML%09ONMoUSEOVEr+=+[8].find(confirm)>,url_navigation,0
<a%0aonmOuSEoVer%0d=%0dconfirm()>v3dm0s,html_tag,1
<a%0aonmOuSEoVer%0d=%0dconfirm()>v3dm0s,html_attribute,0
<a%0aonmOuSEoVer%0d=%0dconfirm()>v3dm0s,html_text,1
<a%0aonmOuSEoVer%0d=%0dconfirm()>v3dm0s,script_block,0
<a%0aonmOuSEoVer%0d=%0dconfirm()>v3dm0s,comment,0
<a%0aonmOuSEoVer%0d=%0dconfirm()>v3dm0s,url_href,0
<a%0aonmOuSEoVer%0d=%0dconfirm()>v3dm0s,url_navigation,0
<DETAILs%09ONPoiNTEREnteR+=+(prompt)``%0dx>,html_tag,0
<DETAILs%09ONPoiNTEREnteR+=+(prompt)``%0dx>,html_attribute,0
<DETAILs%09ONPoiNTEREnteR+=+(prompt)``%0dx>,html_text,0
<DETAILs%09ONPoiNTEREnteR+=+(prompt)``%0dx>,script_block,0
<DETAILs%09ONPoiNTEREnteR+=+(prompt)``%0dx>,comment,0
<DETAILs%09ONPoiNTEREnteR+=+(prompt)``%0dx>,url_href,0
<DETAILs%09ONPoiNTEREnteR+=+(prompt)``%0dx>,url_navigation,0
<a%09oNpoInTeRENteR+=+confirm()%0dx>v3dm0s,html_tag,0
<a%09oNpoInTeRENteR+=+confirm()%0dx>v3dm0s,html_attribute,0
<a%09oNpoInTeRENteR+=+confirm()%0dx>v3dm0s,html_text,0
<a%09oNpoInTeRENteR+=+confirm()%0dx>v3dm0s,script_block,0
<a%09oNpoInTeRENteR+=+confirm()%0dx>v3dm0s,comment,0
<a%09oNpoInTeRENteR+=+confirm()%0dx>v3dm0s,url_href,0
<a%09oNpoInTeRENteR+=+confirm()%0dx>v3dm0s,url_navigation,0
<hTmL/+/oNPoiNtErENtEr+=+(prompt)``%0dx>,html_tag,0
<hTmL/+/oNPoiNtErENtEr+=+(prompt)``%0dx>,html_attribute,0
<hTmL/+/oNPoiNtErENtEr+=+(prompt)``%0dx>,html_text,0
<hTmL/+/oNPoiNtErENtEr+=+(prompt)``%0dx>,script_block,0
<hTmL/+/oNPoiNtErENtEr+=+(prompt)``%0dx>,comment,0
<hTmL/+/oNPoiNtErENtEr+=+(prompt)``%0dx>,url_href,0
<hTmL/+/oNPoiNtErENtEr+=+(prompt)``%0dx>,url_navigation,0
<a%0aOnmOuSEOvER%0a=%0a[8].find(confirm)%0dx>v3dm0s,html_tag,1
<a%0aOnmOuSEOvER%0a=%0a[8].find(confirm)%0dx>v3dm0s,html_attribute,0
<a%0aOnmOuSEOvER%0a=%0a[8].find(confirm)%0dx>v3dm0s,html_text,1
<a%0aOnmOuSEOvER%0a=%0a[8].find(confirm)%0dx>v3dm0s,script_block,0
<a%0aOnmOuSEOvER%0a=%0a[8].find(confirm)%0dx>v3dm0s,comment,0
<a%0aOnmOuSEOvER%0a=%0a[8].find(confirm)%0dx>v3dm0s,url_href,0
<a%0aOnmOuSEOvER%0a=%0a[8].find(confirm)%0dx>v3dm0s,url_navigation,0
<HtML%0doNpoINTerEnTeR+=+[8].find(confirm)%0dx>,html_tag,0
<HtML%0doNpoINTerEnTeR+=+[8].find(confirm)%0dx>,html_attribute,0
<HtML%0doNpoINTerEnTeR+=+[8].find(confirm)%0dx>,html_text,0
<HtML%0doNpoINTerEnTeR+=+[8].find(confirm)%0dx>,script_block,0
<HtML%0doNpoINTerEnTeR+=+[8].find(confirm)%0dx>,comment,0
<HtML%0doNpoINTerEnTeR+=+[8].find(confirm)%0dx>,url_href,0
<HtML%0doNpoINTerEnTeR+=+[8].find(confirm)%0dx>,url_navigation,0
<a%0dONPOINtErEnTER%09=%09confirm()>v3dm0s,html_tag,1
<a%0dONPOINtErEnTER%09=%09confirm()>v3dm0s,html_attribute,0
<a%0dONPOINtErEnTER%09=%09confirm()>v3dm0s,html_text,1
<a%0dONPOINtErEnTER%09=%09confirm()>v3dm0s,script_block,0
<a%0dONPOINtErEnTER%09=%09confirm()>v3dm0s,comment,0
<a%0dONPOINtErEnTER%09=%09confirm()>v3dm0s,url_href,0
<a%0dONPOINtErEnTER%09=%09confirm()>v3dm0s,url_navigation,0
<A%0aONpoINtErenter%09=%09(confirm)()>v3dm0s,html_tag,1
<A%0aONpoINtErenter%09=%09(confirm)()>v3dm0s,html_attribute,0
<A%0aONpoINtErenter%09=%09(confirm)()>v3dm0s,html_text,1
<A%0aONpoINtErenter%09=%09(confirm)()>v3dm0s,script_block,0
<A%0aONpoINtErenter%09=%09(confirm)()>v3dm0s,comment,0
<A%0aONpoINtErenter%09=%09(confirm)()>v3dm0s,url_href,0
<A%0aONpoINtErenter%09=%09(confirm)()>v3dm0s,url_navigation,0
"<A%0aoNMoUsEoVER%09=%09a=prompt,a()%0dx>v3dm0s",html_tag,1
"<A%0aoNMoUsEoVER%09=%09a=prompt,a()%0dx>v3dm0s",html_attribute,0
"<A%0aoNMoUsEoVER%09=%09a=prompt,a()%0dx>v3dm0s",html_text,1
"<A%0aoNMoUsEoVER%09=%09a=prompt,a()%0dx>v3dm0s",script_block,0
"<A%0aoNMoUsEoVER%09=%09a=prompt,a()%0dx>v3dm0s",comment,0
"<A%0aoNMoUsEoVER%09=%09a=prompt,a()%0dx>v3dm0s",url_href,0
"<A%0aoNMoUsEoVER%09=%09a=prompt,a()%0dx>v3dm0s",url_navigation,0
<hTml%09oNPoIntErenter+=+[8].find(confirm)%0dx>,html_tag,0
<hTml%09oNPoIntErenter+=+[8].find(confirm)%0dx>,html_attribute,0
<hTml%09oNPoIntErenter+=+[8].find(confirm)%0dx>,html_text,0
<hTml%09oNPoIntErenter+=+[8].find(confirm)%0dx>,script_block,0
<hTml%09oNPoIntErenter+=+[8].find(confirm)%0dx>,comment,0
<hTml%09oNPoIntErenter+=+[8].find(confirm)%0dx>,url_href,0
<hTml%09oNPoIntErenter+=+[8].find(confirm)%0dx>,url_navigation,0
"<htmL%09oNPoINTerentEr%0a=%0aa=prompt,a()//",html_tag,0
"<htmL%09oNPoINTerentEr%0a=%0aa=prompt,a()//",html_attribute,0
"<htmL%09oNPoINTerentEr%0a=%0aa=prompt,a()//",html_text,0
"<htmL%09oNPoINTerentEr%0a=%0aa=prompt,a()//",script_block,0
"<htmL%09oNPoINTerentEr%0a=%0aa=prompt,a()//",comment,0
"<htmL%09oNPoINTerentEr%0a=%0aa=prompt,a()//",url_href,0
"<htmL%09oNPoINTerentEr%0a=%0aa=prompt,a()//",url_navigation,0
"<HtMl%09ONpOiNtErEnTeR%09=%09a=prompt,a()%0dx//",html_tag,0
"<HtMl%09ONpOiNtErEnTeR%09=%09a=prompt,a()%0dx//",html_attribute,0
"<HtMl%09ONpOiNtErEnTeR%09=%09a=prompt,a()%0dx//",html_text,0
"<HtMl%09ONpOiNtErEnTeR%09=%09a=prompt,a()%0dx//",script_block,0
"<HtMl%09ONpOiNtErEnTeR%09=%09a=prompt,a()%0dx//",comment,0
"<HtMl%09ONpOiNtErEnTeR%09=%09a=prompt,a()%0dx//",url_href,0
"<HtMl%09ONpOiNtErEnTeR%09=%09a=prompt,a()%0dx//",url_navigation,0
<d3v/+/onmousEoVer+=+[8].find(confirm)%0dx>v3dm0s,html_tag,0
<d3v/+/onmousEoVer+=+[8].find(confirm)%0dx>v3dm0s,html_attribute,0
<d3v/+/onmousEoVer+=+[8].find(confirm)%0dx>v3dm0s,html_text,0
<d3v/+/onmousEoVer+=+[8].find(confirm)%0dx>v3dm0s,script_block,0
<d3v/+/onmousEoVer+=+[8].find(confirm)%0dx>v3dm0s,comment,0
<d3v/+/onmousEoVer+=+[8].find(confirm)%0dx>v3dm0s,url_href,0
<d3v/+/onmousEoVer+=+[8].find(confirm)%0dx>v3dm0s,url_navigation,0
<A%0aoNpoiNTEReNTeR%0a=%0a[8].find(confirm)%0dx>v3dm0s,html_tag,1
<A%0aoNpoiNTEReNTeR%0a=%0a[8].find(confirm)%0dx>v3dm0s,html_attribute,0
<A%0aoNpoiNTEReNTeR%0a=%0a[8].find(confirm)%0dx>v3dm0s,html_text,1
<A%0aoNpoiNTEReNTeR%0a=%0a[8].find(confirm)%0dx>v3dm0s,script_block,0
<A%0aoNpoiNTEReNTeR%0a=%0a[8].find(confirm)%0dx>v3dm0s,comment,0
<A%0aoNpoiNTEReNTeR%0a=%0a[8].find(confirm)%0dx>v3dm0s,url_href,0
<A%0aoNpoiNTEReNTeR%0a=%0a[8].find(confirm)%0dx>v3dm0s,url_navigation,0
<D3v%0aOnpOiNtErEntER+=+(prompt)``%0dx>v3dm0s,html_tag,0
<D3v%0aOnpOiNtErEntER+=+(prompt)``%0dx>v3dm0s,html_attribute,0
<D3v%0aOnpOiNtErEntER+=+(prompt)``%0dx>v3dm0s,html_text,0
<D3v%0aOnpOiNtErEntER+=+(prompt)``%0dx>v3dm0s,script_block,0
<D3v%0aOnpOiNtErEntER+=+(prompt)``%0dx>v3dm0s,comment,0
<D3v%0aOnpOiNtErEntER+=+(prompt)``%0dx>v3dm0s,url_href,0
<D3v%0aOnpOiNtErEntER+=+(prompt)``%0dx>v3dm0s,url_navigation,0
<a%09onMOuSeover%0d=%0dconfirm()>v3dm0s,html_tag,1
<a%09onMOuSeover%0d=%0dconfirm()>v3dm0s,html_attribute,0
<a%09onMOuSeover%0d=%0dconfirm()>v3dm0s,html_text,1
<a%09onMOuSeover%0d=%0dconfirm()>v3dm0s,script_block,0
<a%09onMOuSeover%0d=%0dconfirm()>v3dm0s,comment,0
<a%09onMOuSeover%0d=%0dconfirm()>v3dm0s,url_href,0
<a%09onMOuSeover%0d=%0dconfirm()>v3dm0s,url_navigation,0
<DETAils/+/ONPoInTEREntER+=+[8].find(confirm)>,html_tag,0
<DETAils/+/ONPoInTEREntER+=+[8].find(confirm)>,html_attribute,0
<DETAils/+/ONPoInTEREntER+=+[8].find(confirm)>,html_text,0
<DETAils/+/ONPoInTEREntER+=+[8].find(confirm)>,script_block,0
<DETAils/+/ONPoInTEREntER+=+[8].find(confirm)>,comment,0
<DETAils/+/ONPoInTEREntER+=+[8].find(confirm)>,url_href,0
<DETAils/+/ONPoInTEREntER+=+[8].find(confirm)>,url_navigation,0
<a/+/OnpoinTerENTeR%0d=%0dconfirm()>v3dm0s,html_tag,1
<a/+/OnpoinTerENTeR%0d=%0dconfirm()>v3dm0s,html_attribute,0
<a/+/OnpoinTerENTeR%0d=%0dconfirm()>v3dm0s,html_text,1
<a/+/OnpoinTerENTeR%0d=%0dconfirm()>v3dm0s,script_block,0
<a/+/OnpoinTerENTeR%0d=%0dconfirm()>v3dm0s,comment,0
<a/+/OnpoinTerENTeR%0d=%0dconfirm()>v3dm0s,url_href,0
<a/+/OnpoinTerENTeR%0d=%0dconfirm()>v3dm0s,url_navigation,0
<d3V%09ONMOUSeover%09=%09[8].find(confirm)>v3dm0s,html_tag,1
<d3V%09ONMOUSeover%09=%09[8].find(confirm)>v3dm0s,html_attribute,0
<d3V%09ONMOUSeover%09=%09[8].find(confirm)>v3dm0s,html_text,1
<d3V%09ONMOUSeover%09=%09[8].find(confirm)>v3dm0s,script_block,0
<d3V%09ONMOUSeover%09=%09[8].find(confirm)>v3dm0s,comment,0
<d3V%09ONMOUSeover%09=%09[8].find(confirm)>v3dm0s,url_href,0
<d3V%09ONMOUSeover%09=%09[8].find(confirm)>v3dm0s,url_navigation,0
<HtmL/+/ONPoiNtEreNtER%0a=%0a(prompt)``%0dx>,html_tag,0
<HtmL/+/ONPoiNtEreNtER%0a=%0a(prompt)``%0dx>,html_attribute,0
<HtmL/+/ONPoiNtEreNtER%0a=%0a(prompt)``%0dx>,html_text,0
<HtmL/+/ONPoiNtEreNtER%0a=%0a(prompt)``%0dx>,script_block,0
<HtmL/+/ONPoiNtEreNtER%0a=%0a(prompt)``%0dx>,comment,0
<HtmL/+/ONPoiNtEreNtER%0a=%0a(prompt)``%0dx>,url_href,0
<HtmL/+/ONPoiNtEreNtER%0a=%0a(prompt)``%0dx>,url_navigation,0
"<HTml/+/onPoiNtEReNtER%0a=%0aa=prompt,a()//",html_tag,0
"<HTml/+/onPoiNtEReNtER%0a=%0aa=prompt,a()//",html_attribute,0
"<HTml/+/onPoiNtEReNtER%0a=%0aa=prompt,a()//",html_text,0
"<HTml/+/onPoiNtEReNtER%0a=%0aa=prompt,a()//",script_block,0
"<HTml/+/onPoiNtEReNtER%0a=%0aa=prompt,a()//",comment,0
"<HTml/+/onPoiNtEReNtER%0a=%0aa=prompt,a()//",url_href,0
"<HTml/+/onPoiNtEReNtER%0a=%0aa=prompt,a()//",url_navigation,0
<d3V%0aONpoinTERenter%09=%09confirm()%0dx>v3dm0s,html_tag,1
<d3V%0aONpoinTERenter%09=%09confirm()%0dx>v3dm0s,html_attribute,0
<d3V%0aONpoinTERenter%09=%09confirm()%0dx>v3dm0s,html_text,1
<d3V%0aONpoinTERenter%09=%09confirm()%0dx>v3dm0s,script_block,0
<d3V%0aONpoinTERenter%09=%09confirm()%0dx>v3dm0s,comment,0
<d3V%0aONpoinTERenter%09=%09confirm()%0dx>v3dm0s,url_href,0
<d3V%0aONpoinTERenter%09=%09confirm()%0dx>v3dm0s,url_navigation,0
<A%0aonMOUseoVER%0d=%0d(confirm)()%0dx>v3dm0s,html_tag,1
<A%0aonMOUseoVER%0d=%0d(confirm)()%0dx>v3dm0s,html_attribute,0
<A%0aonMOUseoVER%0d=%0d(confirm)()%0dx>v3dm0s,html_text,1
<A%0aonMOUseoVER%0d=%0d(confirm)()%0dx>v3dm0s,script_block,0
<A%0aonMOUseoVER%0d=%0d(confirm)()%0dx>v3dm0s,comment,0
<A%0aonMOUseoVER%0d=%0d(confirm)()%0dx>v3dm0s,url_href,0
<A%0aonMOUseoVER%0d=%0d(confirm)()%0dx>v3dm0s,url_navigation,0
<a%0donmOUsEOver+=+(prompt)``%0dx>v3dm0s,html_tag,0
<a%0donmOUsEOver+=+(prompt)``%0dx>v3dm0s,html_attribute,0
<a%0donmOUsEOver+=+(prompt)``%0dx>v3dm0s,html_text,0
<a%0donmOUsEOver+=+(prompt)``%0dx>v3dm0s,script_block,0
<a%0donmOUsEOver+=+(prompt)``%0dx>v3dm0s,comment,0
<a%0donmOUsEOver+=+(prompt)``%0dx>v3dm0s,url_href,0
<a%0donmOUsEOver+=+(prompt)``%0dx>v3dm0s,url_navigation,0
<detaILs%09oNtogGlE%0a=%0aconfirm()//,html_tag,0
<detaILs%09oNtogGlE%0a=%0aconfirm()//,html_attribute,0
<detaILs%09oNtogGlE%0a=%0aconfirm()//,html_text,0
<detaILs%09oNtogGlE%0a=%0aconfirm()//,script_block,0
<detaILs%09oNtogGlE%0a=%0aconfirm()//,comment,0
<detaILs%09oNtogGlE%0a=%0aconfirm()//,url_href,0
<detaILs%09oNtogGlE%0a=%0aconfirm()//,url_navigation,0
<a/+/ONmouSEOver%09=%09(confirm)()%0dx>v3dm0s,html_tag,1
<a/+/ONmouSEOver%09=%09(confirm)()%0dx>v3dm0s,html_attribute,0
<a/+/ONmouSEOver%09=%09(confirm)()%0dx>v3dm0s,html_text,1
<a/+/ONmouSEOver%09=%09(confirm)()%0dx>v3dm0s,script_block,0
<a/+/ONmouSEOver%09=%09(confirm)()%0dx>v3dm0s,comment,0
<a/+/ONmouSEOver%09=%09(confirm)()%0dx>v3dm0s,url_href,0
<a/+/ONmouSEOver%09=%09(confirm)()%0dx>v3dm0s,url_navigation,0
<d3v%0doNPOIntERentEr%09=%09[8].find(confirm)>v3dm0s,html_tag,1
<d3v%0doNPOIntERentEr%09=%09[8].find(confirm)>v3dm0s,html_attribute,0
<d3v%0doNPOIntERentEr%09=%09[8].find(confirm)>v3dm0s,html_text,1
<d3v%0doNPOIntERentEr%09=%09[8].find(confirm)>v3dm0s,script_block,0
<d3v%0doNPOIntERentEr%09=%09[8].find(confirm)>v3dm0s,comment,0
<d3v%0doNPOIntERentEr%09=%09[8].find(confirm)>v3dm0s,url_href,0
<d3v%0doNPOIntERentEr%09=%09[8].find(confirm)>v3dm0s,url_navigation,0
<htML/+/oNpOintErEnter%09=%09confirm()%0dx//,html_tag,0
<htML/+/oNpOintErEnter%09=%09confirm()%0dx//,html_attribute,0
<htML/+/oNpOintErEnter%09=%09confirm()%0dx//,html_text,0
<htML/+/oNpOintErEnter%09=%09confirm()%0dx//,script_block,0
<htML/+/oNpOintErEnter%09=%09confirm()%0dx//,comment,0
<htML/+/oNpOintErEnter%09=%09confirm()%0dx//,url_href,0
<htML/+/oNpOintErEnter%09=%09confirm()%0dx//,url_navigation,0
<dETaILs%0dOnpoINtERENtEr%0d=%0d[8].find(confirm)>,html_tag,0
<dETaILs%0dOnpoINtERENtEr%0d=%0d[8].find(confirm)>,html_attribute,0
<dETaILs%0dOnpoINtERENtEr%0d=%0d[8].find(confirm)>,html_text,0
<dETaILs%0dOnpoINtERENtEr%0d=%0d[8].find(confirm)>,script_block,0
<dETaILs%0dOnpoINtERENtEr%0d=%0d[8].find(confirm)>,comment,0
<dETaILs%0dOnpoINtERENtEr%0d=%0d[8].find(confirm)>,url_href,0
<dETaILs%0dOnpoINtERENtEr%0d=%0d[8].find(confirm)>,url_navigation,0
<A%09OnMouSEOVER%09=%09confirm()>v3dm0s,html_tag,1
<A%09OnMouSEOVER%09=%09confirm()>v3dm0s,html_attribute,0
<A%09OnMouSEOVER%09=%09confirm()>v3dm0s,html_text,1
<A%09OnMouSEOVER%09=%09confirm()>v3dm0s,script_block,0
<A%09OnMouSEOVER%09=%09confirm()>v3dm0s,comment,0
<A%09OnMouSEOVER%09=%09confirm()>v3dm0s,url_href,0
<A%09OnMouSEOVER%09=%09confirm()>v3dm0s,url_navigation,0
<d3v/+/onpOinTeREntEr%0d=%0d(prompt)``%0dx>v3dm0s,html_tag,1
<d3v/+/onpOinTeREntEr%0d=%0d(prompt)``%0dx>v3dm0s,html_attribute,0
<d3v/+/onpOinTeREntEr%0d=%0d(prompt)``%0dx>v3dm0s,html_text,1
<d3v/+/onpOinTeREntEr%0d=%0d(prompt)``%0dx>v3dm0s,script_block,0
<d3v/+/onpOinTeREntEr%0d=%0d(prompt)``%0dx>v3dm0s,comment,0
<d3v/+/onpOinTeREntEr%0d=%0d(prompt)``%0dx>v3dm0s,url_href,0
<d3v/+/onpOinTeREntEr%0d=%0d(prompt)``%0dx>v3dm0s,url_navigation,0
<A/+/oNMOuseoVeR%0a=%0a(prompt)``%0dx>v3dm0s,html_tag,1
<A/+/oNMOuseoVeR%0a=%0a(prompt)``%0dx>v3dm0s,html_attribute,0
<A/+/oNMOuseoVeR%0a=%0a(prompt)``%0dx>v3dm0s,html_text,1
<A/+/oNMOuseoVeR%0a=%0a(prompt)``%0dx>v3dm0s,script_block,0
<A/+/oNMOuseoVeR%0a=%0a(prompt)``%0dx>v3dm0s,comment,0
<A/+/oNMOuseoVeR%0a=%0a(prompt)``%0dx>v3dm0s,url_href,0
<A/+/oNMOuseoVeR%0a=%0a(prompt)``%0dx>v3dm0s,url_navigation,0
<DeTAILS/+/OntogGle%09=%09confirm()//,html_tag,0
<DeTAILS/+/OntogGle%09=%09confirm()//,html_attribute,0
<DeTAILS/+/OntogGle%09=%09confirm()//,html_text,0
<DeTAILS/+/OntogGle%09=%09confirm()//,script_block,0
<DeTAILS/+/OntogGle%09=%09confirm()//,comment,0
<DeTAILS/+/OntogGle%09=%09confirm()//,url_href,0
<DeTAILS/+/OntogGle%09=%09confirm()//,url_navigation,0
<D3v%09OnmOuSEovER%0d=%0dconfirm()>v3dm0s,html_tag,1
<D3v%09OnmOuSEovER%0d=%0dconfirm()>v3dm0s,html_attribute,0
<D3v%09OnmOuSEovER%0d=%0dconfirm()>v3dm0s,html_text,1
<D3v%09OnmOuSEovER%0d=%0dconfirm()>v3dm0s,script_block,0
<D3v%09OnmOuSEovER%0d=%0dconfirm()>v3dm0s,comment,0
<D3v%09OnmOuSEovER%0d=%0dconfirm()>v3dm0s,url_href,0
<D3v%09OnmOuSEovER%0d=%0dconfirm()>v3dm0s,url_navigation,0
<dETaIlS/+/OntOGGlE%0d=%0dconfirm()%0dx//,html_tag,0
<dETaIlS/+/OntOGGlE%0d=%0dconfirm()%0dx//,html_attribute,0
<dETaIlS/+/OntOGGlE%0d=%0dconfirm()%0dx//,html_text,0
<dETaIlS/+/OntOGGlE%0d=%0dconfirm()%0dx//,script_block,0
<dETaIlS/+/OntOGGlE%0d=%0dconfirm()%0dx//,comment,0
<dETaIlS/+/OntOGGlE%0d=%0dconfirm()%0dx//,url_href,0
<dETaIlS/+/OntOGGlE%0d=%0dconfirm()%0dx//,url_navigation,0
<d3v%0aOnMouSEoVEr%0a=%0a(confirm)()>v3dm0s,html_tag,1
<d3v%0aOnMouSEoVEr%0a=%0a(confirm)()>v3dm0s,html_attribute,0
<d3v%0aOnMouSEoVEr%0a=%0a(confirm)()>v3dm0s,html_text,1
<d3v%0aOnMouSEoVEr%0a=%0a(confirm)()>v3dm0s,script_block,0
<d3v%0aOnMouSEoVEr%0a=%0a(confirm)()>v3dm0s,comment,0
<d3v%0aOnMouSEoVEr%0a=%0a(confirm)()>v3dm0s,url_href,0
<d3v%0aOnMouSEoVEr%0a=%0a(confirm)()>v3dm0s,url_navigation,0
<d3V%0dOnpOINterENTer%0d=%0d[8].find(confirm)>v3dm0s,html_tag,1
<d3V%0dOnpOINterENTer%0d=%0d[8].find(confirm)>v3dm0s,html_attribute,0
<d3V%0dOnpOINterENTer%0d=%0d[8].find(confirm)>v3dm0s,html_text,1
<d3V%0dOnpOINterENTer%0d=%0d[8].find(confirm)>v3dm0s,script_block,0
<d3V%0dOnpOINterENTer%0d=%0d[8].find(confirm)>v3dm0s,comment,0
<d3V%0dOnpOINterENTer%0d=%0d[8].find(confirm)>v3dm0s,url_href,0
<d3V%0dOnpOINterENTer%0d=%0d[8].find(confirm)>v3dm0s,url_navigation,0
<hTMl%0doNmoUSeoVer+=+(prompt)``%0dx//,html_tag,0
<hTMl%0doNmoUSeoVer+=+(prompt)``%0dx//,html_attribute,0
<hTMl%0doNmoUSeoVer+=+(prompt)``%0dx//,html_text,0
<hTMl%0doNmoUSeoVer+=+(prompt)``%0dx//,script_block,0
<hTMl%0doNmoUSeoVer+=+(prompt)``%0dx//,comment,0
<hTMl%0doNmoUSeoVer+=+(prompt)``%0dx//,url_href,0
<hTMl%0doNmoUSeoVer+=+(prompt)``%0dx//,url_navigation,0
<A%0aonPOinteREnTeR%09=%09[8].find(confirm)%0dx>v3dm0s,html_tag,1
<A%0aonPOinteREnTeR%09=%09[8].find(confirm)%0dx>v3dm0s,html_attribute,0
<A%0aonPOinteREnTeR%09=%09[8].find(confirm)%0dx>v3dm0s,html_text,1
<A%0aonPOinteREnTeR%09=%09[8].find(confirm)%0dx>v3dm0s,script_block,0
<A%0aonPOinteREnTeR%09=%09[8].find(confirm)%0dx>v3dm0s,comment,0
<A%0aonPOinteREnTeR%09=%09[8].find(confirm)%0dx>v3dm0s,url_href,0
<A%0aonPOinteREnTeR%09=%09[8].find(confirm)%0dx>v3dm0s,url_navigation,0
<DeTAILS/+/OnPOINTeREnTER%0a=%0aconfirm()>,html_tag,0
<DeTAILS/+/OnPOINTeREnTER%0a=%0aconfirm()>,html_attribute,0
<DeTAILS/+/OnPOINTeREnTER%0a=%0aconfirm()>,html_text,0
<DeTAILS/+/OnPOINTeREnTER%0a=%0aconfirm()>,script_block,0
<DeTAILS/+/OnPOINTeREnTER%0a=%0aconfirm()>,comment,0
<DeTAILS/+/OnPOINTeREnTER%0a=%0aconfirm()>,url_href,0
<DeTAILS/+/OnPOINTeREnTER%0a=%0aconfirm()>,url_navigation,0
<D3v/+/ONpoiNTErENTeR%09=%09(confirm)()>v3dm0s,html_tag,1
<D3v/+/ONpoiNTErENTeR%09=%09(confirm)()>v3dm0s,html_attribute,0
<D3v/+/ONpoiNTErENTeR%09=%09(confirm)()>v3dm0s,html_text,1
<D3v/+/ONpoiNTErENTeR%09=%09(confirm)()>v3dm0s,script_block,0
<D3v/+/ONpoiNTErENTeR%09=%09(confirm)()>v3dm0s,comment,0
<D3v/+/ONpoiNTErENTeR%09=%09(confirm)()>v3dm0s,url_href,0
<D3v/+/ONpoiNTErENTeR%09=%09(confirm)()>v3dm0s,url_navigation,0
"<A/+/onmoUSEoVER%09=%09a=prompt,a()%0dx>v3dm0s",html_tag,1
"<A/+/onmoUSEoVER%09=%09a=prompt,a()%0dx>v3dm0s",html_attribute,0
"<A/+/onmoUSEoVER%09=%09a=prompt,a()%0dx>v3dm0s",html_text,1
"<A/+/onmoUSEoVER%09=%09a=prompt,a()%0dx>v3dm0s",script_block,0
"<A/+/onmoUSEoVER%09=%09a=prompt,a()%0dx>v3dm0s",comment,0
"<A/+/onmoUSEoVER%09=%09a=prompt,a()%0dx>v3dm0s",url_href,0
"<A/+/onmoUSEoVER%09=%09a=prompt,a()%0dx>v3dm0s",url_navigation,0
<A%0donmOUSeovER%0a=%0aconfirm()%0dx>v3dm0s,html_tag,1
<A%0donmOUSeovER%0a=%0aconfirm()%0dx>v3dm0s,html_attribute,0
<A%0donmOUSeovER%0a=%0aconfirm()%0dx>v3dm0s,html_text,1
<A%0donmOUSeovER%0a=%0aconfirm()%0dx>v3dm0s,script_block,0
<A%0donmOUSeovER%0a=%0aconfirm()%0dx>v3dm0s,comment,0
<A%0donmOUSeovER%0a=%0aconfirm()%0dx>v3dm0s,url_href,0
<A%0donmOUSeovER%0a=%0aconfirm()%0dx>v3dm0s,url_navigation,0
<d3v/+/onmousEoVER%09=%09(confirm)()%0dx>v3dm0s,html_tag,1
<d3v/+/onmousEoVER%09=%09(confirm)()%0dx>v3dm0s,html_attribute,0
<d3v/+/onmousEoVER%09=%09(confirm)()%0dx>v3dm0s,html_text,1
<d3v/+/onmousEoVER%09=%09(confirm)()%0dx>v3dm0s,script_block,0
<d3v/+/onmousEoVER%09=%09(confirm)()%0dx>v3dm0s,comment,0
<d3v/+/onmousEoVER%09=%09(confirm)()%0dx>v3dm0s,url_href,0
<d3v/+/onmousEoVER%09=%09(confirm)()%0dx>v3dm0s,url_navigation,0
<hTmL%0dOnPoINtErenTer%0d=%0dconfirm()%0dx//,html_tag,0
<hTmL%0dOnPoINtErenTer%0d=%0dconfirm()%0dx//,html_attribute,0
<hTmL%0dOnPoINtErenTer%0d=%0dconfirm()%0dx//,html_text,0
<hTmL%0dOnPoINtErenTer%0d=%0dconfirm()%0dx//,script_block,0
<hTmL%0dOnPoINtErenTer%0d=%0dconfirm()%0dx//,comment,0
<hTmL%0dOnPoINtErenTer%0d=%0dconfirm()%0dx//,url_href,0
<hTmL%0dOnPoINtErenTer%0d=%0dconfirm()%0dx//,url_navigation,0
<D3v%0donMoUSeOVEr%0d=%0d[8].find(confirm)%0dx>v3dm0s,html_tag,1
<D3v%0donMoUSeOVEr%0d=%0d[8].find(confirm)%0dx>v3dm0s,html_attribute,0
<D3v%0donMoUSeOVEr%0d=%0d[8].find(confirm)%0dx>v3dm0s,html_text,1
<D3v%0donMoUSeOVEr%0d=%0d[8].find(confirm)%0dx>v3dm0s,script_block,0
<D3v%0donMoUSeOVEr%0d=%0d[8].find(confirm)%0dx>v3dm0s,comment,0
<D3v%0donMoUSeOVEr%0d=%0d[8].find(confirm)%0dx>v3dm0s,url_href,0
<D3v%0donMoUSeOVEr%0d=%0d[8].find(confirm)%0dx>v3dm0s,url_navigation,0
<html%0dONpointERenter+=+[8].find(confirm)>,html_tag,0
<html%0dONpointERenter+=+[8].find(confirm)>,html_attribute,0
<html%0dONpointERenter+=+[8].find(confirm)>,html_text,0
<html%0dONpointERenter+=+[8].find(confirm)>,script_block,0
<html%0dONpointERenter+=+[8].find(confirm)>,comment,0
<html%0dONpointERenter+=+[8].find(confirm)>,url_href,0
<html%0dONpointERenter+=+[8].find(confirm)>,url_navigation,0
<HtmL%0donPOiNtEReNTEr%0d=%0d(prompt)``//,html_tag,0
<HtmL%0donPOiNtEReNTEr%0d=%0d(prompt)``//,html_attribute,0
<HtmL%0donPOiNtEReNTEr%0d=%0d(prompt)``//,html_text,0
<HtmL%0donPOiNtEReNTEr%0d=%0d(prompt)``//,script_block,0
<HtmL%0donPOiNtEReNTEr%0d=%0d(prompt)``//,comment,0
<HtmL%0donPOiNtEReNTEr%0d=%0d(prompt)``//,url_href,0
<HtmL%0donPOiNtEReNTEr%0d=%0d(prompt)``//,url_navigation,0
<DEtaIlS%0aontoggle+=+confirm()>,html_tag,0
<DEtaIlS%0aontoggle+=+confirm()>,html_attribute,0
<DEtaIlS%0aontoggle+=+confirm()>,html_text,0
<DEtaIlS%0aontoggle+=+confirm()>,script_block,0
<DEtaIlS%0aontoggle+=+confirm()>,comment,0
<DEtaIlS%0aontoggle+=+confirm()>,url_href,0
<DEtaIlS%0aontoggle+=+confirm()>,url_navigation,0
<dEtAILs/+/OnToGgLE+=+confirm()%0dx>,html_tag,0
<dEtAILs/+/OnToGgLE+=+confirm()%0dx>,html_attribute,0
<dEtAILs/+/OnToGgLE+=+confirm()%0dx>,html_text,0
<dEtAILs/+/OnToGgLE+=+confirm()%0dx>,script_block,0
<dEtAILs/+/OnToGgLE+=+confirm()%0dx>,comment,0
<dEtAILs/+/OnToGgLE+=+confirm()%0dx>,url_href,0
<dEtAILs/+/OnToGgLE+=+confirm()%0dx>,url_navigation,0
"<dEtailS%09oNpoInTerENTEr+=+a=prompt,a()%0dx//",html_tag,0
"<dEtailS%09oNpoInTerENTEr+=+a=prompt,a()%0dx//",html_attribute,0
"<dEtailS%09oNpoInTerENTEr+=+a=prompt,a()%0dx//",html_text,0
"<dEtailS%09oNpoInTerENTEr+=+a=prompt,a()%0dx//",script_block,0
"<dEtailS%09oNpoInTerENTEr+=+a=prompt,a()%0dx//",comment,0
"<dEtailS%09oNpoInTerENTEr+=+a=prompt,a()%0dx//",url_href,0
"<dEtailS%09oNpoInTerENTEr+=+a=prompt,a()%0dx//",url_navigation,0
"<A/+/oNPOiNTereNteR%0d=%0da=prompt,a()>v3dm0s",html_tag,1
"<A/+/oNPOiNTereNteR%0d=%0da=prompt,a()>v3dm0s",html_attribute,0
"<A/+/oNPOiNTereNteR%0d=%0da=prompt,a()>v3dm0s",html_text,1
"<A/+/oNPOiNTereNteR%0d=%0da=prompt,a()>v3dm0s",script_block,0
"<A/+/oNPOiNTereNteR%0d=%0da=prompt,a()>v3dm0s",comment,0
"<A/+/oNPOiNTereNteR%0d=%0da=prompt,a()>v3dm0s",url_href,0
"<A/+/oNPOiNTereNteR%0d=%0da=prompt,a()>v3dm0s",url_navigation,0
"<Html%0aoNMousEoVeR%0d=%0da=prompt,a()%0dx>",html_tag,0
"<Html%0aoNMousEoVeR%0d=%0da=prompt,a()%0dx>",html_attribute,0
"<Html%0aoNMousEoVeR%0d=%0da=prompt,a()%0dx>",html_text,0
"<Html%0aoNMousEoVeR%0d=%0da=prompt,a()%0dx>",script_block,0
"<Html%0aoNMousEoVeR%0d=%0da=prompt,a()%0dx>",comment,0
"<Html%0aoNMousEoVeR%0d=%0da=prompt,a()%0dx>",url_href,0
"<Html%0aoNMousEoVeR%0d=%0da=prompt,a()%0dx>",url_navigation,0
<D3v%09oNMOuSeoveR+=+(confirm)()%0dx>v3dm0s,html_tag,0
<D3v%09oNMOuSeoveR+=+(confirm)()%0dx>v3dm0s,html_attribute,0
<D3v%09oNMOuSeoveR+=+(confirm)()%0dx>v3dm0s,html_text,0
<D3v%09oNMOuSeoveR+=+(confirm)()%0dx>v3dm0s,script_block,0
<D3v%09oNMOuSeoveR+=+(confirm)()%0dx>v3dm0s,comment,0
<D3v%09oNMOuSeoveR+=+(confirm)()%0dx>v3dm0s,url_href,0
<D3v%09oNMOuSeoveR+=+(confirm)()%0dx>v3dm0s,url_navigation,0
<dEtailS%09ONtOGGle%09=%09[8].find(confirm)%0dx//,html_tag,0
<dEtailS%09ONtOGGle%09=%09[8].find(confirm)%0dx//,html_attribute,0
<dEtailS%09ONtOGGle%09=%09[8].find(confirm)%0dx//,html_text,0
<dEtailS%09ONtOGGle%09=%09[8].find(confirm)%0dx//,script_block,0
<dEtailS%09ONtOGGle%09=%09[8].find(confirm)%0dx//,comment,0
<dEtailS%09ONtOGGle%09=%09[8].find(confirm)%0dx//,url_href,0
<dEtailS%09ONtOGGle%09=%09[8].find(confirm)%0dx//,url_navigation,0
<a%0aOnPOINteREnteR%0a=%0aconfirm()>v3dm0s,html_tag,1
<a%0aOnPOINteREnteR%0a=%0aconfirm()>v3dm0s,html_attribute,0
<a%0aOnPOINteREnteR%0a=%0aconfirm()>v3dm0s,html_text,1
<a%0aOnPOINteREnteR%0a=%0aconfirm()>v3dm0s,script_block,0
<a%0aOnPOINteREnteR%0a=%0aconfirm()>v3dm0s,comment,0
<a%0aOnPOINteREnteR%0a=%0aconfirm()>v3dm0s,url_href,0
<a%0aOnPOINteREnteR%0a=%0aconfirm()>v3dm0s,url_navigation,0
<HTML%0aOnpoiNterenTeR%0a=%0a(prompt)``%0dx//,html_tag,0
<HTML%0aOnpoiNterenTeR%0a=%0a(prompt)``%0dx//,html_attribute,0
<HTML%0aOnpoiNterenTeR%0a=%0a(prompt)``%0dx//,html_text,0
<HTML%0aOnpoiNterenTeR%0a=%0a(prompt)``%0dx//,script_block,0
<HTML%0aOnpoiNterenTeR%0a=%0a(prompt)``%0dx//,comment,0
<HTML%0aOnpoiNterenTeR%0a=%0a(prompt)``%0dx//,url_href,0
<HTML%0aOnpoiNterenTeR%0a=%0a(prompt)``%0dx//,url_navigation,0
<a%0aONMOusEoVEr%0a=%0aconfirm()%0dx>v3dm0s,html_tag,1
<a%0aONMOusEoVEr%0a=%0aconfirm()%0dx>v3dm0s,html_attribute,0
<a%0aONMOusEoVEr%0a=%0aconfirm()%0dx>v3dm0s,html_text,1
<a%0aONMOusEoVEr%0a=%0aconfirm()%0dx>v3dm0s,script_block,0
<a%0aONMOusEoVEr%0a=%0aconfirm()%0dx>v3dm0s,comment,0
<a%0aONMOusEoVEr%0a=%0aconfirm()%0dx>v3dm0s,url_href,0
<a%0aONMOusEoVEr%0a=%0aconfirm()%0dx>v3dm0s,url_navigation,0
<htmL%0aONMOUsEovER%0a=%0aconfirm()%0dx//,html_tag,0
<htmL%0aONMOUsEovER%0a=%0aconfirm()%0dx//,html_attribute,0
<htmL%0aONMOUsEovER%0a=%0aconfirm()%0dx//,html_text,0
<htmL%0aONMOUsEovER%0a=%0aconfirm()%0dx//,script_block,0
<htmL%0aONMOUsEovER%0a=%0aconfirm()%0dx//,comment,0
<htmL%0aONMOUsEovER%0a=%0aconfirm()%0dx//,url_href,0
<htmL%0aONMOUsEovER%0a=%0aconfirm()%0dx//,url_navigation,0
"<A/+/OnPOIntEREntER%09=%09a=prompt,a()>v3dm0s",html_tag,1
"<A/+/OnPOIntEREntER%09=%09a=prompt,a()>v3dm0s",html_attribute,0
"<A/+/OnPOIntEREntER%09=%09a=prompt,a()>v3dm0s",html_text,1
"<A/+/OnPOIntEREntER%09=%09a=prompt,a()>v3dm0s",script_block,0
"<A/+/OnPOIntEREntER%09=%09a=prompt,a()>v3dm0s",comment,0
"<A/+/OnPOIntEREntER%09=%09a=prompt,a()>v3dm0s",url_href,0
"<A/+/OnPOIntEREntER%09=%09a=prompt,a()>v3dm0s",url_navigation,0
<D3V%09onMoUSeOvER%0a=%0a(confirm)()>v3dm0s,html_tag,1
<D3V%09onMoUSeOvER%0a=%0a(confirm)()>v3dm0s,html_attribute,0
<D3V%09onMoUSeOvER%0a=%0a(confirm)()>v3dm0s,html_text,1
<D3V%09onMoUSeOvER%0a=%0a(confirm)()>v3dm0s,script_block,0
<D3V%09onMoUSeOvER%0a=%0a(confirm)()>v3dm0s,comment,0
<D3V%09onMoUSeOvER%0a=%0a(confirm)()>v3dm0s,url_href,0
<D3V%09onMoUSeOvER%0a=%0a(confirm)()>v3dm0s,url_navigation,0
<D3V%09ONPOinTErENTER%0d=%0dconfirm()%0dx>v3dm0s,html_tag,1
<D3V%09ONPOinTErENTER%0d=%0dconfirm()%0dx>v3dm0s,html_attribute,0
<D3V%09ONPOinTErENTER%0d=%0dconfirm()%0dx>v3dm0s,html_text,1
<D3V%09ONPOinTErENTER%0d=%0dconfirm()%0dx>v3dm0s,script_block,0
<D3V%09ONPOinTErENTER%0d=%0dconfirm()%0dx>v3dm0s,comment,0
<D3V%09ONPOinTErENTER%0d=%0dconfirm()%0dx>v3dm0s,url_href,0
<D3V%09ONPOinTErENTER%0d=%0dconfirm()%0dx>v3dm0s,url_navigation,0
<htMl%0aOnpOiNTerENTeR%0a=%0a(confirm)()%0dx>,html_tag,0
<htMl%0aOnpOiNTerENTeR%0a=%0a(confirm)()%0dx>,html_attribute,0
<htMl%0aOnpOiNTerENTeR%0a=%0a(confirm)()%0dx>,html_text,0
<htMl%0aOnpOiNTerENTeR%0a=%0a(confirm)()%0dx>,script_block,0
<htMl%0aOnpOiNTerENTeR%0a=%0a(confirm)()%0dx>,comment,0
<htMl%0aOnpOiNTerENTeR%0a=%0a(confirm)()%0dx>,url_href,0
<htMl%0aOnpOiNTerENTeR%0a=%0a(confirm)()%0dx>,url_navigation,0
<htmL%0aoNmousEoVER%0d=%0d(prompt)``%0dx>,html_tag,0
<htmL%0aoNmousEoVER%0d=%0d(prompt)``%0dx>,html_attribute,0
<htmL%0aoNmousEoVER%0d=%0d(prompt)``%0dx>,html_text,0
<htmL%0aoNmousEoVER%0d=%0d(prompt)``%0dx>,script_block,0
<htmL%0aoNmousEoVER%0d=%0d(prompt)``%0dx>,comment,0
<htmL%0aoNmousEoVER%0d=%0d(prompt)``%0dx>,url_href,0
<htmL%0aoNmousEoVER%0d=%0d(prompt)``%0dx>,url_navigation,0
<dEtailS/+/onpoInTeReNteR%0d=%0d[8].find(confirm)%0dx//,html_tag,0
<dEtailS/+/onpoInTeReNteR%0d=%0d[8].find(confirm)%0dx//,html_attribute,0
<dEtailS/+/onpoInTeReNteR%0d=%0d[8].find(confirm)%0dx//,html_text,0
<dEtailS/+/onpoInTeReNteR%0d=%0d[8].find(confirm)%0dx//,script_block,0
<dEtailS/+/onpoInTeReNteR%0d=%0d[8].find(confirm)%0dx//,comment,0
<dEtailS/+/onpoInTeReNteR%0d=%0d[8].find(confirm)%0dx//,url_href,0
<dEtailS/+/onpoInTeReNteR%0d=%0d[8].find(confirm)%0dx//,url_navigation,0
<d3V/+/oNPoINTerEntER+=+(prompt)``>v3dm0s,html_tag,0
<d3V/+/oNPoINTerEntER+=+(prompt)``>v3dm0s,html_attribute,0
<d3V/+/oNPoINTerEntER+=+(prompt)``>v3dm0s,html_text,0
<d3V/+/oNPoINTerEntER+=+(prompt)``>v3dm0s,script_block,0
<d3V/+/oNPoINTerEntER+=+(prompt)``>v3dm0s,comment,0
<d3V/+/oNPoINTerEntER+=+(prompt)``>v3dm0s,url_href,0
<d3V/+/oNPoINTerEntER+=+(prompt)``>v3dm0s,url_navigation,0
<d3V%0aOnPOinTerenter%09=%09(confirm)()%0dx>v3dm0s,html_tag,1
<d3V%0aOnPOinTerenter%09=%09(confirm)()%0dx>v3dm0s,html_attribute,0
<d3V%0aOnPOinTerenter%09=%09(confirm)()%0dx>v3dm0s,html_text,1
<d3V%0aOnPOinTerenter%09=%09(confirm)()%0dx>v3dm0s,script_block,0
<d3V%0aOnPOinTerenter%09=%09(confirm)()%0dx>v3dm0s,comment,0
<d3V%0aOnPOinTerenter%09=%09(confirm)()%0dx>v3dm0s,url_href,0
<d3V%0aOnPOinTerenter%09=%09(confirm)()%0dx>v3dm0s,url_navigation,0
<HtmL/+/ONPOiNTErentER%09=%09[8].find(confirm)%0dx>,html_tag,0
<HtmL/+/ONPOiNTErentER%09=%09[8].find(confirm)%0dx>,html_attribute,0
<HtmL/+/ONPOiNTErentER%09=%09[8].find(confirm)%0dx>,html_text,0
<HtmL/+/ONPOiNTErentER%09=%09[8].find(confirm)%0dx>,script_block,0
<HtmL/+/ONPOiNTErentER%09=%09[8].find(confirm)%0dx>,comment,0
<HtmL/+/ONPOiNTErentER%09=%09[8].find(confirm)%0dx>,url_href,0
<HtmL/+/ONPOiNTErentER%09=%09[8].find(confirm)%0dx>,url_navigation,0
"<D3v%09oNPOinTEREnTER%0d=%0da=prompt,a()>v3dm0s",html_tag,1
"<D3v%09oNPOinTEREnTER%0d=%0da=prompt,a()>v3dm0s",html_attribute,0
"<D3v%09oNPOinTEREnTER%0d=%0da=prompt,a()>v3dm0s",html_text,1
"<D3v%09oNPOinTEREnTER%0d=%0da=prompt,a()>v3dm0s",script_block,0
"<D3v%09oNPOinTEREnTER%0d=%0da=prompt,a()>v3dm0s",comment,0
"<D3v%09oNPOinTEREnTER%0d=%0da=prompt,a()>v3dm0s",url_href,0
"<D3v%09oNPOinTEREnTER%0d=%0da=prompt,a()>v3dm0s",url_navigation,0
<D3v/+/ONMOUseoveR%09=%09(prompt)``%0dx>v3dm0s,html_tag,1
<D3v/+/ONMOUseoveR%09=%09(prompt)``%0dx>v3dm0s,html_attribute,0
<D3v/+/ONMOUseoveR%09=%09(prompt)``%0dx>v3dm0s,html_text,1
<D3v/+/ONMOUseoveR%09=%09(prompt)``%0dx>v3dm0s,script_block,0
<D3v/+/ONMOUseoveR%09=%09(prompt)``%0dx>v3dm0s,comment,0
<D3v/+/ONMOUseoveR%09=%09(prompt)``%0dx>v3dm0s,url_href,0
<D3v/+/ONMOUseoveR%09=%09(prompt)``%0dx>v3dm0s,url_navigation,0
"<htML%0aONpOIntereNtER%0d=%0da=prompt,a()//",html_tag,0
"<htML%0aONpOIntereNtER%0d=%0da=prompt,a()//",html_attribute,0
"<htML%0aONpOIntereNtER%0d=%0da=prompt,a()//",html_text,0
"<htML%0aONpOIntereNtER%0d=%0da=prompt,a()//",script_block,0
"<htML%0aONpOIntereNtER%0d=%0da=prompt,a()//",comment,0
"<htML%0aONpOIntereNtER%0d=%0da=prompt,a()//",url_href,0
"<htML%0aONpOIntereNtER%0d=%0da=prompt,a()//",url_navigation,0
<DeTails/+/OnTOggLE%0a=%0a[8].find(confirm)>,html_tag,0
<DeTails/+/OnTOggLE%0a=%0a[8].find(confirm)>,html_attribute,0
<DeTails/+/OnTOggLE%0a=%0a[8].find(confirm)>,html_text,0
<DeTails/+/OnTOggLE%0a=%0a[8].find(confirm)>,script_block,0
<DeTails/+/OnTOggLE%0a=%0a[8].find(confirm)>,comment,0
<DeTails/+/OnTOggLE%0a=%0a[8].find(confirm)>,url_href,0
<DeTails/+/OnTOggLE%0a=%0a[8].find(confirm)>,url_navigation,0
<D3V%0aONpOInTEREnTeR%0d=%0d(confirm)()>v3dm0s,html_tag,1
<D3V%0aONpOInTEREnTeR%0d=%0d(confirm)()>v3dm0s,html_attribute,0
<D3V%0aONpOInTEREnTeR%0d=%0d(confirm)()>v3dm0s,html_text,1
<D3V%0aONpOInTEREnTeR%0d=%0d(confirm)()>v3dm0s,script_block,0
<D3V%0aONpOInTEREnTeR%0d=%0d(confirm)()>v3dm0s,comment,0
<D3V%0aONpOInTEREnTeR%0d=%0d(confirm)()>v3dm0s,url_href,0
<D3V%0aONpOInTEREnTeR%0d=%0d(confirm)()>v3dm0s,url_navigation,0
<A/+/onmOuseoVEr%0d=%0d(confirm)()%0dx>v3dm0s,html_tag,1
<A/+/onmOuseoVEr%0d=%0d(confirm)()%0dx>v3dm0s,html_attribute,0
<A/+/onmOuseoVEr%0d=%0d(confirm)()%0dx>v3dm0s,html_text,1
<A/+/onmOuseoVEr%0d=%0d(confirm)()%0dx>v3dm0s,script_block,0
<A/+/onmOuseoVEr%0d=%0d(confirm)()%0dx>v3dm0s,comment,0
<A/+/onmOuseoVEr%0d=%0d(confirm)()%0dx>v3dm0s,url_href,0
<A/+/onmOuseoVEr%0d=%0d(confirm)()%0dx>v3dm0s,url_navigation,0
<HTML%0dONPOinterenTeR+=+confirm()%0dx//,html_tag,0
<HTML%0dONPOinterenTeR+=+confirm()%0dx//,html_attribute,0
<HTML%0dONPOinterenTeR+=+confirm()%0dx//,html_text,0
<HTML%0dONPOinterenTeR+=+confirm()%0dx//,script_block,0
<HTML%0dONPOinterenTeR+=+confirm()%0dx//,comment,0
<HTML%0dONPOinterenTeR+=+confirm()%0dx//,url_href,0
<HTML%0dONPOinterenTeR+=+confirm()%0dx//,url_navigation,0
<D3v%09ONmOUseoveR%0d=%0d(prompt)``%0dx>v3dm0s,html_tag,1
<D3v%09ONmOUseoveR%0d=%0d(prompt)``%0dx>v3dm0s,html_attribute,0
<D3v%09ONmOUseoveR%0d=%0d(prompt)``%0dx>v3dm0s,html_text,1
<D3v%09ONmOUseoveR%0d=%0d(prompt)``%0dx>v3dm0s,script_block,0
<D3v%09ONmOUseoveR%0d=%0d(prompt)``%0dx>v3dm0s,comment,0
<D3v%09ONmOUseoveR%0d=%0d(prompt)``%0dx>v3dm0s,url_href,0
<D3v%09ONmOUseoveR%0d=%0d(prompt)``%0dx>v3dm0s,url_navigation,0
<d3v%09OnpoiNteRentER%0d=%0dconfirm()>v3dm0s,html_tag,1
<d3v%09OnpoiNteRentER%0d=%0dconfirm()>v3dm0s,html_attribute,0
<d3v%09OnpoiNteRentER%0d=%0dconfirm()>v3dm0s,html_text,1
<d3v%09OnpoiNteRentER%0d=%0dconfirm()>v3dm0s,script_block,0
<d3v%09OnpoiNteRentER%0d=%0dconfirm()>v3dm0s,comment,0
<d3v%09OnpoiNteRentER%0d=%0dconfirm()>v3dm0s,url_href,0
<d3v%09OnpoiNteRentER%0d=%0dconfirm()>v3dm0s,url_navigation,0
<HTmL%09ONpoinTerentEr+=+confirm()>,html_tag,0
<HTmL%09ONpoinTerentEr+=+confirm()>,html_attribute,0
<HTmL%09ONpoinTerentEr+=+confirm()>,html_text,0
<HTmL%09ONpoinTerentEr+=+confirm()>,script_block,0
<HTmL%09ONpoinTerentEr+=+confirm()>,comment,0
<HTmL%09ONpoinTerentEr+=+confirm()>,url_href,0
<HTmL%09ONpoinTerentEr+=+confirm()>,url_navigation,0
<html/+/ONpOInterenteR%09=%09confirm()>,html_tag,0
<html/+/ONpOInterenteR%09=%09confirm()>,html_attribute,0
<html/+/ONpOInterenteR%09=%09confirm()>,html_text,0
<html/+/ONpOInterenteR%09=%09confirm()>,script_block,0
<html/+/ONpOInterenteR%09=%09confirm()>,comment,0
<html/+/ONpOInterenteR%09=%09confirm()>,url_href,0
<html/+/ONpOInterenteR%09=%09confirm()>,url_navigation,0
<d3v/+/oNpOInTeReNtEr%09=%09(prompt)``%0dx>v3dm0s,html_tag,1
<d3v/+/oNpOInTeReNtEr%09=%09(prompt)``%0dx>v3dm0s,html_attribute,0
<d3v/+/oNpOInTeReNtEr%09=%09(prompt)``%0dx>v3dm0s,html_text,1
<d3v/+/oNpOInTeReNtEr%09=%09(prompt)``%0dx>v3dm0s,script_block,0
<d3v/+/oNpOInTeReNtEr%09=%09(prompt)``%0dx>v3dm0s,comment,0
<d3v/+/oNpOInTeReNtEr%09=%09(prompt)``%0dx>v3dm0s,url_href,0
<d3v/+/oNpOInTeReNtEr%09=%09(prompt)``%0dx>v3dm0s,url_navigation,0
<DetaiLs%09oNTOGglE+=+confirm()%0dx//,html_tag,0
<DetaiLs%09oNTOGglE+=+confirm()%0dx//,html_attribute,0
<DetaiLs%09oNTOGglE+=+confirm()%0dx//,html_text,0
<DetaiLs%09oNTOGglE+=+confirm()%0dx//,script_block,0
<DetaiLs%09oNTOGglE+=+confirm()%0dx//,comment,0
<DetaiLs%09oNTOGglE+=+confirm()%0dx//,url_href,0
<DetaiLs%09oNTOGglE+=+confirm()%0dx//,url_navigation,0
<DeTAiLS/+/oNTOGGlE+=+(prompt)``//,html_tag,0
<DeTAiLS/+/oNTOGGlE+=+(prompt)``//,html_attribute,0
<DeTAiLS/+/oNTOGGlE+=+(prompt)``//,html_text,0
<DeTAiLS/+/oNTOGGlE+=+(prompt)``//,script_block,0
<DeTAiLS/+/oNTOGGlE+=+(prompt)``//,comment,0
<DeTAiLS/+/oNTOGGlE+=+(prompt)``//,url_href,0
<DeTAiLS/+/oNTOGGlE+=+(prompt)``//,url_navigation,0
"<html/+/ONPointErEnteR%0a=%0aa=prompt,a()>",html_tag,0
"<html/+/ONPointErEnteR%0a=%0aa=prompt,a()>",html_attribute,0
"<html/+/ONPointErEnteR%0a=%0aa=prompt,a()>",html_text,0
"<html/+/ONPointErEnteR%0a=%0aa=prompt,a()>",script_block,0
"<html/+/ONPointErEnteR%0a=%0aa=prompt,a()>",comment,0
"<html/+/ONPointErEnteR%0a=%0aa=prompt,a()>",url_href,0
"<html/+/ONPointErEnteR%0a=%0aa=prompt,a()>",url_navigation,0
<D3v%09oNMOuSeoVEr+=+(confirm)()%0dx>v3dm0s,html_tag,0
<D3v%09oNMOuSeoVEr+=+(confirm)()%0dx>v3dm0s,html_attribute,0
<D3v%09oNMOuSeoVEr+=+(confirm)()%0dx>v3dm0s,html_text,0
<D3v%09oNMOuSeoVEr+=+(confirm)()%0dx>v3dm0s,script_block,0
<D3v%09oNMOuSeoVEr+=+(confirm)()%0dx>v3dm0s,comment,0
<D3v%09oNMOuSeoVEr+=+(confirm)()%0dx>v3dm0s,url_href,0
<D3v%09oNMOuSeoVEr+=+(confirm)()%0dx>v3dm0s,url_navigation,0
"<A%0aONPoINTeRENTeR%0d=%0da=prompt,a()>v3dm0s",html_tag,1
"<A%0aONPoINTeRENTeR%0d=%0da=prompt,a()>v3dm0s",html_attribute,0
"<A%0aONPoINTeRENTeR%0d=%0da=prompt,a()>v3dm0s",html_text,1
"<A%0aONPoINTeRENTeR%0d=%0da=prompt,a()>v3dm0s",script_block,0
"<A%0aONPoINTeRENTeR%0d=%0da=prompt,a()>v3dm0s",comment,0
"<A%0aONPoINTeRENTeR%0d=%0da=prompt,a()>v3dm0s",url_href,0
"<A%0aONPoINTeRENTeR%0d=%0da=prompt,a()>v3dm0s",url_navigation,0
<a/+/oNPOiNTEReNtEr+=+[8].find(confirm)%0dx>v3dm0s,html_tag,0
<a/+/oNPOiNTEReNtEr+=+[8].find(confirm)%0dx>v3dm0s,html_attribute,0
<a/+/oNPOiNTEReNtEr+=+[8].find(confirm)%0dx>v3dm0s,html_text,0
<a/+/oNPOiNTEReNtEr+=+[8].find(confirm)%0dx>v3dm0s,script_block,0
<a/+/oNPOiNTEReNtEr+=+[8].find(confirm)%0dx>v3dm0s,comment,0
<a/+/oNPOiNTEReNtEr+=+[8].find(confirm)%0dx>v3dm0s,url_href,0
<a/+/oNPOiNTEReNtEr+=+[8].find(confirm)%0dx>v3dm0s,url_navigation,0
<htmL/+/ONMOUsEOVer%0a=%0a(prompt)``>,html_tag,0
<htmL/+/ONMOUsEOVer%0a=%0a(prompt)``>,html_attribute,0
<htmL/+/ONMOUsEOVer%0a=%0a(prompt)``>,html_text,0
<htmL/+/ONMOUsEOVer%0a=%0a(prompt)``>,script_block,0
<htmL/+/ONMOUsEOVer%0a=%0a(prompt)``>,comment,0
<htmL/+/ONMOUsEOVer%0a=%0a(prompt)``>,url_href,0
<htmL/+/ONMOUsEOVer%0a=%0a(prompt)``>,url_navigation,0
<d3V%0donMoUseoVer%09=%09confirm()>v3dm0s,html_tag,1
<d3V%0donMoUseoVer%09=%09confirm()>v3dm0s,html_attribute,0
<d3V%0donMoUseoVer%09=%09confirm()>v3dm0s,html_text,1
<d3V%0donMoUseoVer%09=%09confirm()>v3dm0s,script_block,0
<d3V%0donMoUseoVer%09=%09confirm()>v3dm0s,comment,0
<d3V%0donMoUseoVer%09=%09confirm()>v3dm0s,url_href,0
<d3V%0donMoUseoVer%09=%09confirm()>v3dm0s,url_navigation,0
<D3v%0aoNmOUsEOver%0a=%0aconfirm()%0dx>v3dm0s,html_tag,1
<D3v%0aoNmOUsEOver%0a=%0aconfirm()%0dx>v3dm0s,html_attribute,0
<D3v%0aoNmOUsEOver%0a=%0aconfirm()%0dx>v3dm0s,html_text,1
<D3v%0aoNmOUsEOver%0a=%0aconfirm()%0dx>v3dm0s,script_block,0
<D3v%0aoNmOUsEOver%0a=%0aconfirm()%0dx>v3dm0s,comment,0
<D3v%0aoNmOUsEOver%0a=%0aconfirm()%0dx>v3dm0s,url_href,0
<D3v%0aoNmOUsEOver%0a=%0aconfirm()%0dx>v3dm0s,url_navigation,0
<a%0dOnMoUsEOVER+=+(confirm)()%0dx>v3dm0s,html_tag,0
<a%0dOnMoUsEOVER+=+(confirm)()%0dx>v3dm0s,html_attribute,0
<a%0dOnMoUsEOVER+=+(confirm)()%0dx>v3dm0s,html_text,0
<a%0dOnMoUsEOVER+=+(confirm)()%0dx>v3dm0s,script_block,0
<a%0dOnMoUsEOVER+=+(confirm)()%0dx>v3dm0s,comment,0
<a%0dOnMoUsEOVER+=+(confirm)()%0dx>v3dm0s,url_href,0
<a%0dOnMoUsEOVER+=+(confirm)()%0dx>v3dm0s,url_navigation,0
<htMl%0donPointerENTeR%0a=%0aconfirm()%0dx>,html_tag,0
<htMl%0donPointerENTeR%0a=%0aconfirm()%0dx>,html_attribute,0
<htMl%0donPointerENTeR%0a=%0aconfirm()%0dx>,html_text,0
<htMl%0donPointerENTeR%0a=%0aconfirm()%0dx>,script_block,0
<htMl%0donPointerENTeR%0a=%0aconfirm()%0dx>,comment,0
<htMl%0donPointerENTeR%0a=%0aconfirm()%0dx>,url_href,0
<htMl%0donPointerENTeR%0a=%0aconfirm()%0dx>,url_navigation,0
<detailS/+/ONPoiNterEntEr%0a=%0a(prompt)``%0dx//,html_tag,0
<detailS/+/ONPoiNterEntEr%0a=%0a(prompt)``%0dx//,html_attribute,0
<detailS/+/ONPoiNterEntEr%0a=%0a(prompt)``%0dx//,html_text,0
<detailS/+/ONPoiNterEntEr%0a=%0a(prompt)``%0dx//,script_block,0
<detailS/+/ONPoiNterEntEr%0a=%0a(prompt)``%0dx//,comment,0
<detailS/+/ONPoiNterEntEr%0a=%0a(prompt)``%0dx//,url_href,0
<detailS/+/ONPoiNterEntEr%0a=%0a(prompt)``%0dx//,url_navigation,0
<deTaIls%0dONTOgGle%0a=%0aconfirm()//,html_tag,0
<deTaIls%0dONTOgGle%0a=%0aconfirm()//,html_attribute,0
<deTaIls%0dONTOgGle%0a=%0aconfirm()//,html_text,0
<deTaIls%0dONTOgGle%0a=%0aconfirm()//,script_block,0
<deTaIls%0dONTOgGle%0a=%0aconfirm()//,comment,0
<deTaIls%0dONTOgGle%0a=%0aconfirm()//,url_href,0
<deTaIls%0dONTOgGle%0a=%0aconfirm()//,url_navigation,0
<A/+/OnpoInTeReNTEr+=+confirm()>v3dm0s,html_tag,0
<A/+/OnpoInTeReNTEr+=+confirm()>v3dm0s,html_attribute,0
<A/+/OnpoInTeReNTEr+=+confirm()>v3dm0s,html_text,0
<A/+/OnpoInTeReNTEr+=+confirm()>v3dm0s,script_block,0
<A/+/OnpoInTeReNTEr+=+confirm()>v3dm0s,comment,0
<A/+/OnpoInTeReNTEr+=+confirm()>v3dm0s,url_href,0
<A/+/OnpoInTeReNTEr+=+confirm()>v3dm0s,url_navigation,0
<d3V%0dOnPOIntEREntER%0d=%0dconfirm()>v3dm0s,html_tag,1
<d3V%0dOnPOIntEREntER%0d=%0dconfirm()>v3dm0s,html_attribute,0
<d3V%0dOnPOIntEREntER%0d=%0dconfirm()>v3dm0s,html_text,1
<d3V%0dOnPOIntEREntER%0d=%0dconfirm()>v3dm0s,script_block,0
<d3V%0dOnPOIntEREntER%0d=%0dconfirm()>v3dm0s,comment,0
<d3V%0dOnPOIntEREntER%0d=%0dconfirm()>v3dm0s,url_href,0
<d3V%0dOnPOIntEREntER%0d=%0dconfirm()>v3dm0s,url_navigation,0
<D3v%0donPOINtErENTER+=+confirm()>v3dm0s,html_tag,0
<D3v%0donPOINtErENTER+=+confirm()>v3dm0s,html_attribute,0
<D3v%0donPOINtErENTER+=+confirm()>v3dm0s,html_text,0
<D3v%0donPOINtErENTER+=+confirm()>v3dm0s,script_block,0
<D3v%0donPOINtErENTER+=+confirm()>v3dm0s,comment,0
<D3v%0donPOINtErENTER+=+confirm()>v3dm0s,url_href,0
<D3v%0donPOINtErENTER+=+confirm()>v3dm0s,url_navigation,0
<A/+/ONPoINTEreNTeR%09=%09confirm()>v3dm0s,html_tag,1
<A/+/ONPoINTEreNTeR%09=%09confirm()>v3dm0s,html_attribute,0
<A/+/ONPoINTEreNTeR%09=%09confirm()>v3dm0s,html_text,1
<A/+/ONPoINTEreNTeR%09=%09confirm()>v3dm0s,script_block,0
<A/+/ONPoINTEreNTeR%09=%09confirm()>v3dm0s,comment,0
<A/+/ONPoINTEreNTeR%09=%09confirm()>v3dm0s,url_href,0
<A/+/ONPoINTEreNTeR%09=%09confirm()>v3dm0s,url_navigation,0
"<HTmL%0dOnpOINtERenTEr+=+a=prompt,a()%0dx>",html_tag,0
"<HTmL%0dOnpOINtERenTEr+=+a=prompt,a()%0dx>",html_attribute,0
"<HTmL%0dOnpOINtERenTEr+=+a=prompt,a()%0dx>",html_text,0
"<HTmL%0dOnpOINtERenTEr+=+a=prompt,a()%0dx>",script_block,0
"<HTmL%0dOnpOINtERenTEr+=+a=prompt,a()%0dx>",comment,0
"<HTmL%0dOnpOINtERenTEr+=+a=prompt,a()%0dx>",url_href,0
"<HTmL%0dOnpOINtERenTEr+=+a=prompt,a()%0dx>",url_navigation,0
<dETaiLs/+/OnpoInTeRenTEr%09=%09(prompt)``%0dx>,html_tag,0
<dETaiLs/+/OnpoInTeRenTEr%09=%09(prompt)``%0dx>,html_attribute,0
<dETaiLs/+/OnpoInTeRenTEr%09=%09(prompt)``%0dx>,html_text,0
<dETaiLs/+/OnpoInTeRenTEr%09=%09(prompt)``%0dx>,script_block,0
<dETaiLs/+/OnpoInTeRenTEr%09=%09(prompt)``%0dx>,comment,0
<dETaiLs/+/OnpoInTeRenTEr%09=%09(prompt)``%0dx>,url_href,0
<dETaiLs/+/OnpoInTeRenTEr%09=%09(prompt)``%0dx>,url_navigation,0
<HTml%0doNmOUSEOVer+=+[8].find(confirm)>,html_tag,0
<HTml%0doNmOUSEOVer+=+[8].find(confirm)>,html_attribute,0
<HTml%0doNmOUSEOVer+=+[8].find(confirm)>,html_text,0
<HTml%0doNmOUSEOVer+=+[8].find(confirm)>,script_block,0
<HTml%0doNmOUSEOVer+=+[8].find(confirm)>,comment,0
<HTml%0doNmOUSEOVer+=+[8].find(confirm)>,url_href,0
<HTml%0doNmOUSEOVer+=+[8].find(confirm)>,url_navigation,0
"<A%0donmOuseovEr%0d=%0da=prompt,a()>v3dm0s",html_tag,1
"<A%0donmOuseovEr%0d=%0da=prompt,a()>v3dm0s",html_attribute,0
"<A%0donmOuseovEr%0d=%0da=prompt,a()>v3dm0s",html_text,1
"<A%0donmOuseovEr%0d=%0da=prompt,a()>v3dm0s",script_block,0
"<A%0donmOuseovEr%0d=%0da=prompt,a()>v3dm0s",comment,0
"<A%0donmOuseovEr%0d=%0da=prompt,a()>v3dm0s",url_href,0
"<A%0donmOuseovEr%0d=%0da=prompt,a()>v3dm0s",url_navigation,0
<A%0doNPOINTerEntER%0a=%0a(confirm)()>v3dm0s,html_tag,1
<A%0doNPOINTerEntER%0a=%0a(confirm)()>v3dm0s,html_attribute,0
<A%0doNPOINTerEntER%0a=%0a(confirm)()>v3dm0s,html_text,1
<A%0doNPOINTerEntER%0a=%0a(confirm)()>v3dm0s,script_block,0
<A%0doNPOINTerEntER%0a=%0a(confirm)()>v3dm0s,comment,0
<A%0doNPOINTerEntER%0a=%0a(confirm)()>v3dm0s,url_href,0
<A%0doNPOINTerEntER%0a=%0a(confirm)()>v3dm0s,url_navigation,0
<deTAILs%0aOnpointerEntER%0d=%0d(confirm)()%0dx>,html_tag,0
<deTAILs%0aOnpointerEntER%0d=%0d(confirm)()%0dx>,html_attribute,0
<deTAILs%0aOnpointerEntER%0d=%0d(confirm)()%0dx>,html_text,0
<deTAILs%0aOnpointerEntER%0d=%0d(confirm)()%0dx>,script_block,0
<deTAILs%0aOnpointerEntER%0d=%0d(confirm)()%0dx>,comment,0
<deTAILs%0aOnpointerEntER%0d=%0d(confirm)()%0dx>,url_href,0
<deTAILs%0aOnpointerEntER%0d=%0d(confirm)()%0dx>,url_navigation,0
<detAIlS%0aoNtOGgLE%09=%09(prompt)``//,html_tag,0
<detAIlS%0aoNtOGgLE%09=%09(prompt)``//,html_attribute,0
<detAIlS%0aoNtOGgLE%09=%09(prompt)``//,html_text,0
<detAIlS%0aoNtOGgLE%09=%09(prompt)``//,script_block,0
<detAIlS%0aoNtOGgLE%09=%09(prompt)``//,comment,0
<detAIlS%0aoNtOGgLE%09=%09(prompt)``//,url_href,0
<detAIlS%0aoNtOGgLE%09=%09(prompt)``//,url_navigation,0
"<A%09ONPOiNterENTER+=+a=prompt,a()%0dx>v3dm0s",html_tag,0
"<A%09ONPOiNterENTER+=+a=prompt,a()%0dx>v3dm0s",html_attribute,0
"<A%09ONPOiNterENTER+=+a=prompt,a()%0dx>v3dm0s",html_text,0
"<A%09ONPOiNterENTER+=+a=prompt,a()%0dx>v3dm0s",script_block,0
"<A%09ONPOiNterENTER+=+a=prompt,a()%0dx>v3dm0s",comment,0
"<A%09ONPOiNterENTER+=+a=prompt,a()%0dx>v3dm0s",url_href,0
"<A%09ONPOiNterENTER+=+a=prompt,a()%0dx>v3dm0s",url_navigation,0
<d3v/+/OnpOintErENTEr%0a=%0aconfirm()%0dx>v3dm0s,html_tag,1
<d3v/+/OnpOintErENTEr%0a=%0aconfirm()%0dx>v3dm0s,html_attribute,0
<d3v/+/OnpOintErENTEr%0a=%0aconfirm()%0dx>v3dm0s,html_text,1
<d3v/+/OnpOintErENTEr%0a=%0aconfirm()%0dx>v3dm0s,script_block,0
<d3v/+/OnpOintErENTEr%0a=%0aconfirm()%0dx>v3dm0s,comment,0
<d3v/+/OnpOintErENTEr%0a=%0aconfirm()%0dx>v3dm0s,url_href,0
<d3v/+/OnpOintErENTEr%0a=%0aconfirm()%0dx>v3dm0s,url_navigation,0
<DEtAILs%0aONPoINtEreNTeR%0a=%0a[8].find(confirm)%0dx//,html_tag,0
<DEtAILs%0aONPoINtEreNTeR%0a=%0a[8].find(confirm)%0dx//,html_attribute,0
<DEtAILs%0aONPoINtEreNTeR%0a=%0a[8].find(confirm)%0dx//,html_text,0
<DEtAILs%0aONPoINtEreNTeR%0a=%0a[8].find(confirm)%0dx//,script_block,0
<DEtAILs%0aONPoINtEreNTeR%0a=%0a[8].find(confirm)%0dx//,comment,0
<DEtAILs%0aONPoINtEreNTeR%0a=%0a[8].find(confirm)%0dx//,url_href,0
<DEtAILs%0aONPoINtEreNTeR%0a=%0a[8].find(confirm)%0dx//,url_navigation,0
<D3v/+/OnmOUseovER%09=%09[8].find(confirm)%0dx>v3dm0s,html_tag,1
<D3v/+/OnmOUseovER%09=%09[8].find(confirm)%0dx>v3dm0s,html_attribute,0
<D3v/+/OnmOUseovER%09=%09[8].find(confirm)%0dx>v3dm0s,html_text,1
<D3v/+/OnmOUseovER%09=%09[8].find(confirm)%0dx>v3dm0s,script_block,0
<D3v/+/OnmOUseovER%09=%09[8].find(confirm)%0dx>v3dm0s,comment,0
<D3v/+/OnmOUseovER%09=%09[8].find(confirm)%0dx>v3dm0s,url_href,0
<D3v/+/OnmOUseovER%09=%09[8].find(confirm)%0dx>v3dm0s,url_navigation,0
"<a%0aOnPoIntERENTER+=+a=prompt,a()>v3dm0s",html_tag,0
"<a%0aOnPoIntERENTER+=+a=prompt,a()>v3dm0s",html_attribute,0
"<a%0aOnPoIntERENTER+=+a=prompt,a()>v3dm0s",html_text,0
"<a%0aOnPoIntERENTER+=+a=prompt,a()>v3dm0s",script_block,0
"<a%0aOnPoIntERENTER+=+a=prompt,a()>v3dm0s",comment,0
"<a%0aOnPoIntERENTER+=+a=prompt,a()>v3dm0s",url_href,0
"<a%0aOnPoIntERENTER+=+a=prompt,a()>v3dm0s",url_navigation,0
<d3v%09oNpoiNtereNTeR+=+(prompt)``%0dx>v3dm0s,html_tag,0
<d3v%09oNpoiNtereNTeR+=+(prompt)``%0dx>v3dm0s,html_attribute,0
<d3v%09oNpoiNtereNTeR+=+(prompt)``%0dx>v3dm0s,html_text,0
<d3v%09oNpoiNtereNTeR+=+(prompt)``%0dx>v3dm0s,script_block,0
<d3v%09oNpoiNtereNTeR+=+(prompt)``%0dx>v3dm0s,comment,0
<d3v%09oNpoiNtereNTeR+=+(prompt)``%0dx>v3dm0s,url_href,0
<d3v%09oNpoiNtereNTeR+=+(prompt)``%0dx>v3dm0s,url_navigation,0
<d3v%09OnmoUseoVer%0d=%0dconfirm()%0dx>v3dm0s,html_tag,1
<d3v%09OnmoUseoVer%0d=%0dconfirm()%0dx>v3dm0s,html_attribute,0
<d3v%09OnmoUseoVer%0d=%0dconfirm()%0dx>v3dm0s,html_text,1
<d3v%09OnmoUseoVer%0d=%0dconfirm()%0dx>v3dm0s,script_block,0
<d3v%09OnmoUseoVer%0d=%0dconfirm()%0dx>v3dm0s,comment,0
<d3v%09OnmoUseoVer%0d=%0dconfirm()%0dx>v3dm0s,url_href,0
<d3v%09OnmoUseoVer%0d=%0dconfirm()%0dx>v3dm0s,url_navigation,0
<D3V%0dONMOusEOVeR%09=%09[8].find(confirm)%0dx>v3dm0s,html_tag,1
<D3V%0dONMOusEOVeR%09=%09[8].find(confirm)%0dx>v3dm0s,html_attribute,0
<D3V%0dONMOusEOVeR%09=%09[8].find(confirm)%0dx>v3dm0s,html_text,1
<D3V%0dONMOusEOVeR%09=%09[8].find(confirm)%0dx>v3dm0s,script_block,0
<D3V%0dONMOusEOVeR%09=%09[8].find(confirm)%0dx>v3dm0s,comment,0
<D3V%0dONMOusEOVeR%09=%09[8].find(confirm)%0dx>v3dm0s,url_href,0
<D3V%0dONMOusEOVeR%09=%09[8].find(confirm)%0dx>v3dm0s,url_navigation,0
<HTMl%0dONmOUsEOVer%09=%09confirm()%0dx>,html_tag,0
<HTMl%0dONmOUsEOVer%09=%09confirm()%0dx>,html_attribute,0
<HTMl%0dONmOUsEOVer%09=%09confirm()%0dx>,html_text,0
<HTMl%0dONmOUsEOVer%09=%09confirm()%0dx>,script_block,0
<HTMl%0dONmOUsEOVer%09=%09confirm()%0dx>,comment,0
<HTMl%0dONmOUsEOVer%09=%09confirm()%0dx>,url_href,0
<HTMl%0dONmOUsEOVer%09=%09confirm()%0dx>,url_navigation,0
<HtmL%0dONPOintErENteR%0a=%0aconfirm()//,html_tag,0
<HtmL%0dONPOintErENteR%0a=%0aconfirm()//,html_attribute,0
<HtmL%0dONPOintErENteR%0a=%0aconfirm()//,html_text,0
<HtmL%0dONPOintErENteR%0a=%0aconfirm()//,script_block,0
<HtmL%0dONPOintErENteR%0a=%0aconfirm()//,comment,0
<HtmL%0dONPOintErENteR%0a=%0aconfirm()//,url_href,0
<HtmL%0dONPOintErENteR%0a=%0aconfirm()//,url_navigation,0
<HtMl%0aONpoInTERenTeR%0a=%0aconfirm()%0dx//,html_tag,0
<HtMl%0aONpoInTERenTeR%0a=%0aconfirm()%0dx//,html_attribute,0
<HtMl%0aONpoInTERenTeR%0a=%0aconfirm()%0dx//,html_text,0
<HtMl%0aONpoInTERenTeR%0a=%0aconfirm()%0dx//,script_block,0
<HtMl%0aONpoInTERenTeR%0a=%0aconfirm()%0dx//,comment,0
<HtMl%0aONpoInTERenTeR%0a=%0aconfirm()%0dx//,url_href,0
<HtMl%0aONpoInTERenTeR%0a=%0aconfirm()%0dx//,url_navigation,0
<HtML%0donmoUseoVER+=+(prompt)``//,html_tag,0
<HtML%0donmoUseoVER+=+(prompt)``//,html_attribute,0
<HtML%0donmoUseoVER+=+(prompt)``//,html_text,0
<HtML%0donmoUseoVER+=+(prompt)``//,script_block,0
<HtML%0donmoUseoVER+=+(prompt)``//,comment,0
<HtML%0donmoUseoVER+=+(prompt)``//,url_href,0
<HtML%0donmoUseoVER+=+(prompt)``//,url_navigation,0
<DetAiLs%0aonpoINTERENter%0a=%0a(confirm)()%0dx//,html_tag,0
<DetAiLs%0aonpoINTERENter%0a=%0a(confirm)()%0dx//,html_attribute,0
<DetAiLs%0aonpoINTERENter%0a=%0a(confirm)()%0dx//,html_text,0
<DetAiLs%0aonpoINTERENter%0a=%0a(confirm)()%0dx//,script_block,0
<DetAiLs%0aonpoINTERENter%0a=%0a(confirm)()%0dx//,comment,0
<DetAiLs%0aonpoINTERENter%0a=%0a(confirm)()%0dx//,url_href,0
<DetAiLs%0aonpoINTERENter%0a=%0a(confirm)()%0dx//,url_navigation,0
<D3V%0aoNMOuSEOvEr%09=%09(prompt)``>v3dm0s,html_tag,1
<D3V%0aoNMOuSEOvEr%09=%09(prompt)``>v3dm0s,html_attribute,0
<D3V%0aoNMOuSEOvEr%09=%09(prompt)``>v3dm0s,html_text,1
<D3V%0aoNMOuSEOvEr%09=%09(prompt)``>v3dm0s,script_block,0
<D3V%0aoNMOuSEOvEr%09=%09(prompt)``>v3dm0s,comment,0
<D3V%0aoNMOuSEOvEr%09=%09(prompt)``>v3dm0s,url_href,0
<D3V%0aoNMOuSEOvEr%09=%09(prompt)``>v3dm0s,url_navigation,0
"<A%0aoNMoUseoVEr%0d=%0da=prompt,a()%0dx>v3dm0s",html_tag,1
"<A%0aoNMoUseoVEr%0d=%0da=prompt,a()%0dx>v3dm0s",html_attribute,0
"<A%0aoNMoUseoVEr%0d=%0da=prompt,a()%0dx>v3dm0s",html_text,1
"<A%0aoNMoUseoVEr%0d=%0da=prompt,a()%0dx>v3dm0s",script_block,0
"<A%0aoNMoUseoVEr%0d=%0da=prompt,a()%0dx>v3dm0s",comment,0
"<A%0aoNMoUseoVEr%0d=%0da=prompt,a()%0dx>v3dm0s",url_href,0
"<A%0aoNMoUseoVEr%0d=%0da=prompt,a()%0dx>v3dm0s",url_navigation,0
<d3V%0aonpoINTeRENTER%0a=%0a(confirm)()>v3dm0s,html_tag,1
<d3V%0aonpoINTeRENTER%0a=%0a(confirm)()>v3dm0s,html_attribute,0
<d3V%0aonpoINTeRENTER%0a=%0a(confirm)()>v3dm0s,html_text,1
<d3V%0aonpoINTeRENTER%0a=%0a(confirm)()>v3dm0s,script_block,0
<d3V%0aonpoINTeRENTER%0a=%0a(confirm)()>v3dm0s,comment,0
<d3V%0aonpoINTeRENTER%0a=%0a(confirm)()>v3dm0s,url_href,0
<d3V%0aonpoINTeRENTER%0a=%0a(confirm)()>v3dm0s,url_navigation,0
<D3v%09OnpointeRENter%0a=%0aconfirm()%0dx>v3dm0s,html_tag,1
<D3v%09OnpointeRENter%0a=%0aconfirm()%0dx>v3dm0s,html_attribute,0
<D3v%09OnpointeRENter%0a=%0aconfirm()%0dx>v3dm0s,html_text,1
<D3v%09OnpointeRENter%0a=%0aconfirm()%0dx>v3dm0s,script_block,0
<D3v%09OnpointeRENter%0a=%0aconfirm()%0dx>v3dm0s,comment,0
<D3v%09OnpointeRENter%0a=%0aconfirm()%0dx>v3dm0s,url_href,0
<D3v%09OnpointeRENter%0a=%0aconfirm()%0dx>v3dm0s,url_navigation,0
<A%0aonMousEoVEr%09=%09confirm()>v3dm0s,html_tag,1
<A%0aonMousEoVEr%09=%09confirm()>v3dm0s,html_attribute,0
<A%0aonMousEoVEr%09=%09confirm()>v3dm0s,html_text,1
<A%0aonMousEoVEr%09=%09confirm()>v3dm0s,script_block,0
<A%0aonMousEoVEr%09=%09confirm()>v3dm0s,comment,0
<A%0aonMousEoVEr%09=%09confirm()>v3dm0s,url_href,0
<A%0aonMousEoVEr%09=%09confirm()>v3dm0s,url_navigation,0
<DetailS%0aOnpoINtERenter%0a=%0aconfirm()%0dx//,html_tag,0
<DetailS%0aOnpoINtERenter%0a=%0aconfirm()%0dx//,html_attribute,0
<DetailS%0aOnpoINtERenter%0a=%0aconfirm()%0dx//,html_text,0
<DetailS%0aOnpoINtERenter%0a=%0aconfirm()%0dx//,script_block,0
<DetailS%0aOnpoINtERenter%0a=%0aconfirm()%0dx//,comment,0
<DetailS%0aOnpoINtERenter%0a=%0aconfirm()%0dx//,url_href,0
<DetailS%0aOnpoINtERenter%0a=%0aconfirm()%0dx//,url_navigation,0
<d3V/+/ONPoIntEREntER%09=%09confirm()%0dx>v3dm0s,html_tag,1
<d3V/+/ONPoIntEREntER%09=%09confirm()%0dx>v3dm0s,html_attribute,0
<d3V/+/ONPoIntEREntER%09=%09confirm()%0dx>v3dm0s,html_text,1
<d3V/+/ONPoIntEREntER%09=%09confirm()%0dx>v3dm0s,script_block,0
<d3V/+/ONPoIntEREntER%09=%09confirm()%0dx>v3dm0s,comment,0
<d3V/+/ONPoIntEREntER%09=%09confirm()%0dx>v3dm0s,url_href,0
<d3V/+/ONPoIntEREntER%09=%09confirm()%0dx>v3dm0s,url_navigation,0
<d3V%0donPOINTEReNTer%0d=%0dconfirm()%0dx>v3dm0s,html_tag,1
<d3V%0donPOINTEReNTer%0d=%0dconfirm()%0dx>v3dm0s,html_attribute,0
<d3V%0donPOINTEReNTer%0d=%0dconfirm()%0dx>v3dm0s,html_text,1
<d3V%0donPOINTEReNTer%0d=%0dconfirm()%0dx>v3dm0s,script_block,0
<d3V%0donPOINTEReNTer%0d=%0dconfirm()%0dx>v3dm0s,comment,0
<d3V%0donPOINTEReNTer%0d=%0dconfirm()%0dx>v3dm0s,url_href,0
<d3V%0donPOINTEReNTer%0d=%0dconfirm()%0dx>v3dm0s,url_navigation,0
<D3v%09ONPoiNTeRenter+=+(prompt)``>v3dm0s,html_tag,0
<D3v%09ONPoiNTeRenter+=+(prompt)``>v3dm0s,html_attribute,0
<D3v%09ONPoiNTeRenter+=+(prompt)``>v3dm0s,html_text,0
<D3v%09ONPoiNTeRenter+=+(prompt)``>v3dm0s,script_block,0
<D3v%09ONPoiNTeRenter+=+(prompt)``>v3dm0s,comment,0
<D3v%09ONPoiNTeRenter+=+(prompt)``>v3dm0s,url_href,0
<D3v%09ONPoiNTeRenter+=+(prompt)``>v3dm0s,url_navigation,0
<d3V%0dOnpOiNTeREnter%09=%09[8].find(confirm)%0dx>v3dm0s,html_tag,1
<d3V%0dOnpOiNTeREnter%09=%09[8].find(confirm)%0dx>v3dm0s,html_attribute,0
<d3V%0dOnpOiNTeREnter%09=%09[8].find(confirm)%0dx>v3dm0s,html_text,1
<d3V%0dOnpOiNTeREnter%09=%09[8].find(confirm)%0dx>v3dm0s,script_block,0
<d3V%0dOnpOiNTeREnter%09=%09[8].find(confirm)%0dx>v3dm0s,comment,0
<d3V%0dOnpOiNTeREnter%09=%09[8].find(confirm)%0dx>v3dm0s,url_href,0
<d3V%0dOnpOiNTeREnter%09=%09[8].find(confirm)%0dx>v3dm0s,url_navigation,0
<d3V%0dOnmOUSEOVEr%0d=%0d[8].find(confirm)>v3dm0s,html_tag,1
<d3V%0dOnmOUSEOVEr%0d=%0d[8].find(confirm)>v3dm0s,html_attribute,0
<d3V%0dOnmOUSEOVEr%0d=%0d[8].find(confirm)>v3dm0s,html_text,1
<d3V%0dOnmOUSEOVEr%0d=%0d[8].find(confirm)>v3dm0s,script_block,0
<d3V%0dOnmOUSEOVEr%0d=%0d[8].find(confirm)>v3dm0s,comment,0
<d3V%0dOnmOUSEOVEr%0d=%0d[8].find(confirm)>v3dm0s,url_href,0
<d3V%0dOnmOUSEOVEr%0d=%0d[8].find(confirm)>v3dm0s,url_navigation,0
"<A%09ONmOUSeoveR+=+a=prompt,a()>v3dm0s",html_tag,0
"<A%09ONmOUSeoveR+=+a=prompt,a()>v3dm0s",html_attribute,0
"<A%09ONmOUSeoveR+=+a=prompt,a()>v3dm0s",html_text,0
"<A%09ONmOUSeoveR+=+a=prompt,a()>v3dm0s",script_block,0
"<A%09ONmOUSeoveR+=+a=prompt,a()>v3dm0s",comment,0
"<A%09ONmOUSeoveR+=+a=prompt,a()>v3dm0s",url_href,0
"<A%09ONmOUSeoveR+=+a=prompt,a()>v3dm0s",url_navigation,0
<D3v/+/ONMouseoVer%0d=%0d[8].find(confirm)%0dx>v3dm0s,html_tag,1
<D3v/+/ONMouseoVer%0d=%0d[8].find(confirm)%0dx>v3dm0s,html_attribute,0
<D3v/+/ONMouseoVer%0d=%0d[8].find(confirm)%0dx>v3dm0s,html_text,1
<D3v/+/ONMouseoVer%0d=%0d[8].find(confirm)%0dx>v3dm0s,script_block,0
<D3v/+/ONMouseoVer%0d=%0d[8].find(confirm)%0dx>v3dm0s,comment,0
<D3v/+/ONMouseoVer%0d=%0d[8].find(confirm)%0dx>v3dm0s,url_href,0
<D3v/+/ONMouseoVer%0d=%0d[8].find(confirm)%0dx>v3dm0s,url_navigation,0
"<DETaiLs/+/ontoGglE%09=%09a=prompt,a()%0dx>",html_tag,0
"<DETaiLs/+/ontoGglE%09=%09a=prompt,a()%0dx>",html_attribute,0
"<DETaiLs/+/ontoGglE%09=%09a=prompt,a()%0dx>",html_text,0
"<DETaiLs/+/ontoGglE%09=%09a=prompt,a()%0dx>",script_block,0
"<DETaiLs/+/ontoGglE%09=%09a=prompt,a()%0dx>",comment,0
"<DETaiLs/+/ontoGglE%09=%09a=prompt,a()%0dx>",url_href,0
"<DETaiLs/+/ontoGglE%09=%09a=prompt,a()%0dx>",url_navigation,0
<DeTAILs/+/ONTOggLe%09=%09confirm()%0dx//,html_tag,0
<DeTAILs/+/ONTOggLe%09=%09confirm()%0dx//,html_attribute,0
<DeTAILs/+/ONTOggLe%09=%09confirm()%0dx//,html_text,1
<DeTAILs/+/ONTOggLe%09=%09confirm()%0dx//,script_block,0
<DeTAILs/+/ONTOggLe%09=%09confirm()%0dx//,comment,0
<DeTAILs/+/ONTOggLe%09=%09confirm()%0dx//,url_href,0
<DeTAILs/+/ONTOggLe%09=%09confirm()%0dx//,url_navigation,0
"<D3v%09oNpoiNTeReNteR+=+a=prompt,a()%0dx>v3dm0s",html_tag,0
"<D3v%09oNpoiNTeReNteR+=+a=prompt,a()%0dx>v3dm0s",html_attribute,0
"<D3v%09oNpoiNTeReNteR+=+a=prompt,a()%0dx>v3dm0s",html_text,0
"<D3v%09oNpoiNTeReNteR+=+a=prompt,a()%0dx>v3dm0s",script_block,0
"<D3v%09oNpoiNTeReNteR+=+a=prompt,a()%0dx>v3dm0s",comment,0
"<D3v%09oNpoiNTeReNteR+=+a=prompt,a()%0dx>v3dm0s",url_href,0
"<D3v%09oNpoiNTeReNteR+=+a=prompt,a()%0dx>v3dm0s",url_navigation,0
<A/+/oNMOuSEOveR+=+[8].find(confirm)>v3dm0s,html_tag,0
<A/+/oNMOuSEOveR+=+[8].find(confirm)>v3dm0s,html_attribute,0
<A/+/oNMOuSEOveR+=+[8].find(confirm)>v3dm0s,html_text,0
<A/+/oNMOuSEOveR+=+[8].find(confirm)>v3dm0s,script_block,0
<A/+/oNMOuSEOveR+=+[8].find(confirm)>v3dm0s,comment,0
<A/+/oNMOuSEOveR+=+[8].find(confirm)>v3dm0s,url_href,0
<A/+/oNMOuSEOveR+=+[8].find(confirm)>v3dm0s,url_navigation,0
"<HtMl/+/onpOInterenTER%0d=%0da=prompt,a()//",html_tag,0
"<HtMl/+/onpOInterenTER%0d=%0da=prompt,a()//",html_attribute,0
"<HtMl/+/onpOInterenTER%0d=%0da=prompt,a()//",html_text,0
"<HtMl/+/onpOInterenTER%0d=%0da=prompt,a()//",script_block,0
"<HtMl/+/onpOInterenTER%0d=%0da=prompt,a()//",comment,0
"<HtMl/+/onpOInterenTER%0d=%0da=prompt,a()//",url_href,0
"<HtMl/+/onpOInterenTER%0d=%0da=prompt,a()//",url_navigation,0
<HTMl%09ONMoUSEOVeR+=+confirm()%0dx>,html_tag,0
<HTMl%09ONMoUSEOVeR+=+confirm()%0dx>,html_attribute,0
<HTMl%09ONMoUSEOVeR+=+confirm()%0dx>,html_text,0
<HTMl%09ONMoUSEOVeR+=+confirm()%0dx>,script_block,0
<HTMl%09ONMoUSEOVeR+=+confirm()%0dx>,comment,0
<HTMl%09ONMoUSEOVeR+=+confirm()%0dx>,url_href,0
<HTMl%09ONMoUSEOVeR+=+confirm()%0dx>,url_navigation,0
<detaiLS%09oNpOInTerEnTER%0a=%0a[8].find(confirm)//,html_tag,0
<detaiLS%09oNpOInTerEnTER%0a=%0a[8].find(confirm)//,html_attribute,0
<detaiLS%09oNpOInTerEnTER%0a=%0a[8].find(confirm)//,html_text,0
<detaiLS%09oNpOInTerEnTER%0a=%0a[8].find(confirm)//,script_block,0
<detaiLS%09oNpOInTerEnTER%0a=%0a[8].find(confirm)//,comment,0
<detaiLS%09oNpOInTerEnTER%0a=%0a[8].find(confirm)//,url_href,0
<detaiLS%09oNpOInTerEnTER%0a=%0a[8].find(confirm)//,url_navigation,0
<HTML%09ONMoUSEOvEr%0a=%0a(confirm)()>,html_tag,0
<HTML%09ONMoUSEOvEr%0a=%0a(confirm)()>,html_attribute,0
<HTML%09ONMoUSEOvEr%0a=%0a(confirm)()>,html_text,0
<HTML%09ONMoUSEOvEr%0a=%0a(confirm)()>,script_block,0
<HTML%09ONMoUSEOvEr%0a=%0a(confirm)()>,comment,0
<HTML%09ONMoUSEOvEr%0a=%0a(confirm)()>,url_href,0
<HTML%09ONMoUSEOvEr%0a=%0a(confirm)()>,url_navigation,0
<html/+/ONPOinterEnTER+=+(prompt)``//,html_tag,0
<html/+/ONPOinterEnTER+=+(prompt)``//,html_attribute,0
<html/+/ONPOinterEnTER+=+(prompt)``//,html_text,0
<html/+/ONPOinterEnTER+=+(prompt)``//,script_block,0
<html/+/ONPOinterEnTER+=+(prompt)``//,comment,0
<html/+/ONPOinterEnTER+=+(prompt)``//,url_href,0
<html/+/ONPOinterEnTER+=+(prompt)``//,url_navigation,0
<HTML/+/onMOuSeOver%0d=%0d(prompt)``>,html_tag,0
<HTML/+/onMOuSeOver%0d=%0d(prompt)``>,html_attribute,0
<HTML/+/onMOuSeOver%0d=%0d(prompt)``>,html_text,0
<HTML/+/onMOuSeOver%0d=%0d(prompt)``>,script_block,0
<HTML/+/onMOuSeOver%0d=%0d(prompt)``>,comment,0
<HTML/+/onMOuSeOver%0d=%0d(prompt)``>,url_href,0
<HTML/+/onMOuSeOver%0d=%0d(prompt)``>,url_navigation,0
<deTAiLS%0donpOINTERENTEr%09=%09[8].find(confirm)>,html_tag,0
<deTAiLS%0donpOINTERENTEr%09=%09[8].find(confirm)>,html_attribute,0
<deTAiLS%0donpOINTERENTEr%09=%09[8].find(confirm)>,html_text,0
<deTAiLS%0donpOINTERENTEr%09=%09[8].find(confirm)>,script_block,0
<deTAiLS%0donpOINTERENTEr%09=%09[8].find(confirm)>,comment,0
<deTAiLS%0donpOINTERENTEr%09=%09[8].find(confirm)>,url_href,0
<deTAiLS%0donpOINTERENTEr%09=%09[8].find(confirm)>,url_navigation,0
"<htMl/+/onpoINTEREntEr%0a=%0aa=prompt,a()%0dx>",html_tag,0
"<htMl/+/onpoINTEREntEr%0a=%0aa=prompt,a()%0dx>",html_attribute,0
"<htMl/+/onpoINTEREntEr%0a=%0aa=prompt,a()%0dx>",html_text,0
"<htMl/+/onpoINTEREntEr%0a=%0aa=prompt,a()%0dx>",script_block,0
"<htMl/+/onpoINTEREntEr%0a=%0aa=prompt,a()%0dx>",comment,0
"<htMl/+/onpoINTEREntEr%0a=%0aa=prompt,a()%0dx>",url_href,0
"<htMl/+/onpoINTEREntEr%0a=%0aa=prompt,a()%0dx>",url_navigation,0
<a%0aoNPOiNtereNteR%0d=%0d(prompt)``>v3dm0s,html_tag,1
<a%0aoNPOiNtereNteR%0d=%0d(prompt)``>v3dm0s,html_attribute,0
<a%0aoNPOiNtereNteR%0d=%0d(prompt)``>v3dm0s,html_text,1
<a%0aoNPOiNtereNteR%0d=%0d(prompt)``>v3dm0s,script_block,0
<a%0aoNPOiNtereNteR%0d=%0d(prompt)``>v3dm0s,comment,0
<a%0aoNPOiNtereNteR%0d=%0d(prompt)``>v3dm0s,url_href,0
<a%0aoNPOiNtereNteR%0d=%0d(prompt)``>v3dm0s,url_navigation,0
"<dEtAIls%0aonpOiNtErENTer+=+a=prompt,a()>",html_tag,0
"<dEtAIls%0aonpOiNtErENTer+=+a=prompt,a()>",html_attribute,0
"<dEtAIls%0aonpOiNtErENTer+=+a=prompt,a()>",html_text,0
"<dEtAIls%0aonpOiNtErENTer+=+a=prompt,a()>",script_block,0
"<dEtAIls%0aonpOiNtErENTer+=+a=prompt,a()>",comment,0
"<dEtAIls%0aonpOiNtErENTer+=+a=prompt,a()>",url_href,0
"<dEtAIls%0aonpOiNtErENTer+=+a=prompt,a()>",url_navigation,0
<html/+/OnPOiNTErENtEr%0d=%0dconfirm()//,html_tag,0
<html/+/OnPOiNTErENtEr%0d=%0dconfirm()//,html_attribute,0
<html/+/OnPOiNTErENtEr%0d=%0dconfirm()//,html_text,0
<html/+/OnPOiNTErENtEr%0d=%0dconfirm()//,script_block,0
<html/+/OnPOiNTErENtEr%0d=%0dconfirm()//,comment,0
<html/+/OnPOiNTErENtEr%0d=%0dconfirm()//,url_href,0
<html/+/OnPOiNTErENtEr%0d=%0dconfirm()//,url_navigation,0
<d3v%0dONPointEREnTer%0a=%0aconfirm()>v3dm0s,html_tag,1
<d3v%0dONPointEREnTer%0a=%0aconfirm()>v3dm0s,html_attribute,0
<d3v%0dONPointEREnTer%0a=%0aconfirm()>v3dm0s,html_text,1
<d3v%0dONPointEREnTer%0a=%0aconfirm()>v3dm0s,script_block,0
<d3v%0dONPointEREnTer%0a=%0aconfirm()>v3dm0s,comment,0
<d3v%0dONPointEREnTer%0a=%0aconfirm()>v3dm0s,url_href,0
<d3v%0dONPointEREnTer%0a=%0aconfirm()>v3dm0s,url_navigation,0
"<html/+/oNmOuSeOvEr%0d=%0da=prompt,a()>",html_tag,0
"<html/+/oNmOuSeOvEr%0d=%0da=prompt,a()>",html_attribute,0
"<html/+/oNmOuSeOvEr%0d=%0da=prompt,a()>",html_text,0
"<html/+/oNmOuSeOvEr%0d=%0da=prompt,a()>",script_block,0
"<html/+/oNmOuSeOvEr%0d=%0da=prompt,a()>",comment,0
"<html/+/oNmOuSeOvEr%0d=%0da=prompt,a()>",url_href,0
"<html/+/oNmOuSeOvEr%0d=%0da=prompt,a()>",url_navigation,0
<dETails%09OntOgGLE%0a=%0a(confirm)()>,html_tag,0
<dETails%09OntOgGLE%0a=%0a(confirm)()>,html_attribute,0
<dETails%09OntOgGLE%0a=%0a(confirm)()>,html_text,0
<dETails%09OntOgGLE%0a=%0a(confirm)()>,script_block,0
<dETails%09OntOgGLE%0a=%0a(confirm)()>,comment,0
<dETails%09OntOgGLE%0a=%0a(confirm)()>,url_href,0
<dETails%09OntOgGLE%0a=%0a(confirm)()>,url_navigation,0
"<hTml%0donMouseOVer+=+a=prompt,a()//",html_tag,0
"<hTml%0donMouseOVer+=+a=prompt,a()//",html_attribute,0
"<hTml%0donMouseOVer+=+a=prompt,a()//",html_text,0
"<hTml%0donMouseOVer+=+a=prompt,a()//",script_block,0
"<hTml%0donMouseOVer+=+a=prompt,a()//",comment,0
"<hTml%0donMouseOVer+=+a=prompt,a()//",url_href,0
"<hTml%0donMouseOVer+=+a=prompt,a()//",url_navigation,0
<Html%0dOnMOuSeovEr%0d=%0d(confirm)()//,html_tag,0
<Html%0dOnMOuSeovEr%0d=%0d(confirm)()//,html_attribute,0
<Html%0dOnMOuSeovEr%0d=%0d(confirm)()//,html_text,0
<Html%0dOnMOuSeovEr%0d=%0d(confirm)()//,script_block,0
<Html%0dOnMOuSeovEr%0d=%0d(confirm)()//,comment,0
<Html%0dOnMOuSeovEr%0d=%0d(confirm)()//,url_href,0
<Html%0dOnMOuSeovEr%0d=%0d(confirm)()//,url_navigation,0
<hTMl%0dONmOUSEOVER%0a=%0a(confirm)()//,html_tag,0
<hTMl%0dONmOUSEOVER%0a=%0a(confirm)()//,html_attribute,0
<hTMl%0dONmOUSEOVER%0a=%0a(confirm)()//,html_text,0
<hTMl%0dONmOUSEOVER%0a=%0a(confirm)()//,script_block,0
<hTMl%0dONmOUSEOVER%0a=%0a(confirm)()//,comment,0
<hTMl%0dONmOUSEOVER%0a=%0a(confirm)()//,url_href,0
<hTMl%0dONmOUSEOVER%0a=%0a(confirm)()//,url_navigation,0
<A%0doNpOINTEReNter%0a=%0a[8].find(confirm)%0dx>v3dm0s,html_tag,1
<A%0doNpOINTEReNter%0a=%0a[8].find(confirm)%0dx>v3dm0s,html_attribute,0
<A%0doNpOINTEReNter%0a=%0a[8].find(confirm)%0dx>v3dm0s,html_text,1
<A%0doNpOINTEReNter%0a=%0a[8].find(confirm)%0dx>v3dm0s,script_block,0
<A%0doNpOINTEReNter%0a=%0a[8].find(confirm)%0dx>v3dm0s,comment,0
<A%0doNpOINTEReNter%0a=%0a[8].find(confirm)%0dx>v3dm0s,url_href,0
<A%0doNpOINTEReNter%0a=%0a[8].find(confirm)%0dx>v3dm0s,url_navigation,0
<dEtAILs%0aONtOgGLE%0a=%0aconfirm()%0dx>,html_tag,0
<dEtAILs%0aONtOgGLE%0a=%0aconfirm()%0dx>,html_attribute,0
<dEtAILs%0aONtOgGLE%0a=%0aconfirm()%0dx>,html_text,0
<dEtAILs%0aONtOgGLE%0a=%0aconfirm()%0dx>,script_block,0
<dEtAILs%0aONtOgGLE%0a=%0aconfirm()%0dx>,comment,0
<dEtAILs%0aONtOgGLE%0a=%0aconfirm()%0dx>,url_href,0
<dEtAILs%0aONtOgGLE%0a=%0aconfirm()%0dx>,url_navigation,0
<d3V/+/onMOuSEOvEr%0a=%0a[8].find(confirm)%0dx>v3dm0s,html_tag,1
<d3V/+/onMOuSEOvEr%0a=%0a[8].find(confirm)%0dx>v3dm0s,html_attribute,0
<d3V/+/onMOuSEOvEr%0a=%0a[8].find(confirm)%0dx>v3dm0s,html_text,1
<d3V/+/onMOuSEOvEr%0a=%0a[8].find(confirm)%0dx>v3dm0s,script_block,0
<d3V/+/onMOuSEOvEr%0a=%0a[8].find(confirm)%0dx>v3dm0s,comment,0
<d3V/+/onMOuSEOvEr%0a=%0a[8].find(confirm)%0dx>v3dm0s,url_href,0
<d3V/+/onMOuSEOvEr%0a=%0a[8].find(confirm)%0dx>v3dm0s,url_navigation,0
<detaIls/+/onpoINtEreNTEr%0a=%0a(prompt)``//,html_tag,0
<detaIls/+/onpoINtEreNTEr%0a=%0a(prompt)``//,html_attribute,0
<detaIls/+/onpoINtEreNTEr%0a=%0a(prompt)``//,html_text,0
<detaIls/+/onpoINtEreNTEr%0a=%0a(prompt)``//,script_block,0
<detaIls/+/onpoINtEreNTEr%0a=%0a(prompt)``//,comment,0
<detaIls/+/onpoINtEreNTEr%0a=%0a(prompt)``//,url_href,0
<detaIls/+/onpoINtEreNTEr%0a=%0a(prompt)``//,url_navigation,0
<A%0dOnPoiNtErEnTer%09=%09[8].find(confirm)>v3dm0s,html_tag,1
<A%0dOnPoiNtErEnTer%09=%09[8].find(confirm)>v3dm0s,html_attribute,0
<A%0dOnPoiNtErEnTer%09=%09[8].find(confirm)>v3dm0s,html_text,1
<A%0dOnPoiNtErEnTer%09=%09[8].find(confirm)>v3dm0s,script_block,0
<A%0dOnPoiNtErEnTer%09=%09[8].find(confirm)>v3dm0s,comment,0
<A%0dOnPoiNtErEnTer%09=%09[8].find(confirm)>v3dm0s,url_href,0
<A%0dOnPoiNtErEnTer%09=%09[8].find(confirm)>v3dm0s,url_navigation,0
<HTML%09ONpOiNtErEnter%09=%09(confirm)()%0dx//,html_tag,0
<HTML%09ONpOiNtErEnter%09=%09(confirm)()%0dx//,html_attribute,0
<HTML%09ONpOiNtErEnter%09=%09(confirm)()%0dx//,html_text,0
<HTML%09ONpOiNtErEnter%09=%09(confirm)()%0dx//,script_block,0
<HTML%09ONpOiNtErEnter%09=%09(confirm)()%0dx//,comment,0
<HTML%09ONpOiNtErEnter%09=%09(confirm)()%0dx//,url_href,0
<HTML%09ONpOiNtErEnter%09=%09(confirm)()%0dx//,url_navigation,0
"<dEtaILS%09oNtOGgle%0d=%0da=prompt,a()//",html_tag,0
"<dEtaILS%09oNtOGgle%0d=%0da=prompt,a()//",html_attribute,0
"<dEtaILS%09oNtOGgle%0d=%0da=prompt,a()//",html_text,0
"<dEtaILS%09oNtOGgle%0d=%0da=prompt,a()//",script_block,0
"<dEtaILS%09oNtOGgle%0d=%0da=prompt,a()//",comment,0
"<dEtaILS%09oNtOGgle%0d=%0da=prompt,a()//",url_href,0
"<dEtaILS%09oNtOGgle%0d=%0da=prompt,a()//",url_navigation,0
<d3V%0donMoUseovER+=+[8].find(confirm)%0dx>v3dm0s,html_tag,0
<d3V%0donMoUseovER+=+[8].find(confirm)%0dx>v3dm0s,html_attribute,0
<d3V%0donMoUseovER+=+[8].find(confirm)%0dx>v3dm0s,html_text,0
<d3V%0donMoUseovER+=+[8].find(confirm)%0dx>v3dm0s,script_block,0
<d3V%0donMoUseovER+=+[8].find(confirm)%0dx>v3dm0s,comment,0
<d3V%0donMoUseovER+=+[8].find(confirm)%0dx>v3dm0s,url_href,0
<d3V%0donMoUseovER+=+[8].find(confirm)%0dx>v3dm0s,url_navigation,0
<d3v%0dOnMoUSEoVEr%0d=%0dconfirm()>v3dm0s,html_tag,1
<d3v%0dOnMoUSEoVEr%0d=%0dconfirm()>v3dm0s,html_attribute,0
<d3v%0dOnMoUSEoVEr%0d=%0dconfirm()>v3dm0s,html_text,1
<d3v%0dOnMoUSEoVEr%0d=%0dconfirm()>v3dm0s,script_block,0
<d3v%0dOnMoUSEoVEr%0d=%0dconfirm()>v3dm0s,comment,0
<d3v%0dOnMoUSEoVEr%0d=%0dconfirm()>v3dm0s,url_href,0
<d3v%0dOnMoUSEoVEr%0d=%0dconfirm()>v3dm0s,url_navigation,0
<A%0donmOusEoVeR%0d=%0dconfirm()>v3dm0s,html_tag,1
<A%0donmOusEoVeR%0d=%0dconfirm()>v3dm0s,html_attribute,0
<A%0donmOusEoVeR%0d=%0dconfirm()>v3dm0s,html_text,1
<A%0donmOusEoVeR%0d=%0dconfirm()>v3dm0s,script_block,0
<A%0donmOusEoVeR%0d=%0dconfirm()>v3dm0s,comment,0
<A%0donmOusEoVeR%0d=%0dconfirm()>v3dm0s,url_href,0
<A%0donmOusEoVeR%0d=%0dconfirm()>v3dm0s,url_navigation,0
<a/+/oNPoINtERENteR%09=%09[8].find(confirm)>v3dm0s,html_tag,1
<a/+/oNPoINtERENteR%09=%09[8].find(confirm)>v3dm0s,html_attribute,0
<a/+/oNPoINtERENteR%09=%09[8].find(confirm)>v3dm0s,html_text,1
<a/+/oNPoINtERENteR%09=%09[8].find(confirm)>v3dm0s,script_block,0
<a/+/oNPoINtERENteR%09=%09[8].find(confirm)>v3dm0s,comment,0
<a/+/oNPoINtERENteR%09=%09[8].find(confirm)>v3dm0s,url_href,0
<a/+/oNPoINtERENteR%09=%09[8].find(confirm)>v3dm0s,url_navigation,0
<D3V%09onPoiNTERenTeR%0a=%0a[8].find(confirm)>v3dm0s,html_tag,1
<D3V%09onPoiNTERenTeR%0a=%0a[8].find(confirm)>v3dm0s,html_attribute,0
<D3V%09onPoiNTERenTeR%0a=%0a[8].find(confirm)>v3dm0s,html_text,1
<D3V%09onPoiNTERenTeR%0a=%0a[8].find(confirm)>v3dm0s,script_block,0
<D3V%09onPoiNTERenTeR%0a=%0a[8].find(confirm)>v3dm0s,comment,0
<D3V%09onPoiNTERenTeR%0a=%0a[8].find(confirm)>v3dm0s,url_href,0
<D3V%09onPoiNTERenTeR%0a=%0a[8].find(confirm)>v3dm0s,url_navigation,0
<a%0donMoUSeOVer+=+[8].find(confirm)>v3dm0s,html_tag,0
<a%0donMoUSeOVer+=+[8].find(confirm)>v3dm0s,html_attribute,0
<a%0donMoUSeOVer+=+[8].find(confirm)>v3dm0s,html_text,0
<a%0donMoUSeOVer+=+[8].find(confirm)>v3dm0s,script_block,0
<a%0donMoUSeOVer+=+[8].find(confirm)>v3dm0s,comment,0
<a%0donMoUSeOVer+=+[8].find(confirm)>v3dm0s,url_href,0
<a%0donMoUSeOVer+=+[8].find(confirm)>v3dm0s,url_navigation,0
"<hTMl%0dOnPoINTeRentEr%09=%09a=prompt,a()>",html_tag,0
"<hTMl%0dOnPoINTeRentEr%09=%09a=prompt,a()>",html_attribute,0
"<hTMl%0dOnPoINTeRentEr%09=%09a=prompt,a()>",html_text,0
"<hTMl%0dOnPoINTeRentEr%09=%09a=prompt,a()>",script_block,0
"<hTMl%0dOnPoINTeRentEr%09=%09a=prompt,a()>",comment,0
"<hTMl%0dOnPoINTeRentEr%09=%09a=prompt,a()>",url_href,0
"<hTMl%0dOnPoINTeRentEr%09=%09a=prompt,a()>",url_navigation,0
<d3v%09onmOUSeoveR%09=%09confirm()>v3dm0s,html_tag,1
<d3v%09onmOUSeoveR%09=%09confirm()>v3dm0s,html_attribute,0
<d3v%09onmOUSeoveR%09=%09confirm()>v3dm0s,html_text,1
<d3v%09onmOUSeoveR%09=%09confirm()>v3dm0s,script_block,0
<d3v%09onmOUSeoveR%09=%09confirm()>v3dm0s,comment,0
<d3v%09onmOUSeoveR%09=%09confirm()>v3dm0s,url_href,0
<d3v%09onmOUSeoveR%09=%09confirm()>v3dm0s,url_navigation,0
"<dEtAils%09onPoINtEREnTer%0d=%0da=prompt,a()//",html_tag,0
"<dEtAils%09onPoINtEREnTer%0d=%0da=prompt,a()//",html_attribute,0
"<dEtAils%09onPoINtEREnTer%0d=%0da=prompt,a()//",html_text,0
"<dEtAils%09onPoINtEREnTer%0d=%0da=prompt,a()//",script_block,0
"<dEtAils%09onPoINtEREnTer%0d=%0da=prompt,a()//",comment,0
"<dEtAils%09onPoINtEREnTer%0d=%0da=prompt,a()//",url_href,0
"<dEtAils%09onPoINtEREnTer%0d=%0da=prompt,a()//",url_navigation,0
"<HTML/+/ONPoINTERENTeR+=+a=prompt,a()%0dx//",html_tag,0
"<HTML/+/ONPoINTERENTeR+=+a=prompt,a()%0dx//",html_attribute,0
"<HTML/+/ONPoINTERENTeR+=+a=prompt,a()%0dx//",html_text,0
"<HTML/+/ONPoINTERENTeR+=+a=prompt,a()%0dx//",script_block,0
"<HTML/+/ONPoINTERENTeR+=+a=prompt,a()%0dx//",comment,0
"<HTML/+/ONPoINTERENTeR+=+a=prompt,a()%0dx//",url_href,0
"<HTML/+/ONPoINTERENTeR+=+a=prompt,a()%0dx//",url_navigation,0
<HtMl%0aonMOuseOVEr%09=%09confirm()%0dx>,html_tag,0
<HtMl%0aonMOuseOVEr%09=%09confirm()%0dx>,html_attribute,0
<HtMl%0aonMOuseOVEr%09=%09confirm()%0dx>,html_text,0
<HtMl%0aonMOuseOVEr%09=%09confirm()%0dx>,script_block,0
<HtMl%0aonMOuseOVEr%09=%09confirm()%0dx>,comment,0
<HtMl%0aonMOuseOVEr%09=%09confirm()%0dx>,url_href,0
<HtMl%0aonMOuseOVEr%09=%09confirm()%0dx>,url_navigation,0
<htMl/+/ONMOuseOVEr+=+confirm()//,html_tag,0
<htMl/+/ONMOuseOVEr+=+confirm()//,html_attribute,0
<htMl/+/ONMOuseOVEr+=+confirm()//,html_text,0
<htMl/+/ONMOuseOVEr+=+confirm()//,script_block,0
<htMl/+/ONMOuseOVEr+=+confirm()//,comment,0
<htMl/+/ONMOuseOVEr+=+confirm()//,url_href,0
<htMl/+/ONMOuseOVEr+=+confirm()//,url_navigation,0
<DetAils/+/oNTOgGLE%0d=%0d(prompt)``%0dx>,html_tag,0
<DetAils/+/oNTOgGLE%0d=%0d(prompt)``%0dx>,html_attribute,0
<DetAils/+/oNTOgGLE%0d=%0d(prompt)``%0dx>,html_text,0
<DetAils/+/oNTOgGLE%0d=%0d(prompt)``%0dx>,script_block,0
<DetAils/+/oNTOgGLE%0d=%0d(prompt)``%0dx>,comment,0
<DetAils/+/oNTOgGLE%0d=%0d(prompt)``%0dx>,url_href,0
<DetAils/+/oNTOgGLE%0d=%0d(prompt)``%0dx>,url_navigation,0
<A%0doNPOInTerENter%0d=%0d[8].find(confirm)>v3dm0s,html_tag,1
<A%0doNPOInTerENter%0d=%0d[8].find(confirm)>v3dm0s,html_attribute,0
<A%0doNPOInTerENter%0d=%0d[8].find(confirm)>v3dm0s,html_text,1
<A%0doNPOInTerENter%0d=%0d[8].find(confirm)>v3dm0s,script_block,0
<A%0doNPOInTerENter%0d=%0d[8].find(confirm)>v3dm0s,comment,0
<A%0doNPOInTerENter%0d=%0d[8].find(confirm)>v3dm0s,url_href,0
<A%0doNPOInTerENter%0d=%0d[8].find(confirm)>v3dm0s,url_navigation,0
<HTml/+/onPoiNTERentER%09=%09(prompt)``%0dx>,html_tag,0
<HTml/+/onPoiNTERentER%09=%09(prompt)``%0dx>,html_attribute,0
<HTml/+/onPoiNTERentER%09=%09(prompt)``%0dx>,html_text,0
<HTml/+/onPoiNTERentER%09=%09(prompt)``%0dx>,script_block,0
<HTml/+/onPoiNTERentER%09=%09(prompt)``%0dx>,comment,0
<HTml/+/onPoiNTERentER%09=%09(prompt)``%0dx>,url_href,0
<HTml/+/onPoiNTERentER%09=%09(prompt)``%0dx>,url_navigation,0
<htmL%09oNmOuSEOver%0d=%0dconfirm()>,html_tag,0
<htmL%09oNmOuSEOver%0d=%0dconfirm()>,html_attribute,0
<htmL%09oNmOuSEOver%0d=%0dconfirm()>,html_text,0
<htmL%09oNmOuSEOver%0d=%0dconfirm()>,script_block,0
<htmL%09oNmOuSEOver%0d=%0dconfirm()>,comment,0
<htmL%09oNmOuSEOver%0d=%0dconfirm()>,url_href,0
<htmL%09oNmOuSEOver%0d=%0dconfirm()>,url_navigation,0
<D3v%0aOnPoINtEReNTER%0d=%0d(prompt)``%0dx>v3dm0s,html_tag,1
<D3v%0aOnPoINtEReNTER%0d=%0d(prompt)``%0dx>v3dm0s,html_attribute,0
<D3v%0aOnPoINtEReNTER%0d=%0d(prompt)``%0dx>v3dm0s,html_text,1
<D3v%0aOnPoINtEReNTER%0d=%0d(prompt)``%0dx>v3dm0s,script_block,0
<D3v%0aOnPoINtEReNTER%0d=%0d(prompt)``%0dx>v3dm0s,comment,0
<D3v%0aOnPoINtEReNTER%0d=%0d(prompt)``%0dx>v3dm0s,url_href,0
<D3v%0aOnPoINtEReNTER%0d=%0d(prompt)``%0dx>v3dm0s,url_navigation,0
<DetAIlS%09ONpoinTerENTER%09=%09confirm()//,html_tag,0
<DetAIlS%09ONpoinTerENTER%09=%09confirm()//,html_attribute,0
<DetAIlS%09ONpoinTerENTER%09=%09confirm()//,html_text,0
<DetAIlS%09ONpoinTerENTER%09=%09confirm()//,script_block,0
<DetAIlS%09ONpoinTerENTER%09=%09confirm()//,comment,0
<DetAIlS%09ONpoinTerENTER%09=%09confirm()//,url_href,0
<DetAIlS%09ONpoinTerENTER%09=%09confirm()//,url_navigation,0
<DEtaILs%0doNPOIntEReNter%0a=%0a[8].find(confirm)%0dx>,html_tag,0
<DEtaILs%0doNPOIntEReNter%0a=%0a[8].find(confirm)%0dx>,html_attribute,0
<DEtaILs%0doNPOIntEReNter%0a=%0a[8].find(confirm)%0dx>,html_text,0
<DEtaILs%0doNPOIntEReNter%0a=%0a[8].find(confirm)%0dx>,script_block,0
<DEtaILs%0doNPOIntEReNter%0a=%0a[8].find(confirm)%0dx>,comment,0
<DEtaILs%0doNPOIntEReNter%0a=%0a[8].find(confirm)%0dx>,url_href,0
<DEtaILs%0doNPOIntEReNter%0a=%0a[8].find(confirm)%0dx>,url_navigation,0
<htML%09oNmouSEoVeR%0d=%0dconfirm()//,html_tag,0
<htML%09oNmouSEoVeR%0d=%0dconfirm()//,html_attribute,0
<htML%09oNmouSEoVeR%0d=%0dconfirm()//,html_text,0
<htML%09oNmouSEoVeR%0d=%0dconfirm()//,script_block,0
<htML%09oNmouSEoVeR%0d=%0dconfirm()//,comment,0
<htML%09oNmouSEoVeR%0d=%0dconfirm()//,url_href,0
<htML%09oNmouSEoVeR%0d=%0dconfirm()//,url_navigation,0
<d3V%09OnpOiNTeRenTER%0a=%0a(prompt)``%0dx>v3dm0s,html_tag,1
<d3V%09OnpOiNTeRenTER%0a=%0a(prompt)``%0dx>v3dm0s,html_attribute,0
<d3V%09OnpOiNTeRenTER%0a=%0a(prompt)``%0dx>v3dm0s,html_text,1
<d3V%09OnpOiNTeRenTER%0a=%0a(prompt)``%0dx>v3dm0s,script_block,0
<d3V%09OnpOiNTeRenTER%0a=%0a(prompt)``%0dx>v3dm0s,comment,0
<d3V%09OnpOiNTeRenTER%0a=%0a(prompt)``%0dx>v3dm0s,url_href,0
<d3V%09OnpOiNTeRenTER%0a=%0a(prompt)``%0dx>v3dm0s,url_navigation,0
<DETailS%0aoNTogGlE+=+(confirm)()%0dx//,html_tag,0
<DETailS%0aoNTogGlE+=+(confirm)()%0dx//,html_attribute,0
<DETailS%0aoNTogGlE+=+(confirm)()%0dx//,html_text,0
<DETailS%0aoNTogGlE+=+(confirm)()%0dx//,script_block,0
<DETailS%0aoNTogGlE+=+(confirm)()%0dx//,comment,0
<DETailS%0aoNTogGlE+=+(confirm)()%0dx//,url_href,0
<DETailS%0aoNTogGlE+=+(confirm)()%0dx//,url_navigation,0
<DETaIls%0aoNtogGLE%0d=%0d(prompt)``//,html_tag,0
<DETaIls%0aoNtogGLE%0d=%0d(prompt)``//,html_attribute,0
<DETaIls%0aoNtogGLE%0d=%0d(prompt)``//,html_text,0
<DETaIls%0aoNtogGLE%0d=%0d(prompt)``//,script_block,0
<DETaIls%0aoNtogGLE%0d=%0d(prompt)``//,comment,0
<DETaIls%0aoNtogGLE%0d=%0d(prompt)``//,url_href,0
<DETaIls%0aoNtogGLE%0d=%0d(prompt)``//,url_navigation,0
"<deTails%09OntOggLe%09=%09a=prompt,a()%0dx//",html_tag,0
"<deTails%09OntOggLe%09=%09a=prompt,a()%0dx//",html_attribute,0
"<deTails%09OntOggLe%09=%09a=prompt,a()%0dx//",html_text,0
"<deTails%09OntOggLe%09=%09a=prompt,a()%0dx//",script_block,0
"<deTails%09OntOggLe%09=%09a=prompt,a()%0dx//",comment,0
"<deTails%09OntOggLe%09=%09a=prompt,a()%0dx//",url_href,0
"<deTails%09OntOggLe%09=%09a=prompt,a()%0dx//",url_navigation,0
<Html/+/onPoiNTEReNTEr+=+confirm()//,html_tag,0
<Html/+/onPoiNTEReNTEr+=+confirm()//,html_attribute,0
<Html/+/onPoiNTEReNTEr+=+confirm()//,html_text,0
<Html/+/onPoiNTEReNTEr+=+confirm()//,script_block,0
<Html/+/onPoiNTEReNTEr+=+confirm()//,comment,0
<Html/+/onPoiNTEReNTEr+=+confirm()//,url_href,0
<Html/+/onPoiNTEReNTEr+=+confirm()//,url_navigation,0
"<D3v/+/onmOUseOvER+=+a=prompt,a()>v3dm0s",html_tag,0
"<D3v/+/onmOUseOvER+=+a=prompt,a()>v3dm0s",html_attribute,0
"<D3v/+/onmOUseOvER+=+a=prompt,a()>v3dm0s",html_text,0
"<D3v/+/onmOUseOvER+=+a=prompt,a()>v3dm0s",script_block,0
"<D3v/+/onmOUseOvER+=+a=prompt,a()>v3dm0s",comment,0
"<D3v/+/onmOUseOvER+=+a=prompt,a()>v3dm0s",url_href,0
"<D3v/+/onmOUseOvER+=+a=prompt,a()>v3dm0s",url_navigation,0
<D3V%09onMOUSeoVeR%0a=%0a(confirm)()%0dx>v3dm0s,html_tag,1
<D3V%09onMOUSeoVeR%0a=%0a(confirm)()%0dx>v3dm0s,html_attribute,0
<D3V%09onMOUSeoVeR%0a=%0a(confirm)()%0dx>v3dm0s,html_text,1
<D3V%09onMOUSeoVeR%0a=%0a(confirm)()%0dx>v3dm0s,script_block,0
<D3V%09onMOUSeoVeR%0a=%0a(confirm)()%0dx>v3dm0s,comment,0
<D3V%09onMOUSeoVeR%0a=%0a(confirm)()%0dx>v3dm0s,url_href,0
<D3V%09onMOUSeoVeR%0a=%0a(confirm)()%0dx>v3dm0s,url_navigation,0
<A%0dONMouSeOVer%0a=%0a[8].find(confirm)>v3dm0s,html_tag,1
<A%0dONMouSeOVer%0a=%0a[8].find(confirm)>v3dm0s,html_attribute,0
<A%0dONMouSeOVer%0a=%0a[8].find(confirm)>v3dm0s,html_text,1
<A%0dONMouSeOVer%0a=%0a[8].find(confirm)>v3dm0s,script_block,0
<A%0dONMouSeOVer%0a=%0a[8].find(confirm)>v3dm0s,comment,0
<A%0dONMouSeOVer%0a=%0a[8].find(confirm)>v3dm0s,url_href,0
<A%0dONMouSeOVer%0a=%0a[8].find(confirm)>v3dm0s,url_navigation,0
<html%0aoNmoUSeOVer%0a=%0aconfirm()//,html_tag,0
<html%0aoNmoUSeOVer%0a=%0aconfirm()//,html_attribute,0
<html%0aoNmoUSeOVer%0a=%0aconfirm()//,html_text,0
<html%0aoNmoUSeOVer%0a=%0aconfirm()//,script_block,0
<html%0aoNmoUSeOVer%0a=%0aconfirm()//,comment,0
<html%0aoNmoUSeOVer%0a=%0aconfirm()//,url_href,0
<html%0aoNmoUSeOVer%0a=%0aconfirm()//,url_navigation,0
<htMl%09OnPOInteREntER+=+[8].find(confirm)%0dx//,html_tag,0
<htMl%09OnPOInteREntER+=+[8].find(confirm)%0dx//,html_attribute,0
<htMl%09OnPOInteREntER+=+[8].find(confirm)%0dx//,html_text,0
<htMl%09OnPOInteREntER+=+[8].find(confirm)%0dx//,script_block,0
<htMl%09OnPOInteREntER+=+[8].find(confirm)%0dx//,comment,0
<htMl%09OnPOInteREntER+=+[8].find(confirm)%0dx//,url_href,0
<htMl%09OnPOInteREntER+=+[8].find(confirm)%0dx//,url_navigation,0
<d3V%0dONmOUSEoveR%09=%09[8].find(confirm)%0dx>v3dm0s,html_tag,1
<d3V%0dONmOUSEoveR%09=%09[8].find(confirm)%0dx>v3dm0s,html_attribute,0
<d3V%0dONmOUSEoveR%09=%09[8].find(confirm)%0dx>v3dm0s,html_text,1
<d3V%0dONmOUSEoveR%09=%09[8].find(confirm)%0dx>v3dm0s,script_block,0
<d3V%0dONmOUSEoveR%09=%09[8].find(confirm)%0dx>v3dm0s,comment,0
<d3V%0dONmOUSEoveR%09=%09[8].find(confirm)%0dx>v3dm0s,url_href,0
<d3V%0dONmOUSEoveR%09=%09[8].find(confirm)%0dx>v3dm0s,url_navigation,0
<dEtAiLS/+/ONpoINtEReNtER%09=%09(confirm)()>,html_tag,0
<dEtAiLS/+/ONpoINtEReNtER%09=%09(confirm)()>,html_attribute,0
<dEtAiLS/+/ONpoINtEReNtER%09=%09(confirm)()>,html_text,0
<dEtAiLS/+/ONpoINtEReNtER%09=%09(confirm)()>,script_block,0
<dEtAiLS/+/ONpoINtEReNtER%09=%09(confirm)()>,comment,0
<dEtAiLS/+/ONpoINtEReNtER%09=%09(confirm)()>,url_href,0
<dEtAiLS/+/ONpoINtEReNtER%09=%09(confirm)()>,url_navigation,0
<DETails%0dOntogGle%09=%09(confirm)()>,html_tag,0
<DETails%0dOntogGle%09=%09(confirm)()>,html_attribute,0
<DETails%0dOntogGle%09=%09(confirm)()>,html_text,0
<DETails%0dOntogGle%09=%09(confirm)()>,script_block,0
<DETails%0dOntogGle%09=%09(confirm)()>,comment,0
<DETails%0dOntogGle%09=%09(confirm)()>,url_href,0
<DETails%0dOntogGle%09=%09(confirm)()>,url_navigation,0
<hTML/+/onmoUSEOVEr%09=%09(confirm)()//,html_tag,0
<hTML/+/onmoUSEOVEr%09=%09(confirm)()//,html_attribute,0
<hTML/+/onmoUSEOVEr%09=%09(confirm)()//,html_text,0
<hTML/+/onmoUSEOVEr%09=%09(confirm)()//,script_block,0
<hTML/+/onmoUSEOVEr%09=%09(confirm)()//,comment,0
<hTML/+/onmoUSEOVEr%09=%09(confirm)()//,url_href,0
<hTML/+/onmoUSEOVEr%09=%09(confirm)()//,url_navigation,0
<d3V/+/oNmouSeoVER%09=%09(prompt)``>v3dm0s,html_tag,1
<d3V/+/oNmouSeoVER%09=%09(prompt)``>v3dm0s,html_attribute,0
<d3V/+/oNmouSeoVER%09=%09(prompt)``>v3dm0s,html_text,1
<d3V/+/oNmouSeoVER%09=%09(prompt)``>v3dm0s,script_block,0
<d3V/+/oNmouSeoVER%09=%09(prompt)``>v3dm0s,comment,0
<d3V/+/oNmouSeoVER%09=%09(prompt)``>v3dm0s,url_href,0
<d3V/+/oNmouSeoVER%09=%09(prompt)``>v3dm0s,url_navigation,0
<d3V%0aONPOiNTerEnTeR%0d=%0d(prompt)``%0dx>v3dm0s,html_tag,1
<d3V%0aONPOiNTerEnTeR%0d=%0d(prompt)``%0dx>v3dm0s,html_attribute,0
<d3V%0aONPOiNTerEnTeR%0d=%0d(prompt)``%0dx>v3dm0s,html_text,1
<d3V%0aONPOiNTerEnTeR%0d=%0d(prompt)``%0dx>v3dm0s,script_block,0
<d3V%0aONPOiNTerEnTeR%0d=%0d(prompt)``%0dx>v3dm0s,comment,0
<d3V%0aONPOiNTerEnTeR%0d=%0d(prompt)``%0dx>v3dm0s,url_href,0
<d3V%0aONPOiNTerEnTeR%0d=%0d(prompt)``%0dx>v3dm0s,url_navigation,0
<detAiLS%09OnPOintErenTer%0d=%0d(confirm)()//,html_tag,0
<detAiLS%09OnPOintErenTer%0d=%0d(confirm)()//,html_attribute,0
<detAiLS%09OnPOintErenTer%0d=%0d(confirm)()//,html_text,0
<detAiLS%09OnPOintErenTer%0d=%0d(confirm)()//,script_block,0
<detAiLS%09OnPOintErenTer%0d=%0d(confirm)()//,comment,0
<detAiLS%09OnPOintErenTer%0d=%0d(confirm)()//,url_href,0
<detAiLS%09OnPOintErenTer%0d=%0d(confirm)()//,url_navigation,0
<d3V%0donpOINteRenteR%09=%09confirm()%0dx>v3dm0s,html_tag,1
<d3V%0donpOINteRenteR%09=%09confirm()%0dx>v3dm0s,html_attribute,0
<d3V%0donpOINteRenteR%09=%09confirm()%0dx>v3dm0s,html_text,1
<d3V%0donpOINteRenteR%09=%09confirm()%0dx>v3dm0s,script_block,0
<d3V%0donpOINteRenteR%09=%09confirm()%0dx>v3dm0s,comment,0
<d3V%0donpOINteRenteR%09=%09confirm()%0dx>v3dm0s,url_href,0
<d3V%0donpOINteRenteR%09=%09confirm()%0dx>v3dm0s,url_navigation,0
"<html%0aONpOiNtErentEr%0a=%0aa=prompt,a()>",html_tag,0
"<html%0aONpOiNtErentEr%0a=%0aa=prompt,a()>",html_attribute,0
"<html%0aONpOiNtErentEr%0a=%0aa=prompt,a()>",html_text,0
"<html%0aONpOiNtErentEr%0a=%0aa=prompt,a()>",script_block,0
"<html%0aONpOiNtErentEr%0a=%0aa=prompt,a()>",comment,0
"<html%0aONpOiNtErentEr%0a=%0aa=prompt,a()>",url_href,0
"<html%0aONpOiNtErentEr%0a=%0aa=prompt,a()>",url_navigation,0
<d3v%0aONPoiNTeRentEr%0a=%0a[8].find(confirm)>v3dm0s,html_tag,1
<d3v%0aONPoiNTeRentEr%0a=%0a[8].find(confirm)>v3dm0s,html_attribute,0
<d3v%0aONPoiNTeRentEr%0a=%0a[8].find(confirm)>v3dm0s,html_text,1
<d3v%0aONPoiNTeRentEr%0a=%0a[8].find(confirm)>v3dm0s,script_block,0
<d3v%0aONPoiNTeRentEr%0a=%0a[8].find(confirm)>v3dm0s,comment,0
<d3v%0aONPoiNTeRentEr%0a=%0a[8].find(confirm)>v3dm0s,url_href,0
<d3v%0aONPoiNTeRentEr%0a=%0a[8].find(confirm)>v3dm0s,url_navigation,0
<dETAiLs/+/OnPOinTerenTEr+=+(confirm)()%0dx//,html_tag,0
<dETAiLs/+/OnPOinTerenTEr+=+(confirm)()%0dx//,html_attribute,0
<dETAiLs/+/OnPOinTerenTEr+=+(confirm)()%0dx//,html_text,0
<dETAiLs/+/OnPOinTerenTEr+=+(confirm)()%0dx//,script_block,0
<dETAiLs/+/OnPOinTerenTEr+=+(confirm)()%0dx//,comment,0
<dETAiLs/+/OnPOinTerenTEr+=+(confirm)()%0dx//,url_href,0
<dETAiLs/+/OnPOinTerenTEr+=+(confirm)()%0dx//,url_navigation,0
<a%09OnPoiNTEREntER%0d=%0dconfirm()%0dx>v3dm0s,html_tag,1
<a%09OnPoiNTEREntER%0d=%0dconfirm()%0dx>v3dm0s,html_attribute,0
<a%09OnPoiNTEREntER%0d=%0dconfirm()%0dx>v3dm0s,html_text,1
<a%09OnPoiNTEREntER%0d=%0dconfirm()%0dx>v3dm0s,script_block,0
<a%09OnPoiNTEREntER%0d=%0dconfirm()%0dx>v3dm0s,comment,0
<a%09OnPoiNTEREntER%0d=%0dconfirm()%0dx>v3dm0s,url_href,0
<a%09OnPoiNTEREntER%0d=%0dconfirm()%0dx>v3dm0s,url_navigation,0
<DEtaIlS/+/OnPOINtERentER%0a=%0aconfirm()//,html_tag,0
<DEtaIlS/+/OnPOINtERentER%0a=%0aconfirm()//,html_attribute,0
<DEtaIlS/+/OnPOINtERentER%0a=%0aconfirm()//,html_text,0
<DEtaIlS/+/OnPOINtERentER%0a=%0aconfirm()//,script_block,0
<DEtaIlS/+/OnPOINtERentER%0a=%0aconfirm()//,comment,0
<DEtaIlS/+/OnPOINtERentER%0a=%0aconfirm()//,url_href,0
<DEtaIlS/+/OnPOINtERentER%0a=%0aconfirm()//,url_navigation,0
<a%0doNmoUSeOVer%0a=%0a(confirm)()%0dx>v3dm0s,html_tag,1
<a%0doNmoUSeOVer%0a=%0a(confirm)()%0dx>v3dm0s,html_attribute,0
<a%0doNmoUSeOVer%0a=%0a(confirm)()%0dx>v3dm0s,html_text,1
<a%0doNmoUSeOVer%0a=%0a(confirm)()%0dx>v3dm0s,script_block,0
<a%0doNmoUSeOVer%0a=%0a(confirm)()%0dx>v3dm0s,comment,0
<a%0doNmoUSeOVer%0a=%0a(confirm)()%0dx>v3dm0s,url_href,0
<a%0doNmoUSeOVer%0a=%0a(confirm)()%0dx>v3dm0s,url_navigation,0
<hTMl%0doNpoINtErentER+=+(prompt)``%0dx//,html_tag,0
<hTMl%0doNpoINtErentER+=+(prompt)``%0dx//,html_attribute,0
<hTMl%0doNpoINtErentER+=+(prompt)``%0dx//,html_text,0
<hTMl%0doNpoINtErentER+=+(prompt)``%0dx//,script_block,0
<hTMl%0doNpoINtErentER+=+(prompt)``%0dx//,comment,0
<hTMl%0doNpoINtErentER+=+(prompt)``%0dx//,url_href,0
<hTMl%0doNpoINtErentER+=+(prompt)``%0dx//,url_navigation,0
"<DETAILS/+/oNPOInTERENtER%09=%09a=prompt,a()//",html_tag,0
"<DETAILS/+/oNPOInTERENtER%09=%09a=prompt,a()//",html_attribute,0
"<DETAILS/+/oNPOInTERENtER%09=%09a=prompt,a()//",html_text,0
"<DETAILS/+/oNPOInTERENtER%09=%09a=prompt,a()//",script_block,0
"<DETAILS/+/oNPOInTERENtER%09=%09a=prompt,a()//",comment,0
"<DETAILS/+/oNPOInTERENtER%09=%09a=prompt,a()//",url_href,0
"<DETAILS/+/oNPOInTERENtER%09=%09a=prompt,a()//",url_navigation,0
<d3V/+/oNmOUseOVeR%0d=%0d(confirm)()>v3dm0s,html_tag,1
<d3V/+/oNmOUseOVeR%0d=%0d(confirm)()>v3dm0s,html_attribute,0
<d3V/+/oNmOUseOVeR%0d=%0d(confirm)()>v3dm0s,html_text,1
<d3V/+/oNmOUseOVeR%0d=%0d(confirm)()>v3dm0s,script_block,0
<d3V/+/oNmOUseOVeR%0d=%0d(confirm)()>v3dm0s,comment,0
<d3V/+/oNmOUseOVeR%0d=%0d(confirm)()>v3dm0s,url_href,0
<d3V/+/oNmOUseOVeR%0d=%0d(confirm)()>v3dm0s,url_navigation,0
"<hTmL%0aoNPOiNtErEnTeR%0a=%0aa=prompt,a()%0dx//",html_tag,0
"<hTmL%0aoNPOiNtErEnTeR%0a=%0aa=prompt,a()%0dx//",html_attribute,0
"<hTmL%0aoNPOiNtErEnTeR%0a=%0aa=prompt,a()%0dx//",html_text,0
"<hTmL%0aoNPOiNtErEnTeR%0a=%0aa=prompt,a()%0dx//",script_block,0
"<hTmL%0aoNPOiNtErEnTeR%0a=%0aa=prompt,a()%0dx//",comment,0
"<hTmL%0aoNPOiNtErEnTeR%0a=%0aa=prompt,a()%0dx//",url_href,0
"<hTmL%0aoNPOiNtErEnTeR%0a=%0aa=prompt,a()%0dx//",url_navigation,0
<d3V%0aONPointeRENtER%0d=%0dconfirm()>v3dm0s,html_tag,1
<d3V%0aONPointeRENtER%0d=%0dconfirm()>v3dm0s,html_attribute,0
<d3V%0aONPointeRENtER%0d=%0dconfirm()>v3dm0s,html_text,1
<d3V%0aONPointeRENtER%0d=%0dconfirm()>v3dm0s,script_block,0
<d3V%0aONPointeRENtER%0d=%0dconfirm()>v3dm0s,comment,0
<d3V%0aONPointeRENtER%0d=%0dconfirm()>v3dm0s,url_href,0
<d3V%0aONPointeRENtER%0d=%0dconfirm()>v3dm0s,url_navigation,0
<deTAiLS/+/ONpOintereNTER+=+[8].find(confirm)%0dx//,html_tag,0
<deTAiLS/+/ONpOintereNTER+=+[8].find(confirm)%0dx//,html_attribute,0
<deTAiLS/+/ONpOintereNTER+=+[8].find(confirm)%0dx//,html_text,0
<deTAiLS/+/ONpOintereNTER+=+[8].find(confirm)%0dx//,script_block,0
<deTAiLS/+/ONpOintereNTER+=+[8].find(confirm)%0dx//,comment,0
<deTAiLS/+/ONpOintereNTER+=+[8].find(confirm)%0dx//,url_href,0
<deTAiLS/+/ONpOintereNTER+=+[8].find(confirm)%0dx//,url_navigation,0
<d3V/+/oNmoUseOVeR%09=%09[8].find(confirm)>v3dm0s,html_tag,1
<d3V/+/oNmoUseOVeR%09=%09[8].find(confirm)>v3dm0s,html_attribute,0
<d3V/+/oNmoUseOVeR%09=%09[8].find(confirm)>v3dm0s,html_text,1
<d3V/+/oNmoUseOVeR%09=%09[8].find(confirm)>v3dm0s,script_block,0
<d3V/+/oNmoUseOVeR%09=%09[8].find(confirm)>v3dm0s,comment,0
<d3V/+/oNmoUseOVeR%09=%09[8].find(confirm)>v3dm0s,url_href,0
<d3V/+/oNmoUseOVeR%09=%09[8].find(confirm)>v3dm0s,url_navigation,0
<d3V/+/oNpOiNTereNTeR+=+confirm()>v3dm0s,html_tag,0
<d3V/+/oNpOiNTereNTeR+=+confirm()>v3dm0s,html_attribute,0
<d3V/+/oNpOiNTereNTeR+=+confirm()>v3dm0s,html_text,0
<d3V/+/oNpOiNTereNTeR+=+confirm()>v3dm0s,script_block,0
<d3V/+/oNpOiNTereNTeR+=+confirm()>v3dm0s,comment,0
<d3V/+/oNpOiNTereNTeR+=+confirm()>v3dm0s,url_href,0
<d3V/+/oNpOiNTereNTeR+=+confirm()>v3dm0s,url_navigation,0
"<d3v/+/ONMouSeover+=+a=prompt,a()>v3dm0s",html_tag,0
"<d3v/+/ONMouSeover+=+a=prompt,a()>v3dm0s",html_attribute,0
"<d3v/+/ONMouSeover+=+a=prompt,a()>v3dm0s",html_text,0
"<d3v/+/ONMouSeover+=+a=prompt,a()>v3dm0s",script_block,0
"<d3v/+/ONMouSeover+=+a=prompt,a()>v3dm0s",comment,0
"<d3v/+/ONMouSeover+=+a=prompt,a()>v3dm0s",url_href,0
"<d3v/+/ONMouSeover+=+a=prompt,a()>v3dm0s",url_navigation,0
<D3V/+/ONPOiNTErENTeR+=+[8].find(confirm)%0dx>v3dm0s,html_tag,0
<D3V/+/ONPOiNTErENTeR+=+[8].find(confirm)%0dx>v3dm0s,html_attribute,0
<D3V/+/ONPOiNTErENTeR+=+[8].find(confirm)%0dx>v3dm0s,html_text,0
<D3V/+/ONPOiNTErENTeR+=+[8].find(confirm)%0dx>v3dm0s,script_block,0
<D3V/+/ONPOiNTErENTeR+=+[8].find(confirm)%0dx>v3dm0s,comment,0
<D3V/+/ONPOiNTErENTeR+=+[8].find(confirm)%0dx>v3dm0s,url_href,0
<D3V/+/ONPOiNTErENTeR+=+[8].find(confirm)%0dx>v3dm0s,url_navigation,0
<A%0doNPoiNtereNTer+=+confirm()%0dx>v3dm0s,html_tag,0
<A%0doNPoiNtereNTer+=+confirm()%0dx>v3dm0s,html_attribute,0
<A%0doNPoiNtereNTer+=+confirm()%0dx>v3dm0s,html_text,0
<A%0doNPoiNtereNTer+=+confirm()%0dx>v3dm0s,script_block,0
<A%0doNPoiNtereNTer+=+confirm()%0dx>v3dm0s,comment,0
<A%0doNPoiNtereNTer+=+confirm()%0dx>v3dm0s,url_href,0
<A%0doNPoiNtereNTer+=+confirm()%0dx>v3dm0s,url_navigation,0
<A%0aonpoIntEReNter%0d=%0d(confirm)()>v3dm0s,html_tag,1
<A%0aonpoIntEReNter%0d=%0d(confirm)()>v3dm0s,html_attribute,0
<A%0aonpoIntEReNter%0d=%0d(confirm)()>v3dm0s,html_text,1
<A%0aonpoIntEReNter%0d=%0d(confirm)()>v3dm0s,script_block,0
<A%0aonpoIntEReNter%0d=%0d(confirm)()>v3dm0s,comment,0
<A%0aonpoIntEReNter%0d=%0d(confirm)()>v3dm0s,url_href,0
<A%0aonpoIntEReNter%0d=%0d(confirm)()>v3dm0s,url_navigation,0
<A/+/ONmOUseovEr%09=%09confirm()%0dx>v3dm0s,html_tag,1
<A/+/ONmOUseovEr%09=%09confirm()%0dx>v3dm0s,html_attribute,0
<A/+/ONmOUseovEr%09=%09confirm()%0dx>v3dm0s,html_text,1
<A/+/ONmOUseovEr%09=%09confirm()%0dx>v3dm0s,script_block,0
<A/+/ONmOUseovEr%09=%09confirm()%0dx>v3dm0s,comment,0
<A/+/ONmOUseovEr%09=%09confirm()%0dx>v3dm0s,url_href,0
<A/+/ONmOUseovEr%09=%09confirm()%0dx>v3dm0s,url_navigation,0
<d3v/+/oNPOiNtErENtEr%09=%09[8].find(confirm)>v3dm0s,html_tag,1
<d3v/+/oNPOiNtErENtEr%09=%09[8].find(confirm)>v3dm0s,html_attribute,0
<d3v/+/oNPOiNtErENtEr%09=%09[8].find(confirm)>v3dm0s,html_text,1
<d3v/+/oNPOiNtErENtEr%09=%09[8].find(confirm)>v3dm0s,script_block,0
<d3v/+/oNPOiNtErENtEr%09=%09[8].find(confirm)>v3dm0s,comment,0
<d3v/+/oNPOiNtErENtEr%09=%09[8].find(confirm)>v3dm0s,url_href,0
<d3v/+/oNPOiNtErENtEr%09=%09[8].find(confirm)>v3dm0s,url_navigation,0
<A%09oNpoinTeReNTer+=+[8].find(confirm)%0dx>v3dm0s,html_tag,0
<A%09oNpoinTeReNTer+=+[8].find(confirm)%0dx>v3dm0s,html_attribute,0
<A%09oNpoinTeReNTer+=+[8].find(confirm)%0dx>v3dm0s,html_text,0
<A%09oNpoinTeReNTer+=+[8].find(confirm)%0dx>v3dm0s,script_block,0
<A%09oNpoinTeReNTer+=+[8].find(confirm)%0dx>v3dm0s,comment,0
<A%09oNpoinTeReNTer+=+[8].find(confirm)%0dx>v3dm0s,url_href,0
<A%09oNpoinTeReNTer+=+[8].find(confirm)%0dx>v3dm0s,url_navigation,0
<a%0aONMoUseoVEr%09=%09confirm()>v3dm0s,html_tag,1
<a%0aONMoUseoVEr%09=%09confirm()>v3dm0s,html_attribute,0
<a%0aONMoUseoVEr%09=%09confirm()>v3dm0s,html_text,1
<a%0aONMoUseoVEr%09=%09confirm()>v3dm0s,script_block,0
<a%0aONMoUseoVEr%09=%09confirm()>v3dm0s,comment,0
<a%0aONMoUseoVEr%09=%09confirm()>v3dm0s,url_href,0
<a%0aONMoUseoVEr%09=%09confirm()>v3dm0s,url_navigation,0
<a%09oNmouSeoVEr%0a=%0a(prompt)``>v3dm0s,html_tag,1
<a%09oNmouSeoVEr%0a=%0a(prompt)``>v3dm0s,html_attribute,0
<a%09oNmouSeoVEr%0a=%0a(prompt)``>v3dm0s,html_text,1
<a%09oNmouSeoVEr%0a=%0a(prompt)``>v3dm0s,script_block,0
<a%09oNmouSeoVEr%0a=%0a(prompt)``>v3dm0s,comment,0
<a%09oNmouSeoVEr%0a=%0a(prompt)``>v3dm0s,url_href,0
<a%09oNmouSeoVEr%0a=%0a(prompt)``>v3dm0s,url_navigation,0
<HtMl%0aoNMOUsEOVEr%09=%09(confirm)()%0dx//,html_tag,0
<HtMl%0aoNMOUsEOVEr%09=%09(confirm)()%0dx//,html_attribute,0
<HtMl%0aoNMOUsEOVEr%09=%09(confirm)()%0dx//,html_text,0
<HtMl%0aoNMOUsEOVEr%09=%09(confirm)()%0dx//,script_block,0
<HtMl%0aoNMOUsEOVEr%09=%09(confirm)()%0dx//,comment,0
<HtMl%0aoNMOUsEOVEr%09=%09(confirm)()%0dx//,url_href,0
<HtMl%0aoNMOUsEOVEr%09=%09(confirm)()%0dx//,url_navigation,0
<DEtaiLs%09ONPOINTeRENTER+=+confirm()%0dx//,html_tag,0
<DEtaiLs%09ONPOINTeRENTER+=+confirm()%0dx//,html_attribute,0
<DEtaiLs%09ONPOINTeRENTER+=+confirm()%0dx//,html_text,0
<DEtaiLs%09ONPOINTeRENTER+=+confirm()%0dx//,script_block,0
<DEtaiLs%09ONPOINTeRENTER+=+confirm()%0dx//,comment,0
<DEtaiLs%09ONPOINTeRENTER+=+confirm()%0dx//,url_href,0
<DEtaiLs%09ONPOINTeRENTER+=+confirm()%0dx//,url_navigation,0
<dEtaiLS/+/ontogGLE+=+[8].find(confirm)%0dx>,html_tag,0
<dEtaiLS/+/ontogGLE+=+[8].find(confirm)%0dx>,html_attribute,0
<dEtaiLS/+/ontogGLE+=+[8].find(confirm)%0dx>,html_text,0
<dEtaiLS/+/ontogGLE+=+[8].find(confirm)%0dx>,script_block,0
<dEtaiLS/+/ontogGLE+=+[8].find(confirm)%0dx>,comment,0
<dEtaiLS/+/ontogGLE+=+[8].find(confirm)%0dx>,url_href,0
<dEtaiLS/+/ontogGLE+=+[8].find(confirm)%0dx>,url_navigation,0
<A%0dOnmoUsEOver+=+(prompt)``%0dx>v3dm0s,html_tag,0
<A%0dOnmoUsEOver+=+(prompt)``%0dx>v3dm0s,html_attribute,0
<A%0dOnmoUsEOver+=+(prompt)``%0dx>v3dm0s,html_text,0
<A%0dOnmoUsEOver+=+(prompt)``%0dx>v3dm0s,script_block,0
<A%0dOnmoUsEOver+=+(prompt)``%0dx>v3dm0s,comment,0
<A%0dOnmoUsEOver+=+(prompt)``%0dx>v3dm0s,url_href,0
<A%0dOnmoUsEOver+=+(prompt)``%0dx>v3dm0s,url_navigation,0
<html%0donpOInTereNtER%09=%09(prompt)``%0dx//,html_tag,0
<html%0donpOInTereNtER%09=%09(prompt)``%0dx//,html_attribute,0
<html%0donpOInTereNtER%09=%09(prompt)``%0dx//,html_text,0
<html%0donpOInTereNtER%09=%09(prompt)``%0dx//,script_block,0
<html%0donpOInTereNtER%09=%09(prompt)``%0dx//,comment,0
<html%0donpOInTereNtER%09=%09(prompt)``%0dx//,url_href,0
<html%0donpOInTereNtER%09=%09(prompt)``%0dx//,url_navigation,0
<DEtAIls%09ONpOINTereNtEr+=+[8].find(confirm)%0dx//,html_tag,0
<DEtAIls%09ONpOINTereNtEr+=+[8].find(confirm)%0dx//,html_attribute,0
<DEtAIls%09ONpOINTereNtEr+=+[8].find(confirm)%0dx//,html_text,0
<DEtAIls%09ONpOINTereNtEr+=+[8].find(confirm)%0dx//,script_block,0
<DEtAIls%09ONpOINTereNtEr+=+[8].find(confirm)%0dx//,comment,0
<DEtAIls%09ONpOINTereNtEr+=+[8].find(confirm)%0dx//,url_href,0
<DEtAIls%09ONpOINTereNtEr+=+[8].find(confirm)%0dx//,url_navigation,0
<html/+/onmoUSEOVER%09=%09confirm()%0dx>,html_tag,0
<html/+/onmoUSEOVER%09=%09confirm()%0dx>,html_attribute,0
<html/+/onmoUSEOVER%09=%09confirm()%0dx>,html_text,0
<html/+/onmoUSEOVER%09=%09confirm()%0dx>,script_block,0
<html/+/onmoUSEOVER%09=%09confirm()%0dx>,comment,0
<html/+/onmoUSEOVER%09=%09confirm()%0dx>,url_href,0
<html/+/onmoUSEOVER%09=%09confirm()%0dx>,url_navigation,0
<htmL/+/oNPoInteRenTER%0a=%0aconfirm()//,html_tag,0
<htmL/+/oNPoInteRenTER%0a=%0aconfirm()//,html_attribute,0
<htmL/+/oNPoInteRenTER%0a=%0aconfirm()//,html_text,0
<htmL/+/oNPoInteRenTER%0a=%0aconfirm()//,script_block,0
<htmL/+/oNPoInteRenTER%0a=%0aconfirm()//,comment,0
<htmL/+/oNPoInteRenTER%0a=%0aconfirm()//,url_href,0
<htmL/+/oNPoInteRenTER%0a=%0aconfirm()//,url_navigation,0
<d3v/+/OnpOINTerenTER%0d=%0d(confirm)()>v3dm0s,html_tag,1
<d3v/+/OnpOINTerenTER%0d=%0d(confirm)()>v3dm0s,html_attribute,0
<d3v/+/OnpOINTerenTER%0d=%0d(confirm)()>v3dm0s,html_text,1
<d3v/+/OnpOINTerenTER%0d=%0d(confirm)()>v3dm0s,script_block,0
<d3v/+/OnpOINTerenTER%0d=%0d(confirm)()>v3dm0s,comment,0
<d3v/+/OnpOINTerenTER%0d=%0d(confirm)()>v3dm0s,url_href,0
<d3v/+/OnpOINTerenTER%0d=%0d(confirm)()>v3dm0s,url_navigation,0
"<D3v%0aonMoUSeoveR%09=%09a=prompt,a()>v3dm0s",html_tag,1
"<D3v%0aonMoUSeoveR%09=%09a=prompt,a()>v3dm0s",html_attribute,0
"<D3v%0aonMoUSeoveR%09=%09a=prompt,a()>v3dm0s",html_text,1
"<D3v%0aonMoUSeoveR%09=%09a=prompt,a()>v3dm0s",script_block,0
"<D3v%0aonMoUSeoveR%09=%09a=prompt,a()>v3dm0s",comment,0
"<D3v%0aonMoUSeoveR%09=%09a=prompt,a()>v3dm0s",url_href,0
"<D3v%0aonMoUSeoveR%09=%09a=prompt,a()>v3dm0s",url_navigation,0
<hTmL%0aoNmouseoVER+=+(confirm)()>,html_tag,0
<hTmL%0aoNmouseoVER+=+(confirm)()>,html_attribute,0
<hTmL%0aoNmouseoVER+=+(confirm)()>,html_text,0
<hTmL%0aoNmouseoVER+=+(confirm)()>,script_block,0
<hTmL%0aoNmouseoVER+=+(confirm)()>,comment,0
<hTmL%0aoNmouseoVER+=+(confirm)()>,url_href,0
<hTmL%0aoNmouseoVER+=+(confirm)()>,url_navigation,0
<D3V%0doNpoiNTEREnTEr%0d=%0d[8].find(confirm)>v3dm0s,html_tag,1
<D3V%0doNpoiNTEREnTEr%0d=%0d[8].find(confirm)>v3dm0s,html_attribute,0
<D3V%0doNpoiNTEREnTEr%0d=%0d[8].find(confirm)>v3dm0s,html_text,1
<D3V%0doNpoiNTEREnTEr%0d=%0d[8].find(confirm)>v3dm0s,script_block,0
<D3V%0doNpoiNTEREnTEr%0d=%0d[8].find(confirm)>v3dm0s,comment,0
<D3V%0doNpoiNTEREnTEr%0d=%0d[8].find(confirm)>v3dm0s,url_href,0
<D3V%0doNpoiNTEREnTEr%0d=%0d[8].find(confirm)>v3dm0s,url_navigation,0
<a%0dONpoINteREntEr%0d=%0d(confirm)()%0dx>v3dm0s,html_tag,1
<a%0dONpoINteREntEr%0d=%0d(confirm)()%0dx>v3dm0s,html_attribute,0
<a%0dONpoINteREntEr%0d=%0d(confirm)()%0dx>v3dm0s,html_text,1
<a%0dONpoINteREntEr%0d=%0d(confirm)()%0dx>v3dm0s,script_block,0
<a%0dONpoINteREntEr%0d=%0d(confirm)()%0dx>v3dm0s,comment,0
<a%0dONpoINteREntEr%0d=%0d(confirm)()%0dx>v3dm0s,url_href,0
<a%0dONpoINteREntEr%0d=%0d(confirm)()%0dx>v3dm0s,url_navigation,0
<hTML%0aOnPoiNterENTer%0a=%0a(confirm)()%0dx//,html_tag,0
<hTML%0aOnPoiNterENTer%0a=%0a(confirm)()%0dx//,html_attribute,0
<hTML%0aOnPoiNterENTer%0a=%0a(confirm)()%0dx//,html_text,0
<hTML%0aOnPoiNterENTer%0a=%0a(confirm)()%0dx//,script_block,0
<hTML%0aOnPoiNterENTer%0a=%0a(confirm)()%0dx//,comment,0
<hTML%0aOnPoiNterENTer%0a=%0a(confirm)()%0dx//,url_href,0
<hTML%0aOnPoiNterENTer%0a=%0a(confirm)()%0dx//,url_navigation,0
<D3V/+/OnPOintErenTEr%0a=%0a(prompt)``%0dx>v3dm0s,html_tag,1
<D3V/+/OnPOintErenTEr%0a=%0a(prompt)``%0dx>v3dm0s,html_attribute,0
<D3V/+/OnPOintErenTEr%0a=%0a(prompt)``%0dx>v3dm0s,html_text,1
<D3V/+/OnPOintErenTEr%0a=%0a(prompt)``%0dx>v3dm0s,script_block,0
<D3V/+/OnPOintErenTEr%0a=%0a(prompt)``%0dx>v3dm0s,comment,0
<D3V/+/OnPOintErenTEr%0a=%0a(prompt)``%0dx>v3dm0s,url_href,0
<D3V/+/OnPOintErenTEr%0a=%0a(prompt)``%0dx>v3dm0s,url_navigation,0
<htMl/+/onPoiNTEREntEr%09=%09(confirm)()//,html_tag,0
<htMl/+/onPoiNTEREntEr%09=%09(confirm)()//,html_attribute,0
<htMl/+/onPoiNTEREntEr%09=%09(confirm)()//,html_text,0
<htMl/+/onPoiNTEREntEr%09=%09(confirm)()//,script_block,0
<htMl/+/onPoiNTEREntEr%09=%09(confirm)()//,comment,0
<htMl/+/onPoiNTEREntEr%09=%09(confirm)()//,url_href,0
<htMl/+/onPoiNTEREntEr%09=%09(confirm)()//,url_navigation,0
<DeTailS%09ONtoggLE+=+(prompt)``//,html_tag,0
<DeTailS%09ONtoggLE+=+(prompt)``//,html_attribute,0
<DeTailS%09ONtoggLE+=+(prompt)``//,html_text,0
<DeTailS%09ONtoggLE+=+(prompt)``//,script_block,0
<DeTailS%09ONtoggLE+=+(prompt)``//,comment,0
<DeTailS%09ONtoggLE+=+(prompt)``//,url_href,0
<DeTailS%09ONtoggLE+=+(prompt)``//,url_navigation,0
<htML%0aOnpOINTErENter+=+confirm()>,html_tag,0
<htML%0aOnpOINTErENter+=+confirm()>,html_attribute,0
<htML%0aOnpOINTErENter+=+confirm()>,html_text,0
<htML%0aOnpOINTErENter+=+confirm()>,script_block,0
<htML%0aOnpOINTErENter+=+confirm()>,comment,0
<htML%0aOnpOINTErENter+=+confirm()>,url_href,0
<htML%0aOnpOINTErENter+=+confirm()>,url_navigation,0
<d3V%0aonpoiNTeRenTEr%09=%09confirm()%0dx>v3dm0s,html_tag,1
<d3V%0aonpoiNTeRenTEr%09=%09confirm()%0dx>v3dm0s,html_attribute,0
<d3V%0aonpoiNTeRenTEr%09=%09confirm()%0dx>v3dm0s,html_text,1
<d3V%0aonpoiNTeRenTEr%09=%09confirm()%0dx>v3dm0s,script_block,0
<d3V%0aonpoiNTeRenTEr%09=%09confirm()%0dx>v3dm0s,comment,0
<d3V%0aonpoiNTeRenTEr%09=%09confirm()%0dx>v3dm0s,url_href,0
<d3V%0aonpoiNTeRenTEr%09=%09confirm()%0dx>v3dm0s,url_navigation,0
<dEtAiLs/+/ONTOgGle%0a=%0aconfirm()>,html_tag,0
<dEtAiLs/+/ONTOgGle%0a=%0aconfirm()>,html_attribute,0
<dEtAiLs/+/ONTOgGle%0a=%0aconfirm()>,html_text,0
<dEtAiLs/+/ONTOgGle%0a=%0aconfirm()>,script_block,0
<dEtAiLs/+/ONTOgGle%0a=%0aconfirm()>,comment,0
<dEtAiLs/+/ONTOgGle%0a=%0aconfirm()>,url_href,0
<dEtAiLs/+/ONTOgGle%0a=%0aconfirm()>,url_navigation,0
<A%0dOnMOusEoVer%09=%09(confirm)()>v3dm0s,html_tag,1
<A%0dOnMOusEoVer%09=%09(confirm)()>v3dm0s,html_attribute,0
<A%0dOnMOusEoVer%09=%09(confirm)()>v3dm0s,html_text,1
<A%0dOnMOusEoVer%09=%09(confirm)()>v3dm0s,script_block,0
<A%0dOnMOusEoVer%09=%09(confirm)()>v3dm0s,comment,0
<A%0dOnMOusEoVer%09=%09(confirm)()>v3dm0s,url_href,0
<A%0dOnMOusEoVer%09=%09(confirm)()>v3dm0s,url_navigation,0
"<htmL%0dONmoUsEOveR%09=%09a=prompt,a()>",html_tag,0
"<htmL%0dONmoUsEOveR%09=%09a=prompt,a()>",html_attribute,0
"<htmL%0dONmoUsEOveR%09=%09a=prompt,a()>",html_text,0
"<htmL%0dONmoUsEOveR%09=%09a=prompt,a()>",script_block,0
"<htmL%0dONmoUsEOveR%09=%09a=prompt,a()>",comment,0
"<htmL%0dONmoUsEOveR%09=%09a=prompt,a()>",url_href,0
"<htmL%0dONmoUsEOveR%09=%09a=prompt,a()>",url_navigation,0
<HTmL%0aONmOuSeOVer%0d=%0d(prompt)``>,html_tag,0
<HTmL%0aONmOuSeOVer%0d=%0d(prompt)``>,html_attribute,0
<HTmL%0aONmOuSeOVer%0d=%0d(prompt)``>,html_text,0
<HTmL%0aONmOuSeOVer%0d=%0d(prompt)``>,script_block,0
<HTmL%0aONmOuSeOVer%0d=%0d(prompt)``>,comment,0
<HTmL%0aONmOuSeOVer%0d=%0d(prompt)``>,url_href,0
<HTmL%0aONmOuSeOVer%0d=%0d(prompt)``>,url_navigation,0
<dEtAIlS%09oNpoIntErentER+=+confirm()>,html_tag,0
<dEtAIlS%09oNpoIntErentER+=+confirm()>,html_attribute,0
<dEtAIlS%09oNpoIntErentER+=+confirm()>,html_text,0
<dEtAIlS%09oNpoIntErentER+=+confirm()>,script_block,0
<dEtAIlS%09oNpoIntErentER+=+confirm()>,comment,0
<dEtAIlS%09oNpoIntErentER+=+confirm()>,url_href,0
<dEtAIlS%09oNpoIntErentER+=+confirm()>,url_navigation,0
<DeTails/+/ONToGGLe+=+(prompt)``%0dx//,html_tag,0
<DeTails/+/ONToGGLe+=+(prompt)``%0dx//,html_attribute,0
<DeTails/+/ONToGGLe+=+(prompt)``%0dx//,html_text,0
<DeTails/+/ONToGGLe+=+(prompt)``%0dx//,script_block,0
<DeTails/+/ONToGGLe+=+(prompt)``%0dx//,comment,0
<DeTails/+/ONToGGLe+=+(prompt)``%0dx//,url_href,0
<DeTails/+/ONToGGLe+=+(prompt)``%0dx//,url_navigation,0
<dETAilS%09ONPoiNTERENTer%0a=%0a(confirm)()//,html_tag,0
<dETAilS%09ONPoiNTERENTer%0a=%0a(confirm)()//,html_attribute,0
<dETAilS%09ONPoiNTERENTer%0a=%0a(confirm)()//,html_text,0
<dETAilS%09ONPoiNTERENTer%0a=%0a(confirm)()//,script_block,0
<dETAilS%09ONPoiNTERENTer%0a=%0a(confirm)()//,comment,0
<dETAilS%09ONPoiNTERENTer%0a=%0a(confirm)()//,url_href,0
<dETAilS%09ONPoiNTERENTer%0a=%0a(confirm)()//,url_navigation,0
<a%09oNMouseOveR%0a=%0a(confirm)()%0dx>v3dm0s,html_tag,1
<a%09oNMouseOveR%0a=%0a(confirm)()%0dx>v3dm0s,html_attribute,0
<a%09oNMouseOveR%0a=%0a(confirm)()%0dx>v3dm0s,html_text,1
<a%09oNMouseOveR%0a=%0a(confirm)()%0dx>v3dm0s,script_block,0
<a%09oNMouseOveR%0a=%0a(confirm)()%0dx>v3dm0s,comment,0
<a%09oNMouseOveR%0a=%0a(confirm)()%0dx>v3dm0s,url_href,0
<a%09oNMouseOveR%0a=%0a(confirm)()%0dx>v3dm0s,url_navigation,0
<A%09onMOusEOVeR%0d=%0d[8].find(confirm)>v3dm0s,html_tag,1
<A%09onMOusEOVeR%0d=%0d[8].find(confirm)>v3dm0s,html_attribute,0
<A%09onMOusEOVeR%0d=%0d[8].find(confirm)>v3dm0s,html_text,1
<A%09onMOusEOVeR%0d=%0d[8].find(confirm)>v3dm0s,script_block,0
<A%09onMOusEOVeR%0d=%0d[8].find(confirm)>v3dm0s,comment,0
<A%09onMOusEOVeR%0d=%0d[8].find(confirm)>v3dm0s,url_href,0
<A%09onMOusEOVeR%0d=%0d[8].find(confirm)>v3dm0s,url_navigation,0
"<htmL%0aONMouSEoVER%0d=%0da=prompt,a()>",html_tag,0
"<htmL%0aONMouSEoVER%0d=%0da=prompt,a()>",html_attribute,0
"<htmL%0aONMouSEoVER%0d=%0da=prompt,a()>",html_text,0
"<htmL%0aONMouSEoVER%0d=%0da=prompt,a()>",script_block,0
"<htmL%0aONMouSEoVER%0d=%0da=prompt,a()>",comment,0
"<htmL%0aONMouSEoVER%0d=%0da=prompt,a()>",url_href,0
"<htmL%0aONMouSEoVER%0d=%0da=prompt,a()>",url_navigation,0
"<detAilS%09OnPOINtERenTer%09=%09a=prompt,a()%0dx//",html_tag,0
"<detAilS%09OnPOINtERenTer%09=%09a=prompt,a()%0dx//",html_attribute,0
"<detAilS%09OnPOINtERenTer%09=%09a=prompt,a()%0dx//",html_text,0
"<detAilS%09OnPOINtERenTer%09=%09a=prompt,a()%0dx//",script_block,0
"<detAilS%09OnPOINtERenTer%09=%09a=prompt,a()%0dx//",comment,0
"<detAilS%09OnPOINtERenTer%09=%09a=prompt,a()%0dx//",url_href,0
"<detAilS%09OnPOINtERenTer%09=%09a=prompt,a()%0dx//",url_navigation,0
<hTML%09onPOINterEnTEr%0a=%0aconfirm()%0dx//,html_tag,0
<hTML%09onPOINterEnTEr%0a=%0aconfirm()%0dx//,html_attribute,0
<hTML%09onPOINterEnTEr%0a=%0aconfirm()%0dx//,html_text,0
<hTML%09onPOINterEnTEr%0a=%0aconfirm()%0dx//,script_block,0
<hTML%09onPOINterEnTEr%0a=%0aconfirm()%0dx//,comment,0
<hTML%09onPOINterEnTEr%0a=%0aconfirm()%0dx//,url_href,0
<hTML%09onPOINterEnTEr%0a=%0aconfirm()%0dx//,url_navigation,0
<d3v%0donmoUSeovER+=+confirm()%0dx>v3dm0s,html_tag,0
<d3v%0donmoUSeovER+=+confirm()%0dx>v3dm0s,html_attribute,0
<d3v%0donmoUSeovER+=+confirm()%0dx>v3dm0s,html_text,0
<d3v%0donmoUSeovER+=+confirm()%0dx>v3dm0s,script_block,0
<d3v%0donmoUSeovER+=+confirm()%0dx>v3dm0s,comment,0
<d3v%0donmoUSeovER+=+confirm()%0dx>v3dm0s,url_href,0
<d3v%0donmoUSeovER+=+confirm()%0dx>v3dm0s,url_navigation,0
<D3v%09ONPoInTeRentEr+=+confirm()>v3dm0s,html_tag,0
<D3v%09ONPoInTeRentEr+=+confirm()>v3dm0s,html_attribute,0
<D3v%09ONPoInTeRentEr+=+confirm()>v3dm0s,html_text,0
<D3v%09ONPoInTeRentEr+=+confirm()>v3dm0s,script_block,0
<D3v%09ONPoInTeRentEr+=+confirm()>v3dm0s,comment,0
<D3v%09ONPoInTeRentEr+=+confirm()>v3dm0s,url_href,0
<D3v%09ONPoInTeRentEr+=+confirm()>v3dm0s,url_navigation,0
<a%09ONmouseOvEr%0d=%0d[8].find(confirm)>v3dm0s,html_tag,1
<a%09ONmouseOvEr%0d=%0d[8].find(confirm)>v3dm0s,html_attribute,0
<a%09ONmouseOvEr%0d=%0d[8].find(confirm)>v3dm0s,html_text,1
<a%09ONmouseOvEr%0d=%0d[8].find(confirm)>v3dm0s,script_block,0
<a%09ONmouseOvEr%0d=%0d[8].find(confirm)>v3dm0s,comment,0
<a%09ONmouseOvEr%0d=%0d[8].find(confirm)>v3dm0s,url_href,0
<a%09ONmouseOvEr%0d=%0d[8].find(confirm)>v3dm0s,url_navigation,0
<d3V%09onPOinterEnTeR%0a=%0a(confirm)()>v3dm0s,html_tag,1
<d3V%09onPOinterEnTeR%0a=%0a(confirm)()>v3dm0s,html_attribute,0
<d3V%09onPOinterEnTeR%0a=%0a(confirm)()>v3dm0s,html_text,1
<d3V%09onPOinterEnTeR%0a=%0a(confirm)()>v3dm0s,script_block,0
<d3V%09onPOinterEnTeR%0a=%0a(confirm)()>v3dm0s,comment,0
<d3V%09onPOinterEnTeR%0a=%0a(confirm)()>v3dm0s,url_href,0
<d3V%09onPOinterEnTeR%0a=%0a(confirm)()>v3dm0s,url_navigation,0
<a%0aoNPOinTErEnTeR%0a=%0aconfirm()%0dx>v3dm0s,html_tag,1
<a%0aoNPOinTErEnTeR%0a=%0aconfirm()%0dx>v3dm0s,html_attribute,0
<a%0aoNPOinTErEnTeR%0a=%0aconfirm()%0dx>v3dm0s,html_text,1
<a%0aoNPOinTErEnTeR%0a=%0aconfirm()%0dx>v3dm0s,script_block,0
<a%0aoNPOinTErEnTeR%0a=%0aconfirm()%0dx>v3dm0s,comment,0
<a%0aoNPOinTErEnTeR%0a=%0aconfirm()%0dx>v3dm0s,url_href,0
<a%0aoNPOinTErEnTeR%0a=%0aconfirm()%0dx>v3dm0s,url_navigation,0
<htMl%0doNPoInterENter%09=%09confirm()//,html_tag,0
<htMl%0doNPoInterENter%09=%09confirm()//,html_attribute,0
<htMl%0doNPoInterENter%09=%09confirm()//,html_text,0
<htMl%0doNPoInterENter%09=%09confirm()//,script_block,0
<htMl%0doNPoInterENter%09=%09confirm()//,comment,0
<htMl%0doNPoInterENter%09=%09confirm()//,url_href,0
<htMl%0doNPoInterENter%09=%09confirm()//,url_navigation,0
<A%0aoNMoUsEOVER%0a=%0aconfirm()>v3dm0s,html_tag,1
<A%0aoNMoUsEOVER%0a=%0aconfirm()>v3dm0s,html_attribute,0
<A%0aoNMoUsEOVER%0a=%0aconfirm()>v3dm0s,html_text,1
<A%0aoNMoUsEOVER%0a=%0aconfirm()>v3dm0s,script_block,0
<A%0aoNMoUsEOVER%0a=%0aconfirm()>v3dm0s,comment,0
<A%0aoNMoUsEOVER%0a=%0aconfirm()>v3dm0s,url_href,0
<A%0aoNMoUsEOVER%0a=%0aconfirm()>v3dm0s,url_navigation,0
<hTmL%0aONmouseOvER%0a=%0a(prompt)``%0dx//,html_tag,0
<hTmL%0aONmouseOvER%0a=%0a(prompt)``%0dx//,html_attribute,0
<hTmL%0aONmouseOvER%0a=%0a(prompt)``%0dx//,html_text,0
<hTmL%0aONmouseOvER%0a=%0a(prompt)``%0dx//,script_block,0
<hTmL%0aONmouseOvER%0a=%0a(prompt)``%0dx//,comment,0
<hTmL%0aONmouseOvER%0a=%0a(prompt)``%0dx//,url_href,0
<hTmL%0aONmouseOvER%0a=%0a(prompt)``%0dx//,url_navigation,0
<htMl%0dONMoUSEOVer%09=%09confirm()>,html_tag,0
<htMl%0dONMoUSEOVer%09=%09confirm()>,html_attribute,0
<htMl%0dONMoUSEOVer%09=%09confirm()>,html_text,0
<htMl%0dONMoUSEOVer%09=%09confirm()>,script_block,0
<htMl%0dONMoUSEOVer%09=%09confirm()>,comment,0
<htMl%0dONMoUSEOVer%09=%09confirm()>,url_href,0
<htMl%0dONMoUSEOVer%09=%09confirm()>,url_navigation,0
<deTAILS/+/oNpOInTErENter+=+confirm()%0dx>,html_tag,0
<deTAILS/+/oNpOInTErENter+=+confirm()%0dx>,html_attribute,0
<deTAILS/+/oNpOInTErENter+=+confirm()%0dx>,html_text,0
<deTAILS/+/oNpOInTErENter+=+confirm()%0dx>,script_block,0
<deTAILS/+/oNpOInTErENter+=+confirm()%0dx>,comment,0
<deTAILS/+/oNpOInTErENter+=+confirm()%0dx>,url_href,0
<deTAILS/+/oNpOInTErENter+=+confirm()%0dx>,url_navigation,0
<A/+/OnpOInteRENter%09=%09confirm()%0dx>v3dm0s,html_tag,1
<A/+/OnpOInteRENter%09=%09confirm()%0dx>v3dm0s,html_attribute,0
<A/+/OnpOInteRENter%09=%09confirm()%0dx>v3dm0s,html_text,1
<A/+/OnpOInteRENter%09=%09confirm()%0dx>v3dm0s,script_block,0
<A/+/OnpOInteRENter%09=%09confirm()%0dx>v3dm0s,comment,0
<A/+/OnpOInteRENter%09=%09confirm()%0dx>v3dm0s,url_href,0
<A/+/OnpOInteRENter%09=%09confirm()%0dx>v3dm0s,url_navigation,0
<d3v%09OnpoiNterEnteR%09=%09(confirm)()>v3dm0s,html_tag,1
<d3v%09OnpoiNterEnteR%09=%09(confirm)()>v3dm0s,html_attribute,0
<d3v%09OnpoiNterEnteR%09=%09(confirm)()>v3dm0s,html_text,1
<d3v%09OnpoiNterEnteR%09=%09(confirm)()>v3dm0s,script_block,0
<d3v%09OnpoiNterEnteR%09=%09(confirm)()>v3dm0s,comment,0
<d3v%09OnpoiNterEnteR%09=%09(confirm)()>v3dm0s,url_href,0
<d3v%09OnpoiNterEnteR%09=%09(confirm)()>v3dm0s,url_navigation,0
<HTml%09onMouseOver+=+(prompt)``%0dx//,html_tag,0
<HTml%09onMouseOver+=+(prompt)``%0dx//,html_attribute,0
<HTml%09onMouseOver+=+(prompt)``%0dx//,html_text,0
<HTml%09onMouseOver+=+(prompt)``%0dx//,script_block,0
<HTml%09onMouseOver+=+(prompt)``%0dx//,comment,0
<HTml%09onMouseOver+=+(prompt)``%0dx//,url_href,0
<HTml%09onMouseOver+=+(prompt)``%0dx//,url_navigation,0
<a%09ONPointERentER%0d=%0d[8].find(confirm)%0dx>v3dm0s,html_tag,1
<a%09ONPointERentER%0d=%0d[8].find(confirm)%0dx>v3dm0s,html_attribute,0
<a%09ONPointERentER%0d=%0d[8].find(confirm)%0dx>v3dm0s,html_text,1
<a%09ONPointERentER%0d=%0d[8].find(confirm)%0dx>v3dm0s,script_block,0
<a%09ONPointERentER%0d=%0d[8].find(confirm)%0dx>v3dm0s,comment,0
<a%09ONPointERentER%0d=%0d[8].find(confirm)%0dx>v3dm0s,url_href,0
<a%09ONPointERentER%0d=%0d[8].find(confirm)%0dx>v3dm0s,url_navigation,0
<HtmL%0aOnmouSeOveR%0d=%0d(confirm)()%0dx>,html_tag,0
<HtmL%0aOnmouSeOveR%0d=%0d(confirm)()%0dx>,html_attribute,0
<HtmL%0aOnmouSeOveR%0d=%0d(confirm)()%0dx>,html_text,0
<HtmL%0aOnmouSeOveR%0d=%0d(confirm)()%0dx>,script_block,0
<HtmL%0aOnmouSeOveR%0d=%0d(confirm)()%0dx>,comment,0
<HtmL%0aOnmouSeOveR%0d=%0d(confirm)()%0dx>,url_href,0
<HtmL%0aOnmouSeOveR%0d=%0d(confirm)()%0dx>,url_navigation,0
<HtML/+/onPOIntereNtEr%09=%09(confirm)()%0dx>,html_tag,0
<HtML/+/onPOIntereNtEr%09=%09(confirm)()%0dx>,html_attribute,0
<HtML/+/onPOIntereNtEr%09=%09(confirm)()%0dx>,html_text,0
<HtML/+/onPOIntereNtEr%09=%09(confirm)()%0dx>,script_block,0
<HtML/+/onPOIntereNtEr%09=%09(confirm)()%0dx>,comment,0
<HtML/+/onPOIntereNtEr%09=%09(confirm)()%0dx>,url_href,0
<HtML/+/onPOIntereNtEr%09=%09(confirm)()%0dx>,url_navigation,0
<Html%0dOnPOINTerENTER%09=%09confirm()//,html_tag,0
<Html%0dOnPOINTerENTER%09=%09confirm()//,html_attribute,0
<Html%0dOnPOINTerENTER%09=%09confirm()//,html_text,0
<Html%0dOnPOINTerENTER%09=%09confirm()//,script_block,0
<Html%0dOnPOINTerENTER%09=%09confirm()//,comment,0
<Html%0dOnPOINTerENTER%09=%09confirm()//,url_href,0
<Html%0dOnPOINTerENTER%09=%09confirm()//,url_navigation,0
<HTml%0donmoUsEover%0d=%0dconfirm()>,html_tag,0
<HTml%0donmoUsEover%0d=%0dconfirm()>,html_attribute,0
<HTml%0donmoUsEover%0d=%0dconfirm()>,html_text,0
<HTml%0donmoUsEover%0d=%0dconfirm()>,script_block,0
<HTml%0donmoUsEover%0d=%0dconfirm()>,comment,0
<HTml%0donmoUsEover%0d=%0dconfirm()>,url_href,0
<HTml%0donmoUsEover%0d=%0dconfirm()>,url_navigation,0
<HtMl/+/oNpoINTERenteR%0a=%0a(confirm)()%0dx>,html_tag,0
<HtMl/+/oNpoINTERenteR%0a=%0a(confirm)()%0dx>,html_attribute,0
<HtMl/+/oNpoINTERenteR%0a=%0a(confirm)()%0dx>,html_text,0
<HtMl/+/oNpoINTERenteR%0a=%0a(confirm)()%0dx>,script_block,0
<HtMl/+/oNpoINTERenteR%0a=%0a(confirm)()%0dx>,comment,0
<HtMl/+/oNpoINTERenteR%0a=%0a(confirm)()%0dx>,url_href,0
<HtMl/+/oNpoINTERenteR%0a=%0a(confirm)()%0dx>,url_navigation,0
<a/+/OnmousEOVer%0a=%0a[8].find(confirm)%0dx>v3dm0s,html_tag,1
<a/+/OnmousEOVer%0a=%0a[8].find(confirm)%0dx>v3dm0s,html_attribute,0
<a/+/OnmousEOVer%0a=%0a[8].find(confirm)%0dx>v3dm0s,html_text,1
<a/+/OnmousEOVer%0a=%0a[8].find(confirm)%0dx>v3dm0s,script_block,0
<a/+/OnmousEOVer%0a=%0a[8].find(confirm)%0dx>v3dm0s,comment,0
<a/+/OnmousEOVer%0a=%0a[8].find(confirm)%0dx>v3dm0s,url_href,0
<a/+/OnmousEOVer%0a=%0a[8].find(confirm)%0dx>v3dm0s,url_navigation,0
<a%0aonpoINTERenteR%09=%09confirm()>v3dm0s,html_tag,1
<a%0aonpoINTERenteR%09=%09confirm()>v3dm0s,html_attribute,0
<a%0aonpoINTERenteR%09=%09confirm()>v3dm0s,html_text,1
<a%0aonpoINTERenteR%09=%09confirm()>v3dm0s,script_block,0
<a%0aonpoINTERenteR%09=%09confirm()>v3dm0s,comment,0
<a%0aonpoINTERenteR%09=%09confirm()>v3dm0s,url_href,0
<a%0aonpoINTERenteR%09=%09confirm()>v3dm0s,url_navigation,0
<A%0aOnmoUseoVeR%0d=%0d(confirm)()%0dx>v3dm0s,html_tag,1
<A%0aOnmoUseoVeR%0d=%0d(confirm)()%0dx>v3dm0s,html_attribute,0
<A%0aOnmoUseoVeR%0d=%0d(confirm)()%0dx>v3dm0s,html_text,1
<A%0aOnmoUseoVeR%0d=%0d(confirm)()%0dx>v3dm0s,script_block,0
<A%0aOnmoUseoVeR%0d=%0d(confirm)()%0dx>v3dm0s,comment,0
<A%0aOnmoUseoVeR%0d=%0d(confirm)()%0dx>v3dm0s,url_href,0
<A%0aOnmoUseoVeR%0d=%0d(confirm)()%0dx>v3dm0s,url_navigation,0
<DEtails%0doNpOINtErENtEr+=+(confirm)()>,html_tag,0
<DEtails%0doNpOINtErENtEr+=+(confirm)()>,html_attribute,0
<DEtails%0doNpOINtErENtEr+=+(confirm)()>,html_text,0
<DEtails%0doNpOINtErENtEr+=+(confirm)()>,script_block,0
<DEtails%0doNpOINtErENtEr+=+(confirm)()>,comment,0
<DEtails%0doNpOINtErENtEr+=+(confirm)()>,url_href,0
<DEtails%0doNpOINtErENtEr+=+(confirm)()>,url_navigation,0
<detAils%09onPOinTEreNter+=+confirm()//,html_tag,0
<detAils%09onPOinTEreNter+=+confirm()//,html_attribute,0
<detAils%09onPOinTEreNter+=+confirm()//,html_text,0
<detAils%09onPOinTEreNter+=+confirm()//,script_block,0
<detAils%09onPOinTEreNter+=+confirm()//,comment,0
<detAils%09onPOinTEreNter+=+confirm()//,url_href,0
<detAils%09onPOinTEreNter+=+confirm()//,url_navigation,0
<DETaIls%0aoNpoinTerENTEr%09=%09(prompt)``//,html_tag,0
<DETaIls%0aoNpoinTerENTEr%09=%09(prompt)``//,html_attribute,0
<DETaIls%0aoNpoinTerENTEr%09=%09(prompt)``//,html_text,0
<DETaIls%0aoNpoinTerENTEr%09=%09(prompt)``//,script_block,0
<DETaIls%0aoNpoinTerENTEr%09=%09(prompt)``//,comment,0
<DETaIls%0aoNpoinTerENTEr%09=%09(prompt)``//,url_href,0
<DETaIls%0aoNpoinTerENTEr%09=%09(prompt)``//,url_navigation,0
<DEtaIlS%0aoNTogglE%09=%09confirm()%0dx>,html_tag,0
<DEtaIlS%0aoNTogglE%09=%09confirm()%0dx>,html_attribute,0
<DEtaIlS%0aoNTogglE%09=%09confirm()%0dx>,html_text,1
<DEtaIlS%0aoNTogglE%09=%09confirm()%0dx>,script_block,0
<DEtaIlS%0aoNTogglE%09=%09confirm()%0dx>,comment,0
<DEtaIlS%0aoNTogglE%09=%09confirm()%0dx>,url_href,0
<DEtaIlS%0aoNTogglE%09=%09confirm()%0dx>,url_navigation,0
<a%0doNmoUsEOvER+=+[8].find(confirm)%0dx>v3dm0s,html_tag,0
<a%0doNmoUsEOvER+=+[8].find(confirm)%0dx>v3dm0s,html_attribute,0
<a%0doNmoUsEOvER+=+[8].find(confirm)%0dx>v3dm0s,html_text,0
<a%0doNmoUsEOvER+=+[8].find(confirm)%0dx>v3dm0s,script_block,0
<a%0doNmoUsEOvER+=+[8].find(confirm)%0dx>v3dm0s,comment,0
<a%0doNmoUsEOvER+=+[8].find(confirm)%0dx>v3dm0s,url_href,0
<a%0doNmoUsEOvER+=+[8].find(confirm)%0dx>v3dm0s,url_navigation,0
"<dEtAIls%0doNPoiNteRenTEr+=+a=prompt,a()>",html_tag,0
"<dEtAIls%0doNPoiNteRenTEr+=+a=prompt,a()>",html_attribute,0
"<dEtAIls%0doNPoiNteRenTEr+=+a=prompt,a()>",html_text,0
"<dEtAIls%0doNPoiNteRenTEr+=+a=prompt,a()>",script_block,0
"<dEtAIls%0doNPoiNteRenTEr+=+a=prompt,a()>",comment,0
"<dEtAIls%0doNPoiNteRenTEr+=+a=prompt,a()>",url_href,0
"<dEtAIls%0doNPoiNteRenTEr+=+a=prompt,a()>",url_navigation,0
<HTmL%09OnPOINTErEnter%09=%09[8].find(confirm)//,html_tag,0
<HTmL%09OnPOINTErEnter%09=%09[8].find(confirm)//,html_attribute,0
<HTmL%09OnPOINTErEnter%09=%09[8].find(confirm)//,html_text,0
<HTmL%09OnPOINTErEnter%09=%09[8].find(confirm)//,script_block,0
<HTmL%09OnPOINTErEnter%09=%09[8].find(confirm)//,comment,0
<HTmL%09OnPOINTErEnter%09=%09[8].find(confirm)//,url_href,0
<HTmL%09OnPOINTErEnter%09=%09[8].find(confirm)//,url_navigation,0
<HTmL%0dONpOinTeRenTer%09=%09[8].find(confirm)//,html_tag,0
<HTmL%0dONpOinTeRenTer%09=%09[8].find(confirm)//,html_attribute,0
<HTmL%0dONpOinTeRenTer%09=%09[8].find(confirm)//,html_text,0
<HTmL%0dONpOinTeRenTer%09=%09[8].find(confirm)//,script_block,0
<HTmL%0dONpOinTeRenTer%09=%09[8].find(confirm)//,comment,0
<HTmL%0dONpOinTeRenTer%09=%09[8].find(confirm)//,url_href,0
<HTmL%0dONpOinTeRenTer%09=%09[8].find(confirm)//,url_navigation,0
"<DEtaILS%0dontOGgle%0a=%0aa=prompt,a()%0dx>",html_tag,0
"<DEtaILS%0dontOGgle%0a=%0aa=prompt,a()%0dx>",html_attribute,0
"<DEtaILS%0dontOGgle%0a=%0aa=prompt,a()%0dx>",html_text,0
"<DEtaILS%0dontOGgle%0a=%0aa=prompt,a()%0dx>",script_block,0
"<DEtaILS%0dontOGgle%0a=%0aa=prompt,a()%0dx>",comment,0
"<DEtaILS%0dontOGgle%0a=%0aa=prompt,a()%0dx>",url_href,0
"<DEtaILS%0dontOGgle%0a=%0aa=prompt,a()%0dx>",url_navigation,0
"<a%0aOnMOusEoVeR%09=%09a=prompt,a()%0dx>v3dm0s",html_tag,1
"<a%0aOnMOusEoVeR%09=%09a=prompt,a()%0dx>v3dm0s",html_attribute,0
"<a%0aOnMOusEoVeR%09=%09a=prompt,a()%0dx>v3dm0s",html_text,1
"<a%0aOnMOusEoVeR%09=%09a=prompt,a()%0dx>v3dm0s",script_block,0
"<a%0aOnMOusEoVeR%09=%09a=prompt,a()%0dx>v3dm0s",comment,0
"<a%0aOnMOusEoVeR%09=%09a=prompt,a()%0dx>v3dm0s",url_href,0
"<a%0aOnMOusEoVeR%09=%09a=prompt,a()%0dx>v3dm0s",url_navigation,0
"<a%0dOnmOusEoVEr%0a=%0aa=prompt,a()%0dx>v3dm0s",html_tag,1
"<a%0dOnmOusEoVEr%0a=%0aa=prompt,a()%0dx>v3dm0s",html_attribute,0
"<a%0dOnmOusEoVEr%0a=%0aa=prompt,a()%0dx>v3dm0s",html_text,1
"<a%0dOnmOusEoVEr%0a=%0aa=prompt,a()%0dx>v3dm0s",script_block,0
"<a%0dOnmOusEoVEr%0a=%0aa=prompt,a()%0dx>v3dm0s",comment,0
"<a%0dOnmOusEoVEr%0a=%0aa=prompt,a()%0dx>v3dm0s",url_href,0
"<a%0dOnmOusEoVEr%0a=%0aa=prompt,a()%0dx>v3dm0s",url_navigation,0
<dEtaILS%09oNpOINtErenteR%0a=%0aconfirm()//,html_tag,0
<dEtaILS%09oNpOINtErenteR%0a=%0aconfirm()//,html_attribute,0
<dEtaILS%09oNpOINtErenteR%0a=%0aconfirm()//,html_text,0
<dEtaILS%09oNpOINtErenteR%0a=%0aconfirm()//,script_block,0
<dEtaILS%09oNpOINtErenteR%0a=%0aconfirm()//,comment,0
<dEtaILS%09oNpOINtErenteR%0a=%0aconfirm()//,url_href,0
<dEtaILS%09oNpOINtErenteR%0a=%0aconfirm()//,url_navigation,0
<D3v%0dOnMoUsEOveR+=+confirm()%0dx>v3dm0s,html_tag,0
<D3v%0dOnMoUsEOveR+=+confirm()%0dx>v3dm0s,html_attribute,0
<D3v%0dOnMoUsEOveR+=+confirm()%0dx>v3dm0s,html_text,0
<D3v%0dOnMoUsEOveR+=+confirm()%0dx>v3dm0s,script_block,0
<D3v%0dOnMoUsEOveR+=+confirm()%0dx>v3dm0s,comment,0
<D3v%0dOnMoUsEOveR+=+confirm()%0dx>v3dm0s,url_href,0
<D3v%0dOnMoUsEOveR+=+confirm()%0dx>v3dm0s,url_navigation,0
<A%09onMOUseOver%0a=%0aconfirm()%0dx>v3dm0s,html_tag,1
<A%09onMOUseOver%0a=%0aconfirm()%0dx>v3dm0s,html_attribute,0
<A%09onMOUseOver%0a=%0aconfirm()%0dx>v3dm0s,html_text,1
<A%09onMOUseOver%0a=%0aconfirm()%0dx>v3dm0s,script_block,0
<A%09onMOUseOver%0a=%0aconfirm()%0dx>v3dm0s,comment,0
<A%09onMOUseOver%0a=%0aconfirm()%0dx>v3dm0s,url_href,0
<A%09onMOUseOver%0a=%0aconfirm()%0dx>v3dm0s,url_navigation,0
<DetaiLs/+/oNtOggLE%0d=%0d[8].find(confirm)%0dx//,html_tag,0
<DetaiLs/+/oNtOggLE%0d=%0d[8].find(confirm)%0dx//,html_attribute,0
<DetaiLs/+/oNtOggLE%0d=%0d[8].find(confirm)%0dx//,html_text,0
<DetaiLs/+/oNtOggLE%0d=%0d[8].find(confirm)%0dx//,script_block,0
<DetaiLs/+/oNtOggLE%0d=%0d[8].find(confirm)%0dx//,comment,0
<DetaiLs/+/oNtOggLE%0d=%0d[8].find(confirm)%0dx//,url_href,0
<DetaiLs/+/oNtOggLE%0d=%0d[8].find(confirm)%0dx//,url_navigation,0
<A%0aoNmOUSEOveR+=+confirm()>v3dm0s,html_tag,0
<A%0aoNmOUSEOveR+=+confirm()>v3dm0s,html_attribute,0
<A%0aoNmOUSEOveR+=+confirm()>v3dm0s,html_text,0
<A%0aoNmOUSEOveR+=+confirm()>v3dm0s,script_block,0
<A%0aoNmOUSEOveR+=+confirm()>v3dm0s,comment,0
<A%0aoNmOUSEOveR+=+confirm()>v3dm0s,url_href,0
<A%0aoNmOUSEOveR+=+confirm()>v3dm0s,url_navigation,0
<d3v%0aONPoiNTErenteR%09=%09(prompt)``>v3dm0s,html_tag,1
<d3v%0aONPoiNTErenteR%09=%09(prompt)``>v3dm0s,html_attribute,0
<d3v%0aONPoiNTErenteR%09=%09(prompt)``>v3dm0s,html_text,1
<d3v%0aONPoiNTErenteR%09=%09(prompt)``>v3dm0s,script_block,0
<d3v%0aONPoiNTErenteR%09=%09(prompt)``>v3dm0s,comment,0
<d3v%0aONPoiNTErenteR%09=%09(prompt)``>v3dm0s,url_href,0
<d3v%0aONPoiNTErenteR%09=%09(prompt)``>v3dm0s,url_navigation,0
<hTmL%0aONpoIntEREntER%09=%09confirm()%0dx>,html_tag,0
<hTmL%0aONpoIntEREntER%09=%09confirm()%0dx>,html_attribute,0
<hTmL%0aONpoIntEREntER%09=%09confirm()%0dx>,html_text,0
<hTmL%0aONpoIntEREntER%09=%09confirm()%0dx>,script_block,0
<hTmL%0aONpoIntEREntER%09=%09confirm()%0dx>,comment,0
<hTmL%0aONpoIntEREntER%09=%09confirm()%0dx>,url_href,0
<hTmL%0aONpoIntEREntER%09=%09confirm()%0dx>,url_navigation,0
<deTAILS%0aonTOggLE%0d=%0d(confirm)()>,html_tag,0
<deTAILS%0aonTOggLE%0d=%0d(confirm)()>,html_attribute,0
<deTAILS%0aonTOggLE%0d=%0d(confirm)()>,html_text,0
<deTAILS%0aonTOggLE%0d=%0d(confirm)()>,script_block,0
<deTAILS%0aonTOggLE%0d=%0d(confirm)()>,comment,0
<deTAILS%0aonTOggLE%0d=%0d(confirm)()>,url_href,0
<deTAILS%0aonTOggLE%0d=%0d(confirm)()>,url_navigation,0
<DEtaiLs%0donPointereNter%09=%09(confirm)()%0dx>,html_tag,0
<DEtaiLs%0donPointereNter%09=%09(confirm)()%0dx>,html_attribute,0
<DEtaiLs%0donPointereNter%09=%09(confirm)()%0dx>,html_text,0
<DEtaiLs%0donPointereNter%09=%09(confirm)()%0dx>,script_block,0
<DEtaiLs%0donPointereNter%09=%09(confirm)()%0dx>,comment,0
<DEtaiLs%0donPointereNter%09=%09(confirm)()%0dx>,url_href,0
<DEtaiLs%0donPointereNter%09=%09(confirm)()%0dx>,url_navigation,0
<DeTAIlS/+/ONTOgglE%09=%09(prompt)``%0dx//,html_tag,0
<DeTAIlS/+/ONTOgglE%09=%09(prompt)``%0dx//,html_attribute,0
<DeTAIlS/+/ONTOgglE%09=%09(prompt)``%0dx//,html_text,0
<DeTAIlS/+/ONTOgglE%09=%09(prompt)``%0dx//,script_block,0
<DeTAIlS/+/ONTOgglE%09=%09(prompt)``%0dx//,comment,0
<DeTAIlS/+/ONTOgglE%09=%09(prompt)``%0dx//,url_href,0
<DeTAIlS/+/ONTOgglE%09=%09(prompt)``%0dx//,url_navigation,0
"<detaIlS%0dontOggLe%09=%09a=prompt,a()>",html_tag,0
"<detaIlS%0dontOggLe%09=%09a=prompt,a()>",html_attribute,0
"<detaIlS%0dontOggLe%09=%09a=prompt,a()>",html_text,0
"<detaIlS%0dontOggLe%09=%09a=prompt,a()>",script_block,0
"<detaIlS%0dontOggLe%09=%09a=prompt,a()>",comment,0
"<detaIlS%0dontOggLe%09=%09a=prompt,a()>",url_href,0
"<detaIlS%0dontOggLe%09=%09a=prompt,a()>",url_navigation,0
<htmL%0doNPOintereNTeR+=+(confirm)()%0dx>,html_tag,0
<htmL%0doNPOintereNTeR+=+(confirm)()%0dx>,html_attribute,0
<htmL%0doNPOintereNTeR+=+(confirm)()%0dx>,html_text,0
<htmL%0doNPOintereNTeR+=+(confirm)()%0dx>,script_block,0
<htmL%0doNPOintereNTeR+=+(confirm)()%0dx>,comment,0
<htmL%0doNPOintereNTeR+=+(confirm)()%0dx>,url_href,0
<htmL%0doNPOintereNTeR+=+(confirm)()%0dx>,url_navigation,0
<HtML/+/onmOuseover%09=%09(prompt)``>,html_tag,0
<HtML/+/onmOuseover%09=%09(prompt)``>,html_attribute,0
<HtML/+/onmOuseover%09=%09(prompt)``>,html_text,0
<HtML/+/onmOuseover%09=%09(prompt)``>,script_block,0
<HtML/+/onmOuseover%09=%09(prompt)``>,comment,0
<HtML/+/onmOuseover%09=%09(prompt)``>,url_href,0
<HtML/+/onmOuseover%09=%09(prompt)``>,url_navigation,0
"<D3V%09OnmouSEOVER%0d=%0da=prompt,a()>v3dm0s",html_tag,1
"<D3V%09OnmouSEOVER%0d=%0da=prompt,a()>v3dm0s",html_attribute,0
"<D3V%09OnmouSEOVER%0d=%0da=prompt,a()>v3dm0s",html_text,1
"<D3V%09OnmouSEOVER%0d=%0da=prompt,a()>v3dm0s",script_block,0
"<D3V%09OnmouSEOVER%0d=%0da=prompt,a()>v3dm0s",comment,0
"<D3V%09OnmouSEOVER%0d=%0da=prompt,a()>v3dm0s",url_href,0
"<D3V%09OnmouSEOVER%0d=%0da=prompt,a()>v3dm0s",url_navigation,0
"<a/+/ONpoINteRENtEr%0a=%0aa=prompt,a()>v3dm0s",html_tag,1
"<a/+/ONpoINteRENtEr%0a=%0aa=prompt,a()>v3dm0s",html_attribute,0
"<a/+/ONpoINteRENtEr%0a=%0aa=prompt,a()>v3dm0s",html_text,1
"<a/+/ONpoINteRENtEr%0a=%0aa=prompt,a()>v3dm0s",script_block,0
"<a/+/ONpoINteRENtEr%0a=%0aa=prompt,a()>v3dm0s",comment,0
"<a/+/ONpoINteRENtEr%0a=%0aa=prompt,a()>v3dm0s",url_href,0
"<a/+/ONpoINteRENtEr%0a=%0aa=prompt,a()>v3dm0s",url_navigation,0
<DEtAIlS%09onPoINterEnTeR%0d=%0d(prompt)``//,html_tag,0
<DEtAIlS%09onPoINterEnTeR%0d=%0d(prompt)``//,html_attribute,0
<DEtAIlS%09onPoINterEnTeR%0d=%0d(prompt)``//,html_text,0
<DEtAIlS%09onPoINterEnTeR%0d=%0d(prompt)``//,script_block,0
<DEtAIlS%09onPoINterEnTeR%0d=%0d(prompt)``//,comment,0
<DEtAIlS%09onPoINterEnTeR%0d=%0d(prompt)``//,url_href,0
<DEtAIlS%09onPoINterEnTeR%0d=%0d(prompt)``//,url_navigation,0
<D3v%09OnmOUSeOvEr%0d=%0dconfirm()>v3dm0s,html_tag,1
<D3v%09OnmOUSeOvEr%0d=%0dconfirm()>v3dm0s,html_attribute,0
<D3v%09OnmOUSeOvEr%0d=%0dconfirm()>v3dm0s,html_text,1
<D3v%09OnmOUSeOvEr%0d=%0dconfirm()>v3dm0s,script_block,0
<D3v%09OnmOUSeOvEr%0d=%0dconfirm()>v3dm0s,comment,0
<D3v%09OnmOUSeOvEr%0d=%0dconfirm()>v3dm0s,url_href,0
<D3v%09OnmOUSeOvEr%0d=%0dconfirm()>v3dm0s,url_navigation,0
<htML/+/onmOusEovEr+=+(prompt)``%0dx>,html_tag,0
<htML/+/onmOusEovEr+=+(prompt)``%0dx>,html_attribute,0
<htML/+/onmOusEovEr+=+(prompt)``%0dx>,html_text,0
<htML/+/onmOusEovEr+=+(prompt)``%0dx>,script_block,0
<htML/+/onmOusEovEr+=+(prompt)``%0dx>,comment,0
<htML/+/onmOusEovEr+=+(prompt)``%0dx>,url_href,0
<htML/+/onmOusEovEr+=+(prompt)``%0dx>,url_navigation,0
<A%0dONPOinterentEr%0d=%0dconfirm()>v3dm0s,html_tag,1
<A%0dONPOinterentEr%0d=%0dconfirm()>v3dm0s,html_attribute,0
<A%0dONPOinterentEr%0d=%0dconfirm()>v3dm0s,html_text,1
<A%0dONPOinterentEr%0d=%0dconfirm()>v3dm0s,script_block,0
<A%0dONPOinterentEr%0d=%0dconfirm()>v3dm0s,comment,0
<A%0dONPOinterentEr%0d=%0dconfirm()>v3dm0s,url_href,0
<A%0dONPOinterentEr%0d=%0dconfirm()>v3dm0s,url_navigation,0
<DetAils%0aONToGGlE%0a=%0a(prompt)``%0dx>,html_tag,0
<DetAils%0aONToGGlE%0a=%0a(prompt)``%0dx>,html_attribute,0
<DetAils%0aONToGGlE%0a=%0a(prompt)``%0dx>,html_text,0
<DetAils%0aONToGGlE%0a=%0a(prompt)``%0dx>,script_block,0
<DetAils%0aONToGGlE%0a=%0a(prompt)``%0dx>,comment,0
<DetAils%0aONToGGlE%0a=%0a(prompt)``%0dx>,url_href,0
<DetAils%0aONToGGlE%0a=%0a(prompt)``%0dx>,url_navigation,0
<D3v%09ONPoIntereNTER+=+(confirm)()%0dx>v3dm0s,html_tag,0
<D3v%09ONPoIntereNTER+=+(confirm)()%0dx>v3dm0s,html_attribute,0
<D3v%09ONPoIntereNTER+=+(confirm)()%0dx>v3dm0s,html_text,0
<D3v%09ONPoIntereNTER+=+(confirm)()%0dx>v3dm0s,script_block,0
<D3v%09ONPoIntereNTER+=+(confirm)()%0dx>v3dm0s,comment,0
<D3v%09ONPoIntereNTER+=+(confirm)()%0dx>v3dm0s,url_href,0
<D3v%09ONPoIntereNTER+=+(confirm)()%0dx>v3dm0s,url_navigation,0
"<deTAiLs%0aonPOiNterENTEr%0a=%0aa=prompt,a()%0dx//",html_tag,0
"<deTAiLs%0aonPOiNterENTEr%0a=%0aa=prompt,a()%0dx//",html_attribute,0
"<deTAiLs%0aonPOiNterENTEr%0a=%0aa=prompt,a()%0dx//",html_text,0
"<deTAiLs%0aonPOiNterENTEr%0a=%0aa=prompt,a()%0dx//",script_block,0
"<deTAiLs%0aonPOiNterENTEr%0a=%0aa=prompt,a()%0dx//",comment,0
"<deTAiLs%0aonPOiNterENTEr%0a=%0aa=prompt,a()%0dx//",url_href,0
"<deTAiLs%0aonPOiNterENTEr%0a=%0aa=prompt,a()%0dx//",url_navigation,0
<DETAilS%0doNtogGLe+=+confirm()%0dx>,html_tag,0
<DETAilS%0doNtogGLe+=+confirm()%0dx>,html_attribute,0
<DETAilS%0doNtogGLe+=+confirm()%0dx>,html_text,0
<DETAilS%0doNtogGLe+=+confirm()%0dx>,script_block,0
<DETAilS%0doNtogGLe+=+confirm()%0dx>,comment,0
<DETAilS%0doNtogGLe+=+confirm()%0dx>,url_href,0
<DETAilS%0doNtogGLe+=+confirm()%0dx>,url_navigation,0
<A%09oNpoinTERENtEr%0d=%0d(confirm)()%0dx>v3dm0s,html_tag,1
<A%09oNpoinTERENtEr%0d=%0d(confirm)()%0dx>v3dm0s,html_attribute,0
<A%09oNpoinTERENtEr%0d=%0d(confirm)()%0dx>v3dm0s,html_text,1
<A%09oNpoinTERENtEr%0d=%0d(confirm)()%0dx>v3dm0s,script_block,0
<A%09oNpoinTERENtEr%0d=%0d(confirm)()%0dx>v3dm0s,comment,0
<A%09oNpoinTERENtEr%0d=%0d(confirm)()%0dx>v3dm0s,url_href,0
<A%09oNpoinTERENtEr%0d=%0d(confirm)()%0dx>v3dm0s,url_navigation,0
<d3v%09ONpOinterENTer%09=%09confirm()%0dx>v3dm0s,html_tag,1
<d3v%09ONpOinterENTer%09=%09confirm()%0dx>v3dm0s,html_attribute,0
<d3v%09ONpOinterENTer%09=%09confirm()%0dx>v3dm0s,html_text,1
<d3v%09ONpOinterENTer%09=%09confirm()%0dx>v3dm0s,script_block,0
<d3v%09ONpOinterENTer%09=%09confirm()%0dx>v3dm0s,comment,0
<d3v%09ONpOinterENTer%09=%09confirm()%0dx>v3dm0s,url_href,0
<d3v%09ONpOinterENTer%09=%09confirm()%0dx>v3dm0s,url_navigation,0
<DEtAilS%0doNPoinTERentEr%0d=%0d[8].find(confirm)%0dx>,html_tag,0
<DEtAilS%0doNPoinTERentEr%0d=%0d[8].find(confirm)%0dx>,html_attribute,0
<DEtAilS%0doNPoinTERentEr%0d=%0d[8].find(confirm)%0dx>,html_text,0
<DEtAilS%0doNPoinTERentEr%0d=%0d[8].find(confirm)%0dx>,script_block,0
<DEtAilS%0doNPoinTERentEr%0d=%0d[8].find(confirm)%0dx>,comment,0
<DEtAilS%0doNPoinTERentEr%0d=%0d[8].find(confirm)%0dx>,url_href,0
<DEtAilS%0doNPoinTERentEr%0d=%0d[8].find(confirm)%0dx>,url_navigation,0
<DETaiLS%0doNpointeRenTer%09=%09confirm()%0dx>,html_tag,0
<DETaiLS%0doNpointeRenTer%09=%09confirm()%0dx>,html_attribute,0
<DETaiLS%0doNpointeRenTer%09=%09confirm()%0dx>,html_text,0
<DETaiLS%0doNpointeRenTer%09=%09confirm()%0dx>,script_block,0
<DETaiLS%0doNpointeRenTer%09=%09confirm()%0dx>,comment,0
<DETaiLS%0doNpointeRenTer%09=%09confirm()%0dx>,url_href,0
<DETaiLS%0doNpointeRenTer%09=%09confirm()%0dx>,url_navigation,0
<hTML%0donMOuseOVeR%0a=%0a(prompt)``>,html_tag,0
<hTML%0donMOuseOVeR%0a=%0a(prompt)``>,html_attribute,0
<hTML%0donMOuseOVeR%0a=%0a(prompt)``>,html_text,0
<hTML%0donMOuseOVeR%0a=%0a(prompt)``>,script_block,0
<hTML%0donMOuseOVeR%0a=%0a(prompt)``>,comment,0
<hTML%0donMOuseOVeR%0a=%0a(prompt)``>,url_href,0
<hTML%0donMOuseOVeR%0a=%0a(prompt)``>,url_navigation,0
<dETaILs/+/ontOgglE+=+(confirm)()>,html_tag,0
<dETaILs/+/ontOgglE+=+(confirm)()>,html_attribute,0
<dETaILs/+/ontOgglE+=+(confirm)()>,html_text,0
<dETaILs/+/ontOgglE+=+(confirm)()>,script_block,0
<dETaILs/+/ontOgglE+=+(confirm)()>,comment,0
<dETaILs/+/ontOgglE+=+(confirm)()>,url_href,0
<dETaILs/+/ontOgglE+=+(confirm)()>,url_navigation,0
<HtML%0dONpOINterenter%0a=%0aconfirm()>,html_tag,0
<HtML%0dONpOINterenter%0a=%0aconfirm()>,html_attribute,0
<HtML%0dONpOINterenter%0a=%0aconfirm()>,html_text,0
<HtML%0dONpOINterenter%0a=%0aconfirm()>,script_block,0
<HtML%0dONpOINterenter%0a=%0aconfirm()>,comment,0
<HtML%0dONpOINterenter%0a=%0aconfirm()>,url_href,0
<HtML%0dONpOINterenter%0a=%0aconfirm()>,url_navigation,0
<d3V%0dONPOInteRENTer%0d=%0dconfirm()%0dx>v3dm0s,html_tag,1
<d3V%0dONPOInteRENTer%0d=%0dconfirm()%0dx>v3dm0s,html_attribute,0
<d3V%0dONPOInteRENTer%0d=%0dconfirm()%0dx>v3dm0s,html_text,1
<d3V%0dONPOInteRENTer%0d=%0dconfirm()%0dx>v3dm0s,script_block,0
<d3V%0dONPOInteRENTer%0d=%0dconfirm()%0dx>v3dm0s,comment,0
<d3V%0dONPOInteRENTer%0d=%0dconfirm()%0dx>v3dm0s,url_href,0
<d3V%0dONPOInteRENTer%0d=%0dconfirm()%0dx>v3dm0s,url_navigation,0
<D3v/+/onPOinTEreNtER%0d=%0d[8].find(confirm)%0dx>v3dm0s,html_tag,1
<D3v/+/onPOinTEreNtER%0d=%0d[8].find(confirm)%0dx>v3dm0s,html_attribute,0
<D3v/+/onPOinTEreNtER%0d=%0d[8].find(confirm)%0dx>v3dm0s,html_text,1
<D3v/+/onPOinTEreNtER%0d=%0d[8].find(confirm)%0dx>v3dm0s,script_block,0
<D3v/+/onPOinTEreNtER%0d=%0d[8].find(confirm)%0dx>v3dm0s,comment,0
<D3v/+/onPOinTEreNtER%0d=%0d[8].find(confirm)%0dx>v3dm0s,url_href,0
<D3v/+/onPOinTEreNtER%0d=%0d[8].find(confirm)%0dx>v3dm0s,url_navigation,0
<HTML/+/OnpOINTerenter%0d=%0d[8].find(confirm)//,html_tag,0
<HTML/+/OnpOINTerenter%0d=%0d[8].find(confirm)//,html_attribute,0
<HTML/+/OnpOINTerenter%0d=%0d[8].find(confirm)//,html_text,0
<HTML/+/OnpOINTerenter%0d=%0d[8].find(confirm)//,script_block,0
<HTML/+/OnpOINTerenter%0d=%0d[8].find(confirm)//,comment,0
<HTML/+/OnpOINTerenter%0d=%0d[8].find(confirm)//,url_href,0
<HTML/+/OnpOINTerenter%0d=%0d[8].find(confirm)//,url_navigation,0
<detAIlS%09oNpointErEnTER+=+[8].find(confirm)%0dx>,html_tag,0
<detAIlS%09oNpointErEnTER+=+[8].find(confirm)%0dx>,html_attribute,0
<detAIlS%09oNpointErEnTER+=+[8].find(confirm)%0dx>,html_text,0
<detAIlS%09oNpointErEnTER+=+[8].find(confirm)%0dx>,script_block,0
<detAIlS%09oNpointErEnTER+=+[8].find(confirm)%0dx>,comment,0
<detAIlS%09oNpointErEnTER+=+[8].find(confirm)%0dx>,url_href,0
<detAIlS%09oNpointErEnTER+=+[8].find(confirm)%0dx>,url_navigation,0
"<d3V/+/onmOUsEoVer%0a=%0aa=prompt,a()>v3dm0s",html_tag,1
"<d3V/+/onmOUsEoVer%0a=%0aa=prompt,a()>v3dm0s",html_attribute,0
"<d3V/+/onmOUsEoVer%0a=%0aa=prompt,a()>v3dm0s",html_text,1
"<d3V/+/onmOUsEoVer%0a=%0aa=prompt,a()>v3dm0s",script_block,0
"<d3V/+/onmOUsEoVer%0a=%0aa=prompt,a()>v3dm0s",comment,0
"<d3V/+/onmOUsEoVer%0a=%0aa=prompt,a()>v3dm0s",url_href,0
"<d3V/+/onmOUsEoVer%0a=%0aa=prompt,a()>v3dm0s",url_navigation,0
"<a%0aOnpoiNTerEnteR+=+a=prompt,a()>v3dm0s",html_tag,0
"<a%0aOnpoiNTerEnteR+=+a=prompt,a()>v3dm0s",html_attribute,0
"<a%0aOnpoiNTerEnteR+=+a=prompt,a()>v3dm0s",html_text,0
"<a%0aOnpoiNTerEnteR+=+a=prompt,a()>v3dm0s",script_block,0
"<a%0aOnpoiNTerEnteR+=+a=prompt,a()>v3dm0s",comment,0
"<a%0aOnpoiNTerEnteR+=+a=prompt,a()>v3dm0s",url_href,0
"<a%0aOnpoiNTerEnteR+=+a=prompt,a()>v3dm0s",url_navigation,0
<hTml/+/ONMouseOVeR+=+(confirm)()//,html_tag,0
<hTml/+/ONMouseOVeR+=+(confirm)()//,html_attribute,0
<hTml/+/ONMouseOVeR+=+(confirm)()//,html_text,0
<hTml/+/ONMouseOVeR+=+(confirm)()//,script_block,0
<hTml/+/ONMouseOVeR+=+(confirm)()//,comment,0
<hTml/+/ONMouseOVeR+=+(confirm)()//,url_href,0
<hTml/+/ONMouseOVeR+=+(confirm)()//,url_navigation,0
"<D3v%09oNMouSeoVer+=+a=prompt,a()%0dx>v3dm0s",html_tag,0
"<D3v%09oNMouSeoVer+=+a=prompt,a()%0dx>v3dm0s",html_attribute,0
"<D3v%09oNMouSeoVer+=+a=prompt,a()%0dx>v3dm0s",html_text,0
"<D3v%09oNMouSeoVer+=+a=prompt,a()%0dx>v3dm0s",script_block,0
"<D3v%09oNMouSeoVer+=+a=prompt,a()%0dx>v3dm0s",comment,0
"<D3v%09oNMouSeoVer+=+a=prompt,a()%0dx>v3dm0s",url_href,0
"<D3v%09oNMouSeoVer+=+a=prompt,a()%0dx>v3dm0s",url_navigation,0
<HtmL/+/ONMouSeoVER+=+[8].find(confirm)//,html_tag,0
<HtmL/+/ONMouSeoVER+=+[8].find(confirm)//,html_attribute,0
<HtmL/+/ONMouSeoVER+=+[8].find(confirm)//,html_text,0
<HtmL/+/ONMouSeoVER+=+[8].find(confirm)//,script_block,0
<HtmL/+/ONMouSeoVER+=+[8].find(confirm)//,comment,0
<HtmL/+/ONMouSeoVER+=+[8].find(confirm)//,url_href,0
<HtmL/+/ONMouSeoVER+=+[8].find(confirm)//,url_navigation,0
"<A/+/OnmOUSEOVER+=+a=prompt,a()%0dx>v3dm0s",html_tag,0
"<A/+/OnmOUSEOVER+=+a=prompt,a()%0dx>v3dm0s",html_attribute,0
"<A/+/OnmOUSEOVER+=+a=prompt,a()%0dx>v3dm0s",html_text,0
"<A/+/OnmOUSEOVER+=+a=prompt,a()%0dx>v3dm0s",script_block,0
"<A/+/OnmOUSEOVER+=+a=prompt,a()%0dx>v3dm0s",comment,0
"<A/+/OnmOUSEOVER+=+a=prompt,a()%0dx>v3dm0s",url_href,0
"<A/+/OnmOUSEOVER+=+a=prompt,a()%0dx>v3dm0s",url_navigation,0
<A%0dOnpOiNTERentER%09=%09(confirm)()%0dx>v3dm0s,html_tag,1
<A%0dOnpOiNTERentER%09=%09(confirm)()%0dx>v3dm0s,html_attribute,0
<A%0dOnpOiNTERentER%09=%09(confirm)()%0dx>v3dm0s,html_text,1
<A%0dOnpOiNTERentER%09=%09(confirm)()%0dx>v3dm0s,script_block,0
<A%0dOnpOiNTERentER%09=%09(confirm)()%0dx>v3dm0s,comment,0
<A%0dOnpOiNTERentER%09=%09(confirm)()%0dx>v3dm0s,url_href,0
<A%0dOnpOiNTERentER%09=%09(confirm)()%0dx>v3dm0s,url_navigation,0
<hTMl%0dONPoInTerEnteR%0d=%0d(confirm)()>,html_tag,0
<hTMl%0dONPoInTerEnteR%0d=%0d(confirm)()>,html_attribute,0
<hTMl%0dONPoInTerEnteR%0d=%0d(confirm)()>,html_text,0
<hTMl%0dONPoInTerEnteR%0d=%0d(confirm)()>,script_block,0
<hTMl%0dONPoInTerEnteR%0d=%0d(confirm)()>,comment,0
<hTMl%0dONPoInTerEnteR%0d=%0d(confirm)()>,url_href,0
<hTMl%0dONPoInTerEnteR%0d=%0d(confirm)()>,url_navigation,0
<D3v%09onPoiNtereNtEr%0a=%0aconfirm()>v3dm0s,html_tag,1
<D3v%09onPoiNtereNtEr%0a=%0aconfirm()>v3dm0s,html_attribute,0
<D3v%09onPoiNtereNtEr%0a=%0aconfirm()>v3dm0s,html_text,1
<D3v%09onPoiNtereNtEr%0a=%0aconfirm()>v3dm0s,script_block,0
<D3v%09onPoiNtereNtEr%0a=%0aconfirm()>v3dm0s,comment,0
<D3v%09onPoiNtereNtEr%0a=%0aconfirm()>v3dm0s,url_href,0
<D3v%09onPoiNtereNtEr%0a=%0aconfirm()>v3dm0s,url_navigation,0
<A%09onPOINtEReNter%09=%09confirm()%0dx>v3dm0s,html_tag,1
<A%09onPOINtEReNter%09=%09confirm()%0dx>v3dm0s,html_attribute,0
<A%09onPOINtEReNter%09=%09confirm()%0dx>v3dm0s,html_text,1
<A%09onPOINtEReNter%09=%09confirm()%0dx>v3dm0s,script_block,0
<A%09onPOINtEReNter%09=%09confirm()%0dx>v3dm0s,comment,0
<A%09onPOINtEReNter%09=%09confirm()%0dx>v3dm0s,url_href,0
<A%09onPOINtEReNter%09=%09confirm()%0dx>v3dm0s,url_navigation,0
<htmL%09OnpOintEreNter%0a=%0a[8].find(confirm)//,html_tag,0
<htmL%09OnpOintEreNter%0a=%0a[8].find(confirm)//,html_attribute,0
<htmL%09OnpOintEreNter%0a=%0a[8].find(confirm)//,html_text,0
<htmL%09OnpOintEreNter%0a=%0a[8].find(confirm)//,script_block,0
<htmL%09OnpOintEreNter%0a=%0a[8].find(confirm)//,comment,0
<htmL%09OnpOintEreNter%0a=%0a[8].find(confirm)//,url_href,0
<htmL%09OnpOintEreNter%0a=%0a[8].find(confirm)//,url_navigation,0
<D3v%0aONMOuSeOVer+=+(prompt)``%0dx>v3dm0s,html_tag,0
<D3v%0aONMOuSeOVer+=+(prompt)``%0dx>v3dm0s,html_attribute,0
<D3v%0aONMOuSeOVer+=+(prompt)``%0dx>v3dm0s,html_text,0
<D3v%0aONMOuSeOVer+=+(prompt)``%0dx>v3dm0s,script_block,0
<D3v%0aONMOuSeOVer+=+(prompt)``%0dx>v3dm0s,comment,0
<D3v%0aONMOuSeOVer+=+(prompt)``%0dx>v3dm0s,url_href,0
<D3v%0aONMOuSeOVer+=+(prompt)``%0dx>v3dm0s,url_navigation,0
<d3V%0dOnpoiNTERENtEr%0a=%0a(confirm)()>v3dm0s,html_tag,1
<d3V%0dOnpoiNTERENtEr%0a=%0a(confirm)()>v3dm0s,html_attribute,0
<d3V%0dOnpoiNTERENtEr%0a=%0a(confirm)()>v3dm0s,html_text,1
<d3V%0dOnpoiNTERENtEr%0a=%0a(confirm)()>v3dm0s,script_block,0
<d3V%0dOnpoiNTERENtEr%0a=%0a(confirm)()>v3dm0s,comment,0
<d3V%0dOnpoiNTERENtEr%0a=%0a(confirm)()>v3dm0s,url_href,0
<d3V%0dOnpoiNTERENtEr%0a=%0a(confirm)()>v3dm0s,url_navigation,0
<detAiLs%0aoNtogGle+=+confirm()//,html_tag,0
<detAiLs%0aoNtogGle+=+confirm()//,html_attribute,0
<detAiLs%0aoNtogGle+=+confirm()//,html_text,0
<detAiLs%0aoNtogGle+=+confirm()//,script_block,0
<detAiLs%0aoNtogGle+=+confirm()//,comment,0
<detAiLs%0aoNtogGle+=+confirm()//,url_href,0
<detAiLs%0aoNtogGle+=+confirm()//,url_navigation,0
"<DETaIlS%0aontOgglE+=+a=prompt,a()//",html_tag,0
"<DETaIlS%0aontOgglE+=+a=prompt,a()//",html_attribute,0
"<DETaIlS%0aontOgglE+=+a=prompt,a()//",html_text,0
"<DETaIlS%0aontOgglE+=+a=prompt,a()//",script_block,0
"<DETaIlS%0aontOgglE+=+a=prompt,a()//",comment,0
"<DETaIlS%0aontOgglE+=+a=prompt,a()//",url_href,0
"<DETaIlS%0aontOgglE+=+a=prompt,a()//",url_navigation,0
<DETails%0donPOinTEReNtEr%09=%09(confirm)()//,html_tag,0
<DETails%0donPOinTEReNtEr%09=%09(confirm)()//,html_attribute,0
<DETails%0donPOinTEReNtEr%09=%09(confirm)()//,html_text,0
<DETails%0donPOinTEReNtEr%09=%09(confirm)()//,script_block,0
<DETails%0donPOinTEReNtEr%09=%09(confirm)()//,comment,0
<DETails%0donPOinTEReNtEr%09=%09(confirm)()//,url_href,0
<DETails%0donPOinTEReNtEr%09=%09(confirm)()//,url_navigation,0
<dETaiLs/+/OnpoinTeRenter%0d=%0d(confirm)()%0dx>,html_tag,0
<dETaiLs/+/OnpoinTeRenter%0d=%0d(confirm)()%0dx>,html_attribute,0
<dETaiLs/+/OnpoinTeRenter%0d=%0d(confirm)()%0dx>,html_text,0
<dETaiLs/+/OnpoinTeRenter%0d=%0d(confirm)()%0dx>,script_block,0
<dETaiLs/+/OnpoinTeRenter%0d=%0d(confirm)()%0dx>,comment,0
<dETaiLs/+/OnpoinTeRenter%0d=%0d(confirm)()%0dx>,url_href,0
<dETaiLs/+/OnpoinTeRenter%0d=%0d(confirm)()%0dx>,url_navigation,0
<DetaILs%09ONtOGGlE+=+[8].find(confirm)>,html_tag,0
<DetaILs%09ONtOGGlE+=+[8].find(confirm)>,html_attribute,0
<DetaILs%09ONtOGGlE+=+[8].find(confirm)>,html_text,0
<DetaILs%09ONtOGGlE+=+[8].find(confirm)>,script_block,0
<DetaILs%09ONtOGGlE+=+[8].find(confirm)>,comment,0
<DetaILs%09ONtOGGlE+=+[8].find(confirm)>,url_href,0
<DetaILs%09ONtOGGlE+=+[8].find(confirm)>,url_navigation,0
<DETAiLS%0dONtOggLE%0d=%0dconfirm()>,html_tag,0
<DETAiLS%0dONtOggLE%0d=%0dconfirm()>,html_attribute,0
<DETAiLS%0dONtOggLE%0d=%0dconfirm()>,html_text,0
<DETAiLS%0dONtOggLE%0d=%0dconfirm()>,script_block,0
<DETAiLS%0dONtOggLE%0d=%0dconfirm()>,comment,0
<DETAiLS%0dONtOggLE%0d=%0dconfirm()>,url_href,0
<DETAiLS%0dONtOggLE%0d=%0dconfirm()>,url_navigation,0
<HTML%09OnPointeRentEr%09=%09(prompt)``%0dx>,html_tag,0
<HTML%09OnPointeRentEr%09=%09(prompt)``%0dx>,html_attribute,0
<HTML%09OnPointeRentEr%09=%09(prompt)``%0dx>,html_text,0
<HTML%09OnPointeRentEr%09=%09(prompt)``%0dx>,script_block,0
<HTML%09OnPointeRentEr%09=%09(prompt)``%0dx>,comment,0
<HTML%09OnPointeRentEr%09=%09(prompt)``%0dx>,url_href,0
<HTML%09OnPointeRentEr%09=%09(prompt)``%0dx>,url_navigation,0
<a%09onPoINTEreNTer+=+[8].find(confirm)>v3dm0s,html_tag,0
<a%09onPoINTEreNTer+=+[8].find(confirm)>v3dm0s,html_attribute,0
<a%09onPoINTEreNTer+=+[8].find(confirm)>v3dm0s,html_text,0
<a%09onPoINTEreNTer+=+[8].find(confirm)>v3dm0s,script_block,0
<a%09onPoINTEreNTer+=+[8].find(confirm)>v3dm0s,comment,0
<a%09onPoINTEreNTer+=+[8].find(confirm)>v3dm0s,url_href,0
<a%09onPoINTEreNTer+=+[8].find(confirm)>v3dm0s,url_navigation,0
<htMl%09ONpOiNteREntEr+=+(confirm)()%0dx//,html_tag,0
<htMl%09ONpOiNteREntEr+=+(confirm)()%0dx//,html_attribute,0
<htMl%09ONpOiNteREntEr+=+(confirm)()%0dx//,html_text,0
<htMl%09ONpOiNteREntEr+=+(confirm)()%0dx//,script_block,0
<htMl%09ONpOiNteREntEr+=+(confirm)()%0dx//,comment,0
<htMl%09ONpOiNteREntEr+=+(confirm)()%0dx//,url_href,0
<htMl%09ONpOiNteREntEr+=+(confirm)()%0dx//,url_navigation,0
<D3V%0dOnPOINTEREntEr%0d=%0d[8].find(confirm)%0dx>v3dm0s,html_tag,1
<D3V%0dOnPOINTEREntEr%0d=%0d[8].find(confirm)%0dx>v3dm0s,html_attribute,0
<D3V%0dOnPOINTEREntEr%0d=%0d[8].find(confirm)%0dx>v3dm0s,html_text,1
<D3V%0dOnPOINTEREntEr%0d=%0d[8].find(confirm)%0dx>v3dm0s,script_block,0
<D3V%0dOnPOINTEREntEr%0d=%0d[8].find(confirm)%0dx>v3dm0s,comment,0
<D3V%0dOnPOINTEREntEr%0d=%0d[8].find(confirm)%0dx>v3dm0s,url_href,0
<D3V%0dOnPOINTEREntEr%0d=%0d[8].find(confirm)%0dx>v3dm0s,url_navigation,0
<DEtaIls/+/ONTogGlE%0a=%0a(prompt)``%0dx>,html_tag,0
<DEtaIls/+/ONTogGlE%0a=%0a(prompt)``%0dx>,html_attribute,0
<DEtaIls/+/ONTogGlE%0a=%0a(prompt)``%0dx>,html_text,0
<DEtaIls/+/ONTogGlE%0a=%0a(prompt)``%0dx>,script_block,0
<DEtaIls/+/ONTogGlE%0a=%0a(prompt)``%0dx>,comment,0
<DEtaIls/+/ONTogGlE%0a=%0a(prompt)``%0dx>,url_href,0
<DEtaIls/+/ONTogGlE%0a=%0a(prompt)``%0dx>,url_navigation,0
<hTmL%0dOnPOINterenter%0a=%0a(confirm)()//,html_tag,0
<hTmL%0dOnPOINterenter%0a=%0a(confirm)()//,html_attribute,0
<hTmL%0dOnPOINterenter%0a=%0a(confirm)()//,html_text,0
<hTmL%0dOnPOINterenter%0a=%0a(confirm)()//,script_block,0
<hTmL%0dOnPOINterenter%0a=%0a(confirm)()//,comment,0
<hTmL%0dOnPOINterenter%0a=%0a(confirm)()//,url_href,0
<hTmL%0dOnPOINterenter%0a=%0a(confirm)()//,url_navigation,0
<HtmL%0aoNMOuSEoveR%0a=%0a[8].find(confirm)>,html_tag,0
<HtmL%0aoNMOuSEoveR%0a=%0a[8].find(confirm)>,html_attribute,0
<HtmL%0aoNMOuSEoveR%0a=%0a[8].find(confirm)>,html_text,0
<HtmL%0aoNMOuSEoveR%0a=%0a[8].find(confirm)>,script_block,0
<HtmL%0aoNMOuSEoveR%0a=%0a[8].find(confirm)>,comment,0
<HtmL%0aoNMOuSEoveR%0a=%0a[8].find(confirm)>,url_href,0
<HtmL%0aoNMOuSEoveR%0a=%0a[8].find(confirm)>,url_navigation,0
<hTMl%09oNmOUsEoVer%0a=%0a(prompt)``>,html_tag,0
<hTMl%09oNmOUsEoVer%0a=%0a(prompt)``>,html_attribute,0
<hTMl%09oNmOUsEoVer%0a=%0a(prompt)``>,html_text,0
<hTMl%09oNmOUsEoVer%0a=%0a(prompt)``>,script_block,0
<hTMl%09oNmOUsEoVer%0a=%0a(prompt)``>,comment,0
<hTMl%09oNmOUsEoVer%0a=%0a(prompt)``>,url_href,0
<hTMl%09oNmOUsEoVer%0a=%0a(prompt)``>,url_navigation,0
"<A%0dOnpOiNTERentEr%0d=%0da=prompt,a()%0dx>v3dm0s",html_tag,1
"<A%0dOnpOiNTERentEr%0d=%0da=prompt,a()%0dx>v3dm0s",html_attribute,0
"<A%0dOnpOiNTERentEr%0d=%0da=prompt,a()%0dx>v3dm0s",html_text,1
"<A%0dOnpOiNTERentEr%0d=%0da=prompt,a()%0dx>v3dm0s",script_block,0
"<A%0dOnpOiNTERentEr%0d=%0da=prompt,a()%0dx>v3dm0s",comment,0
"<A%0dOnpOiNTERentEr%0d=%0da=prompt,a()%0dx>v3dm0s",url_href,0
"<A%0dOnpOiNTERentEr%0d=%0da=prompt,a()%0dx>v3dm0s",url_navigation,0
<detaILS%0doNtOGglE%0d=%0d[8].find(confirm)%0dx>,html_tag,0
<detaILS%0doNtOGglE%0d=%0d[8].find(confirm)%0dx>,html_attribute,0
<detaILS%0doNtOGglE%0d=%0d[8].find(confirm)%0dx>,html_text,0
<detaILS%0doNtOGglE%0d=%0d[8].find(confirm)%0dx>,script_block,0
<detaILS%0doNtOGglE%0d=%0d[8].find(confirm)%0dx>,comment,0
<detaILS%0doNtOGglE%0d=%0d[8].find(confirm)%0dx>,url_href,0
<detaILS%0doNtOGglE%0d=%0d[8].find(confirm)%0dx>,url_navigation,0
<d3V/+/oNmOuSEOver%09=%09confirm()>v3dm0s,html_tag,1
<d3V/+/oNmOuSEOver%09=%09confirm()>v3dm0s,html_attribute,0
<d3V/+/oNmOuSEOver%09=%09confirm()>v3dm0s,html_text,1
<d3V/+/oNmOuSEOver%09=%09confirm()>v3dm0s,script_block,0
<d3V/+/oNmOuSEOver%09=%09confirm()>v3dm0s,comment,0
<d3V/+/oNmOuSEOver%09=%09confirm()>v3dm0s,url_href,0
<d3V/+/oNmOuSEOver%09=%09confirm()>v3dm0s,url_navigation,0
<a%0aONMOusEoVER+=+(prompt)``%0dx>v3dm0s,html_tag,0
<a%0aONMOusEoVER+=+(prompt)``%0dx>v3dm0s,html_attribute,0
<a%0aONMOusEoVER+=+(prompt)``%0dx>v3dm0s,html_text,0
<a%0aONMOusEoVER+=+(prompt)``%0dx>v3dm0s,script_block,0
<a%0aONMOusEoVER+=+(prompt)``%0dx>v3dm0s,comment,0
<a%0aONMOusEoVER+=+(prompt)``%0dx>v3dm0s,url_href,0
<a%0aONMOusEoVER+=+(prompt)``%0dx>v3dm0s,url_navigation,0
<HTMl%0aoNmouseoVer+=+confirm()//,html_tag,0
<HTMl%0aoNmouseoVer+=+confirm()//,html_attribute,0
<HTMl%0aoNmouseoVer+=+confirm()//,html_text,0
<HTMl%0aoNmouseoVer+=+confirm()//,script_block,0
<HTMl%0aoNmouseoVer+=+confirm()//,comment,0
<HTMl%0aoNmouseoVer+=+confirm()//,url_href,0
<HTMl%0aoNmouseoVer+=+confirm()//,url_navigation,0
<detAIls%0dONTogGlE+=+(prompt)``//,html_tag,0
<detAIls%0dONTogGlE+=+(prompt)``//,html_attribute,0
<detAIls%0dONTogGlE+=+(prompt)``//,html_text,0
<detAIls%0dONTogGlE+=+(prompt)``//,script_block,0
<detAIls%0dONTogGlE+=+(prompt)``//,comment,0
<detAIls%0dONTogGlE+=+(prompt)``//,url_href,0
<detAIls%0dONTogGlE+=+(prompt)``//,url_navigation,0
<DETaIlS%0aOnToggLe%09=%09[8].find(confirm)%0dx//,html_tag,0
<DETaIlS%0aOnToggLe%09=%09[8].find(confirm)%0dx//,html_attribute,0
<DETaIlS%0aOnToggLe%09=%09[8].find(confirm)%0dx//,html_text,0
<DETaIlS%0aOnToggLe%09=%09[8].find(confirm)%0dx//,script_block,0
<DETaIlS%0aOnToggLe%09=%09[8].find(confirm)%0dx//,comment,0
<DETaIlS%0aOnToggLe%09=%09[8].find(confirm)%0dx//,url_href,0
<DETaIlS%0aOnToggLe%09=%09[8].find(confirm)%0dx//,url_navigation,0
"<HtmL%0donpoiNTErEntER%0a=%0aa=prompt,a()%0dx//",html_tag,0
"<HtmL%0donpoiNTErEntER%0a=%0aa=prompt,a()%0dx//",html_attribute,0
"<HtmL%0donpoiNTErEntER%0a=%0aa=prompt,a()%0dx//",html_text,0
"<HtmL%0donpoiNTErEntER%0a=%0aa=prompt,a()%0dx//",script_block,0
"<HtmL%0donpoiNTErEntER%0a=%0aa=prompt,a()%0dx//",comment,0
"<HtmL%0donpoiNTErEntER%0a=%0aa=prompt,a()%0dx//",url_href,0
"<HtmL%0donpoiNTErEntER%0a=%0aa=prompt,a()%0dx//",url_navigation,0
<hTmL/+/oNpoiNTeRenteR+=+(prompt)``%0dx//,html_tag,0
<hTmL/+/oNpoiNTeRenteR+=+(prompt)``%0dx//,html_attribute,0
<hTmL/+/oNpoiNTeRenteR+=+(prompt)``%0dx//,html_text,0
<hTmL/+/oNpoiNTeRenteR+=+(prompt)``%0dx//,script_block,0
<hTmL/+/oNpoiNTeRenteR+=+(prompt)``%0dx//,comment,0
<hTmL/+/oNpoiNTeRenteR+=+(prompt)``%0dx//,url_href,0
<hTmL/+/oNpoiNTeRenteR+=+(prompt)``%0dx//,url_navigation,0
<deTAiLs%0donpOINTeReNteR%0a=%0aconfirm()%0dx>,html_tag,0
<deTAiLs%0donpOINTeReNteR%0a=%0aconfirm()%0dx>,html_attribute,0
<deTAiLs%0donpOINTeReNteR%0a=%0aconfirm()%0dx>,html_text,0
<deTAiLs%0donpOINTeReNteR%0a=%0aconfirm()%0dx>,script_block,0
<deTAiLs%0donpOINTeReNteR%0a=%0aconfirm()%0dx>,comment,0
<deTAiLs%0donpOINTeReNteR%0a=%0aconfirm()%0dx>,url_href,0
<deTAiLs%0donpOINTeReNteR%0a=%0aconfirm()%0dx>,url_navigation,0
<a/+/ONPOInTeREnter%0a=%0a[8].find(confirm)>v3dm0s,html_tag,1
<a/+/ONPOInTeREnter%0a=%0a[8].find(confirm)>v3dm0s,html_attribute,0
<a/+/ONPOInTeREnter%0a=%0a[8].find(confirm)>v3dm0s,html_text,1
<a/+/ONPOInTeREnter%0a=%0a[8].find(confirm)>v3dm0s,script_block,0
<a/+/ONPOInTeREnter%0a=%0a[8].find(confirm)>v3dm0s,comment,0
<a/+/ONPOInTeREnter%0a=%0a[8].find(confirm)>v3dm0s,url_href,0
<a/+/ONPOInTeREnter%0a=%0a[8].find(confirm)>v3dm0s,url_navigation,0
<DETailS%0doNtOggLe%0d=%0d(confirm)()>,html_tag,0
<DETailS%0doNtOggLe%0d=%0d(confirm)()>,html_attribute,0
<DETailS%0doNtOggLe%0d=%0d(confirm)()>,html_text,0
<DETailS%0doNtOggLe%0d=%0d(confirm)()>,script_block,0
<DETailS%0doNtOggLe%0d=%0d(confirm)()>,comment,0
<DETailS%0doNtOggLe%0d=%0d(confirm)()>,url_href,0
<DETailS%0doNtOggLe%0d=%0d(confirm)()>,url_navigation,0
<a%09ONmouseoveR%0d=%0d(prompt)``%0dx>v3dm0s,html_tag,1
<a%09ONmouseoveR%0d=%0d(prompt)``%0dx>v3dm0s,html_attribute,0
<a%09ONmouseoveR%0d=%0d(prompt)``%0dx>v3dm0s,html_text,1
<a%09ONmouseoveR%0d=%0d(prompt)``%0dx>v3dm0s,script_block,0
<a%09ONmouseoveR%0d=%0d(prompt)``%0dx>v3dm0s,comment,0
<a%09ONmouseoveR%0d=%0d(prompt)``%0dx>v3dm0s,url_href,0
<a%09ONmouseoveR%0d=%0d(prompt)``%0dx>v3dm0s,url_navigation,0
<dETAILS%09onToggLe%09=%09confirm()//,html_tag,0
<dETAILS%09onToggLe%09=%09confirm()//,html_attribute,0
<dETAILS%09onToggLe%09=%09confirm()//,html_text,0
<dETAILS%09onToggLe%09=%09confirm()//,script_block,0
<dETAILS%09onToggLe%09=%09confirm()//,comment,0
<dETAILS%09onToggLe%09=%09confirm()//,url_href,0
<dETAILS%09onToggLe%09=%09confirm()//,url_navigation,0
<a%09oNMOuSEOvEr%0d=%0dconfirm()%0dx>v3dm0s,html_tag,1
<a%09oNMOuSEOvEr%0d=%0dconfirm()%0dx>v3dm0s,html_attribute,0
<a%09oNMOuSEOvEr%0d=%0dconfirm()%0dx>v3dm0s,html_text,1
<a%09oNMOuSEOvEr%0d=%0dconfirm()%0dx>v3dm0s,script_block,0
<a%09oNMOuSEOvEr%0d=%0dconfirm()%0dx>v3dm0s,comment,0
<a%09oNMOuSEOvEr%0d=%0dconfirm()%0dx>v3dm0s,url_href,0
<a%09oNMOuSEOvEr%0d=%0dconfirm()%0dx>v3dm0s,url_navigation,0
<dEtAIlS%09oNpoiNterenTer%0d=%0dconfirm()>,html_tag,0
<dEtAIlS%09oNpoiNterenTer%0d=%0dconfirm()>,html_attribute,0
<dEtAIlS%09oNpoiNterenTer%0d=%0dconfirm()>,html_text,0
<dEtAIlS%09oNpoiNterenTer%0d=%0dconfirm()>,script_block,0
<dEtAIlS%09oNpoiNterenTer%0d=%0dconfirm()>,comment,0
<dEtAIlS%09oNpoiNterenTer%0d=%0dconfirm()>,url_href,0
<dEtAIlS%09oNpoiNterenTer%0d=%0dconfirm()>,url_navigation,0
<a%0donMouSEoVeR%0a=%0aconfirm()>v3dm0s,html_tag,1
<a%0donMouSEoVeR%0a=%0aconfirm()>v3dm0s,html_attribute,0
<a%0donMouSEoVeR%0a=%0aconfirm()>v3dm0s,html_text,1
<a%0donMouSEoVeR%0a=%0aconfirm()>v3dm0s,script_block,0
<a%0donMouSEoVeR%0a=%0aconfirm()>v3dm0s,comment,0
<a%0donMouSEoVeR%0a=%0aconfirm()>v3dm0s,url_href,0
<a%0donMouSEoVeR%0a=%0aconfirm()>v3dm0s,url_navigation,0
<a%09OnMOUsEOvEr+=+confirm()%0dx>v3dm0s,html_tag,0
<a%09OnMOUsEOvEr+=+confirm()%0dx>v3dm0s,html_attribute,0
<a%09OnMOUsEOvEr+=+confirm()%0dx>v3dm0s,html_text,0
<a%09OnMOUsEOvEr+=+confirm()%0dx>v3dm0s,script_block,0
<a%09OnMOUsEOvEr+=+confirm()%0dx>v3dm0s,comment,0
<a%09OnMOUsEOvEr+=+confirm()%0dx>v3dm0s,url_href,0
<a%09OnMOUsEOvEr+=+confirm()%0dx>v3dm0s,url_navigation,0
<A/+/onMOuseoveR%0d=%0dconfirm()>v3dm0s,html_tag,1
<A/+/onMOuseoveR%0d=%0dconfirm()>v3dm0s,html_attribute,0
<A/+/onMOuseoveR%0d=%0dconfirm()>v3dm0s,html_text,1
<A/+/onMOuseoveR%0d=%0dconfirm()>v3dm0s,script_block,0
<A/+/onMOuseoveR%0d=%0dconfirm()>v3dm0s,comment,0
<A/+/onMOuseoveR%0d=%0dconfirm()>v3dm0s,url_href,0
<A/+/onMOuseoveR%0d=%0dconfirm()>v3dm0s,url_navigation,0
<D3V%0dONmouSeoVER%0a=%0a(confirm)()>v3dm0s,html_tag,1
<D3V%0dONmouSeoVER%0a=%0a(confirm)()>v3dm0s,html_attribute,0
<D3V%0dONmouSeoVER%0a=%0a(confirm)()>v3dm0s,html_text,1
<D3V%0dONmouSeoVER%0a=%0a(confirm)()>v3dm0s,script_block,0
<D3V%0dONmouSeoVER%0a=%0a(confirm)()>v3dm0s,comment,0
<D3V%0dONmouSeoVER%0a=%0a(confirm)()>v3dm0s,url_href,0
<D3V%0dONmouSeoVER%0a=%0a(confirm)()>v3dm0s,url_navigation,0
<D3V%0aoNmoUSEOveR%09=%09[8].find(confirm)%0dx>v3dm0s,html_tag,1
<D3V%0aoNmoUSEOveR%09=%09[8].find(confirm)%0dx>v3dm0s,html_attribute,0
<D3V%0aoNmoUSEOveR%09=%09[8].find(confirm)%0dx>v3dm0s,html_text,1
<D3V%0aoNmoUSEOveR%09=%09[8].find(confirm)%0dx>v3dm0s,script_block,0
<D3V%0aoNmoUSEOveR%09=%09[8].find(confirm)%0dx>v3dm0s,comment,0
<D3V%0aoNmoUSEOveR%09=%09[8].find(confirm)%0dx>v3dm0s,url_href,0
<D3V%0aoNmoUSEOveR%09=%09[8].find(confirm)%0dx>v3dm0s,url_navigation,0
"<a%0dONMOUSeOVEr%0a=%0aa=prompt,a()%0dx>v3dm0s",html_tag,1
"<a%0dONMOUSeOVEr%0a=%0aa=prompt,a()%0dx>v3dm0s",html_attribute,0
"<a%0dONMOUSeOVEr%0a=%0aa=prompt,a()%0dx>v3dm0s",html_text,1
"<a%0dONMOUSeOVEr%0a=%0aa=prompt,a()%0dx>v3dm0s",script_block,0
"<a%0dONMOUSeOVEr%0a=%0aa=prompt,a()%0dx>v3dm0s",comment,0
"<a%0dONMOUSeOVEr%0a=%0aa=prompt,a()%0dx>v3dm0s",url_href,0
"<a%0dONMOUSeOVEr%0a=%0aa=prompt,a()%0dx>v3dm0s",url_navigation,0
<DeTaIls/+/oNpointEREntEr%09=%09confirm()>,html_tag,0
<DeTaIls/+/oNpointEREntEr%09=%09confirm()>,html_attribute,0
<DeTaIls/+/oNpointEREntEr%09=%09confirm()>,html_text,0
<DeTaIls/+/oNpointEREntEr%09=%09confirm()>,script_block,0
<DeTaIls/+/oNpointEREntEr%09=%09confirm()>,comment,0
<DeTaIls/+/oNpointEREntEr%09=%09confirm()>,url_href,0
<DeTaIls/+/oNpointEREntEr%09=%09confirm()>,url_navigation,0
<a%0aoNmoUSEovER%0d=%0d(prompt)``%0dx>v3dm0s,html_tag,1
<a%0aoNmoUSEovER%0d=%0d(prompt)``%0dx>v3dm0s,html_attribute,0
<a%0aoNmoUSEovER%0d=%0d(prompt)``%0dx>v3dm0s,html_text,1
<a%0aoNmoUSEovER%0d=%0d(prompt)``%0dx>v3dm0s,script_block,0
<a%0aoNmoUSEovER%0d=%0d(prompt)``%0dx>v3dm0s,comment,0
<a%0aoNmoUSEovER%0d=%0d(prompt)``%0dx>v3dm0s,url_href,0
<a%0aoNmoUSEovER%0d=%0d(prompt)``%0dx>v3dm0s,url_navigation,0
<HtML%0aOnPOInTeReNter%0d=%0d(prompt)``>,html_tag,0
<HtML%0aOnPOInTeReNter%0d=%0d(prompt)``>,html_attribute,0
<HtML%0aOnPOInTeReNter%0d=%0d(prompt)``>,html_text,0
<HtML%0aOnPOInTeReNter%0d=%0d(prompt)``>,script_block,0
<HtML%0aOnPOInTeReNter%0d=%0d(prompt)``>,comment,0
<HtML%0aOnPOInTeReNter%0d=%0d(prompt)``>,url_href,0
<HtML%0aOnPOInTeReNter%0d=%0d(prompt)``>,url_navigation,0
<A%0donPoinTEREnTEr%09=%09confirm()%0dx>v3dm0s,html_tag,1
<A%0donPoinTEREnTEr%09=%09confirm()%0dx>v3dm0s,html_attribute,0
<A%0donPoinTEREnTEr%09=%09confirm()%0dx>v3dm0s,html_text,1
<A%0donPoinTEREnTEr%09=%09confirm()%0dx>v3dm0s,script_block,0
<A%0donPoinTEREnTEr%09=%09confirm()%0dx>v3dm0s,comment,0
<A%0donPoinTEREnTEr%09=%09confirm()%0dx>v3dm0s,url_href,0
<A%0donPoinTEREnTEr%09=%09confirm()%0dx>v3dm0s,url_navigation,0
<dETaILS/+/oNPoinTerEnteR%09=%09(confirm)()%0dx>,html_tag,0
<dETaILS/+/oNPoinTerEnteR%09=%09(confirm)()%0dx>,html_attribute,0
<dETaILS/+/oNPoinTerEnteR%09=%09(confirm)()%0dx>,html_text,0
<dETaILS/+/oNPoinTerEnteR%09=%09(confirm)()%0dx>,script_block,0
<dETaILS/+/oNPoinTerEnteR%09=%09(confirm)()%0dx>,comment,0
<dETaILS/+/oNPoinTerEnteR%09=%09(confirm)()%0dx>,url_href,0
<dETaILS/+/oNPoinTerEnteR%09=%09(confirm)()%0dx>,url_navigation,0
<detaiLs%09onpOiNTERentER%09=%09(confirm)()%0dx//,html_tag,0
<detaiLs%09onpOiNTERentER%09=%09(confirm)()%0dx//,html_attribute,0
<detaiLs%09onpOiNTERentER%09=%09(confirm)()%0dx//,html_text,0
<detaiLs%09onpOiNTERentER%09=%09(confirm)()%0dx//,script_block,0
<detaiLs%09onpOiNTERentER%09=%09(confirm)()%0dx//,comment,0
<detaiLs%09onpOiNTERentER%09=%09(confirm)()%0dx//,url_href,0
<detaiLs%09onpOiNTERentER%09=%09(confirm)()%0dx//,url_navigation,0
<detAilS/+/onToGGLe+=+confirm()//,html_tag,0
<detAilS/+/onToGGLe+=+confirm()//,html_attribute,0
<detAilS/+/onToGGLe+=+confirm()//,html_text,0
<detAilS/+/onToGGLe+=+confirm()//,script_block,0
<detAilS/+/onToGGLe+=+confirm()//,comment,0
<detAilS/+/onToGGLe+=+confirm()//,url_href,0
<detAilS/+/onToGGLe+=+confirm()//,url_navigation,0
"<deTailS%09oNTogGLe%0d=%0da=prompt,a()%0dx//",html_tag,0
"<deTailS%09oNTogGLe%0d=%0da=prompt,a()%0dx//",html_attribute,0
"<deTailS%09oNTogGLe%0d=%0da=prompt,a()%0dx//",html_text,0
"<deTailS%09oNTogGLe%0d=%0da=prompt,a()%0dx//",script_block,0
"<deTailS%09oNTogGLe%0d=%0da=prompt,a()%0dx//",comment,0
"<deTailS%09oNTogGLe%0d=%0da=prompt,a()%0dx//",url_href,0
"<deTailS%09oNTogGLe%0d=%0da=prompt,a()%0dx//",url_navigation,0
"<dEtaiLs/+/oNpoINTEreNtER%0a=%0aa=prompt,a()%0dx//",html_tag,0
"<dEtaiLs/+/oNpoINTEreNtER%0a=%0aa=prompt,a()%0dx//",html_attribute,0
"<dEtaiLs/+/oNpoINTEreNtER%0a=%0aa=prompt,a()%0dx//",html_text,0
"<dEtaiLs/+/oNpoINTEreNtER%0a=%0aa=prompt,a()%0dx//",script_block,0
"<dEtaiLs/+/oNpoINTEreNtER%0a=%0aa=prompt,a()%0dx//",comment,0
"<dEtaiLs/+/oNpoINTEreNtER%0a=%0aa=prompt,a()%0dx//",url_href,0
"<dEtaiLs/+/oNpoINTEreNtER%0a=%0aa=prompt,a()%0dx//",url_navigation,0
<htMl%09oNmOUseOvER%0d=%0d(prompt)``>,html_tag,0
<htMl%09oNmOUseOvER%0d=%0d(prompt)``>,html_attribute,0
<htMl%09oNmOUseOvER%0d=%0d(prompt)``>,html_text,0
<htMl%09oNmOUseOvER%0d=%0d(prompt)``>,script_block,0
<htMl%09oNmOUseOvER%0d=%0d(prompt)``>,comment,0
<htMl%09oNmOUseOvER%0d=%0d(prompt)``>,url_href,0
<htMl%09oNmOUseOvER%0d=%0d(prompt)``>,url_navigation,0
"<A%0donPoInTErENtEr%0d=%0da=prompt,a()>v3dm0s",html_tag,1
"<A%0donPoInTErENtEr%0d=%0da=prompt,a()>v3dm0s",html_attribute,0
"<A%0donPoInTErENtEr%0d=%0da=prompt,a()>v3dm0s",html_text,1
"<A%0donPoInTErENtEr%0d=%0da=prompt,a()>v3dm0s",script_block,0
"<A%0donPoInTErENtEr%0d=%0da=prompt,a()>v3dm0s",comment,0
"<A%0donPoInTErENtEr%0d=%0da=prompt,a()>v3dm0s",url_href,0
"<A%0donPoInTErENtEr%0d=%0da=prompt,a()>v3dm0s",url_navigation,0
<detAiLS%0doNPoinTeReNtER%0d=%0d(confirm)()%0dx//,html_tag,0
<detAiLS%0doNPoinTeReNtER%0d=%0d(confirm)()%0dx//,html_attribute,0
<detAiLS%0doNPoinTeReNtER%0d=%0d(confirm)()%0dx//,html_text,0
<detAiLS%0doNPoinTeReNtER%0d=%0d(confirm)()%0dx//,script_block,0
<detAiLS%0doNPoinTeReNtER%0d=%0d(confirm)()%0dx//,comment,0
<detAiLS%0doNPoinTeReNtER%0d=%0d(confirm)()%0dx//,url_href,0
<detAiLS%0doNPoinTeReNtER%0d=%0d(confirm)()%0dx//,url_navigation,0
"<a%0donmOuseovER+=+a=prompt,a()%0dx>v3dm0s",html_tag,0
"<a%0donmOuseovER+=+a=prompt,a()%0dx>v3dm0s",html_attribute,0
"<a%0donmOuseovER+=+a=prompt,a()%0dx>v3dm0s",html_text,0
"<a%0donmOuseovER+=+a=prompt,a()%0dx>v3dm0s",script_block,0
"<a%0donmOuseovER+=+a=prompt,a()%0dx>v3dm0s",comment,0
"<a%0donmOuseovER+=+a=prompt,a()%0dx>v3dm0s",url_href,0
"<a%0donmOuseovER+=+a=prompt,a()%0dx>v3dm0s",url_navigation,0
<HtML%09oNmOuseoVer+=+confirm()>,html_tag,0
<HtML%09oNmOuseoVer+=+confirm()>,html_attribute,0
<HtML%09oNmOuseoVer+=+confirm()>,html_text,0
<HtML%09oNmOuseoVer+=+confirm()>,script_block,0
<HtML%09oNmOuseoVer+=+confirm()>,comment,0
<HtML%09oNmOuseoVer+=+confirm()>,url_href,0
<HtML%09oNmOuseoVer+=+confirm()>,url_navigation,0
<DETAiLS%0dONtOggle%09=%09(confirm)()%0dx//,html_tag,0
<DETAiLS%0dONtOggle%09=%09(confirm)()%0dx//,html_attribute,0
<DETAiLS%0dONtOggle%09=%09(confirm)()%0dx//,html_text,0
<DETAiLS%0dONtOggle%09=%09(confirm)()%0dx//,script_block,0
<DETAiLS%0dONtOggle%09=%09(confirm)()%0dx//,comment,0
<DETAiLS%0dONtOggle%09=%09(confirm)()%0dx//,url_href,0
<DETAiLS%0dONtOggle%09=%09(confirm)()%0dx//,url_navigation,0
<D3v/+/ONPoinTeRENTER%0a=%0a(prompt)``>v3dm0s,html_tag,1
<D3v/+/ONPoinTeRENTER%0a=%0a(prompt)``>v3dm0s,html_attribute,0
<D3v/+/ONPoinTeRENTER%0a=%0a(prompt)``>v3dm0s,html_text,1
<D3v/+/ONPoinTeRENTER%0a=%0a(prompt)``>v3dm0s,script_block,0
<D3v/+/ONPoinTeRENTER%0a=%0a(prompt)``>v3dm0s,comment,0
<D3v/+/ONPoinTeRENTER%0a=%0a(prompt)``>v3dm0s,url_href,0
<D3v/+/ONPoinTeRENTER%0a=%0a(prompt)``>v3dm0s,url_navigation,0
<html%0donmOuSEoVer%0d=%0d(prompt)``%0dx//,html_tag,0
<html%0donmOuSEoVer%0d=%0d(prompt)``%0dx//,html_attribute,0
<html%0donmOuSEoVer%0d=%0d(prompt)``%0dx//,html_text,0
<html%0donmOuSEoVer%0d=%0d(prompt)``%0dx//,script_block,0
<html%0donmOuSEoVer%0d=%0d(prompt)``%0dx//,comment,0
<html%0donmOuSEoVer%0d=%0d(prompt)``%0dx//,url_href,0
<html%0donmOuSEoVer%0d=%0d(prompt)``%0dx//,url_navigation,0
<HtML%09onPoiNterEnTer+=+confirm()%0dx>,html_tag,0
<HtML%09onPoiNterEnTer+=+confirm()%0dx>,html_attribute,0
<HtML%09onPoiNterEnTer+=+confirm()%0dx>,html_text,0
<HtML%09onPoiNterEnTer+=+confirm()%0dx>,script_block,0
<HtML%09onPoiNterEnTer+=+confirm()%0dx>,comment,0
<HtML%09onPoiNterEnTer+=+confirm()%0dx>,url_href,0
<HtML%09onPoiNterEnTer+=+confirm()%0dx>,url_navigation,0
<D3V%0dOnpoiNtEREnteR%0d=%0d(confirm)()%0dx>v3dm0s,html_tag,1
<D3V%0dOnpoiNtEREnteR%0d=%0d(confirm)()%0dx>v3dm0s,html_attribute,0
<D3V%0dOnpoiNtEREnteR%0d=%0d(confirm)()%0dx>v3dm0s,html_text,1
<D3V%0dOnpoiNtEREnteR%0d=%0d(confirm)()%0dx>v3dm0s,script_block,0
<D3V%0dOnpoiNtEREnteR%0d=%0d(confirm)()%0dx>v3dm0s,comment,0
<D3V%0dOnpoiNtEREnteR%0d=%0d(confirm)()%0dx>v3dm0s,url_href,0
<D3V%0dOnpoiNtEREnteR%0d=%0d(confirm)()%0dx>v3dm0s,url_navigation,0
<D3v%09onMOUSEoVer+=+confirm()>v3dm0s,html_tag,0
<D3v%09onMOUSEoVer+=+confirm()>v3dm0s,html_attribute,0
<D3v%09onMOUSEoVer+=+confirm()>v3dm0s,html_text,0
<D3v%09onMOUSEoVer+=+confirm()>v3dm0s,script_block,0
<D3v%09onMOUSEoVer+=+confirm()>v3dm0s,comment,0
<D3v%09onMOUSEoVer+=+confirm()>v3dm0s,url_href,0
<D3v%09onMOUSEoVer+=+confirm()>v3dm0s,url_navigation,0
<DeTaIls/+/ontOGgLe%09=%09confirm()>,html_tag,0
<DeTaIls/+/ontOGgLe%09=%09confirm()>,html_attribute,0
<DeTaIls/+/ontOGgLe%09=%09confirm()>,html_text,0
<DeTaIls/+/ontOGgLe%09=%09confirm()>,script_block,0
<DeTaIls/+/ontOGgLe%09=%09confirm()>,comment,0
<DeTaIls/+/ontOGgLe%09=%09confirm()>,url_href,0
<DeTaIls/+/ontOGgLe%09=%09confirm()>,url_navigation,0
<d3v%0doNpoIntErEntEr+=+[8].find(confirm)>v3dm0s,html_tag,0
<d3v%0doNpoIntErEntEr+=+[8].find(confirm)>v3dm0s,html_attribute,0
<d3v%0doNpoIntErEntEr+=+[8].find(confirm)>v3dm0s,html_text,0
<d3v%0doNpoIntErEntEr+=+[8].find(confirm)>v3dm0s,script_block,0
<d3v%0doNpoIntErEntEr+=+[8].find(confirm)>v3dm0s,comment,0
<d3v%0doNpoIntErEntEr+=+[8].find(confirm)>v3dm0s,url_href,0
<d3v%0doNpoIntErEntEr+=+[8].find(confirm)>v3dm0s,url_navigation,0
"<HTML%0aoNpoINTEreNteR%09=%09a=prompt,a()>",html_tag,0
"<HTML%0aoNpoINTEreNteR%09=%09a=prompt,a()>",html_attribute,0
"<HTML%0aoNpoINTEreNteR%09=%09a=prompt,a()>",html_text,0
"<HTML%0aoNpoINTEreNteR%09=%09a=prompt,a()>",script_block,0
"<HTML%0aoNpoINTEreNteR%09=%09a=prompt,a()>",comment,0
"<HTML%0aoNpoINTEreNteR%09=%09a=prompt,a()>",url_href,0
"<HTML%0aoNpoINTEreNteR%09=%09a=prompt,a()>",url_navigation,0
"<detAIls%0doNpOinTErEnteR%0a=%0aa=prompt,a()>",html_tag,0
"<detAIls%0doNpOinTErEnteR%0a=%0aa=prompt,a()>",html_attribute,0
"<detAIls%0doNpOinTErEnteR%0a=%0aa=prompt,a()>",html_text,0
"<detAIls%0doNpOinTErEnteR%0a=%0aa=prompt,a()>",script_block,0
"<detAIls%0doNpOinTErEnteR%0a=%0aa=prompt,a()>",comment,0
"<detAIls%0doNpOinTErEnteR%0a=%0aa=prompt,a()>",url_href,0
"<detAIls%0doNpOinTErEnteR%0a=%0aa=prompt,a()>",url_navigation,0
<d3V/+/OnMOusEoVeR+=+[8].find(confirm)>v3dm0s,html_tag,0
<d3V/+/OnMOusEoVeR+=+[8].find(confirm)>v3dm0s,html_attribute,0
<d3V/+/OnMOusEoVeR+=+[8].find(confirm)>v3dm0s,html_text,0
<d3V/+/OnMOusEoVeR+=+[8].find(confirm)>v3dm0s,script_block,0
<d3V/+/OnMOusEoVeR+=+[8].find(confirm)>v3dm0s,comment,0
<d3V/+/OnMOusEoVeR+=+[8].find(confirm)>v3dm0s,url_href,0
<d3V/+/OnMOusEoVeR+=+[8].find(confirm)>v3dm0s,url_navigation,0
<dEtaiLS%0aOnTOgGle%0a=%0aconfirm()%0dx//,html_tag,0
<dEtaiLS%0aOnTOgGle%0a=%0aconfirm()%0dx//,html_attribute,0
<dEtaiLS%0aOnTOgGle%0a=%0aconfirm()%0dx//,html_text,0
<dEtaiLS%0aOnTOgGle%0a=%0aconfirm()%0dx//,script_block,0
<dEtaiLS%0aOnTOgGle%0a=%0aconfirm()%0dx//,comment,0
<dEtaiLS%0aOnTOgGle%0a=%0aconfirm()%0dx//,url_href,0
<dEtaiLS%0aOnTOgGle%0a=%0aconfirm()%0dx//,url_navigation,0
<A%0aOnMOUSeOver%09=%09(confirm)()%0dx>v3dm0s,html_tag,1
<A%0aOnMOUSeOver%09=%09(confirm)()%0dx>v3dm0s,html_attribute,0
<A%0aOnMOUSeOver%09=%09(confirm)()%0dx>v3dm0s,html_text,1
<A%0aOnMOUSeOver%09=%09(confirm)()%0dx>v3dm0s,script_block,0
<A%0aOnMOUSeOver%09=%09(confirm)()%0dx>v3dm0s,comment,0
<A%0aOnMOUSeOver%09=%09(confirm)()%0dx>v3dm0s,url_href,0
<A%0aOnMOUSeOver%09=%09(confirm)()%0dx>v3dm0s,url_navigation,0
<A%0aONmOUSEOvEr%0d=%0d(prompt)``>v3dm0s,html_tag,1
<A%0aONmOUSEOvEr%0d=%0d(prompt)``>v3dm0s,html_attribute,0
<A%0aONmOUSEOvEr%0d=%0d(prompt)``>v3dm0s,html_text,1
<A%0aONmOUSEOvEr%0d=%0d(prompt)``>v3dm0s,script_block,0
<A%0aONmOUSEOvEr%0d=%0d(prompt)``>v3dm0s,comment,0
<A%0aONmOUSEOvEr%0d=%0d(prompt)``>v3dm0s,url_href,0
<A%0aONmOUSEOvEr%0d=%0d(prompt)``>v3dm0s,url_navigation,0
<detaiLS%0doNPOinTeRenTeR%09=%09[8].find(confirm)%0dx//,html_tag,0
<detaiLS%0doNPOinTeRenTeR%09=%09[8].find(confirm)%0dx//,html_attribute,0
<detaiLS%0doNPOinTeRenTeR%09=%09[8].find(confirm)%0dx//,html_text,0
<detaiLS%0doNPOinTeRenTeR%09=%09[8].find(confirm)%0dx//,script_block,0
<detaiLS%0doNPOinTeRenTeR%09=%09[8].find(confirm)%0dx//,comment,0
<detaiLS%0doNPOinTeRenTeR%09=%09[8].find(confirm)%0dx//,url_href,0
<detaiLS%0doNPOinTeRenTeR%09=%09[8].find(confirm)%0dx//,url_navigation,0
<a/+/ONMOUsEovER%09=%09(confirm)()>v3dm0s,html_tag,1
<a/+/ONMOUsEovER%09=%09(confirm)()>v3dm0s,html_attribute,0
<a/+/ONMOUsEovER%09=%09(confirm)()>v3dm0s,html_text,1
<a/+/ONMOUsEovER%09=%09(confirm)()>v3dm0s,script_block,0
<a/+/ONMOUsEovER%09=%09(confirm)()>v3dm0s,comment,0
<a/+/ONMOUsEovER%09=%09(confirm)()>v3dm0s,url_href,0
<a/+/ONMOUsEovER%09=%09(confirm)()>v3dm0s,url_navigation,0
<A%0aoNmOusEOVEr%0d=%0dconfirm()>v3dm0s,html_tag,1
<A%0aoNmOusEOVEr%0d=%0dconfirm()>v3dm0s,html_attribute,0
<A%0aoNmOusEOVEr%0d=%0dconfirm()>v3dm0s,html_text,1
<A%0aoNmOusEOVEr%0d=%0dconfirm()>v3dm0s,script_block,0
<A%0aoNmOusEOVEr%0d=%0dconfirm()>v3dm0s,comment,0
<A%0aoNmOusEOVEr%0d=%0dconfirm()>v3dm0s,url_href,0
<A%0aoNmOusEOVEr%0d=%0dconfirm()>v3dm0s,url_navigation,0
"<d3V%09oNpoINtErEntEr%0a=%0aa=prompt,a()%0dx>v3dm0s",html_tag,1
"<d3V%09oNpoINtErEntEr%0a=%0aa=prompt,a()%0dx>v3dm0s",html_attribute,0
"<d3V%09oNpoINtErEntEr%0a=%0aa=prompt,a()%0dx>v3dm0s",html_text,1
"<d3V%09oNpoINtErEntEr%0a=%0aa=prompt,a()%0dx>v3dm0s",script_block,0
"<d3V%09oNpoINtErEntEr%0a=%0aa=prompt,a()%0dx>v3dm0s",comment,0
"<d3V%09oNpoINtErEntEr%0a=%0aa=prompt,a()%0dx>v3dm0s",url_href,0
"<d3V%09oNpoINtErEntEr%0a=%0aa=prompt,a()%0dx>v3dm0s",url_navigation,0
<D3v%0donpoInTeRenTer%0d=%0dconfirm()%0dx>v3dm0s,html_tag,1
<D3v%0donpoInTeRenTer%0d=%0dconfirm()%0dx>v3dm0s,html_attribute,0
<D3v%0donpoInTeRenTer%0d=%0dconfirm()%0dx>v3dm0s,html_text,1
<D3v%0donpoInTeRenTer%0d=%0dconfirm()%0dx>v3dm0s,script_block,0
<D3v%0donpoInTeRenTer%0d=%0dconfirm()%0dx>v3dm0s,comment,0
<D3v%0donpoInTeRenTer%0d=%0dconfirm()%0dx>v3dm0s,url_href,0
<D3v%0donpoInTeRenTer%0d=%0dconfirm()%0dx>v3dm0s,url_navigation,0
"<HtML%0aOnmoUSeoVer%0a=%0aa=prompt,a()>",html_tag,0
"<HtML%0aOnmoUSeoVer%0a=%0aa=prompt,a()>",html_attribute,0
"<HtML%0aOnmoUSeoVer%0a=%0aa=prompt,a()>",html_text,0
"<HtML%0aOnmoUSeoVer%0a=%0aa=prompt,a()>",script_block,0
"<HtML%0aOnmoUSeoVer%0a=%0aa=prompt,a()>",comment,0
"<HtML%0aOnmoUSeoVer%0a=%0aa=prompt,a()>",url_href,0
"<HtML%0aOnmoUSeoVer%0a=%0aa=prompt,a()>",url_navigation,0
<dEtAiLs%0aonPOINteREnTeR%09=%09confirm()//,html_tag,0
<dEtAiLs%0aonPOINteREnTeR%09=%09confirm()//,html_attribute,0
<dEtAiLs%0aonPOINteREnTeR%09=%09confirm()//,html_text,0
<dEtAiLs%0aonPOINteREnTeR%09=%09confirm()//,script_block,0
<dEtAiLs%0aonPOINteREnTeR%09=%09confirm()//,comment,0
<dEtAiLs%0aonPOINteREnTeR%09=%09confirm()//,url_href,0
<dEtAiLs%0aonPOINteREnTeR%09=%09confirm()//,url_navigation,0
<D3v%0dOnMOUSeOveR+=+(prompt)``>v3dm0s,html_tag,0
<D3v%0dOnMOUSeOveR+=+(prompt)``>v3dm0s,html_attribute,0
<D3v%0dOnMOUSeOveR+=+(prompt)``>v3dm0s,html_text,0
<D3v%0dOnMOUSeOveR+=+(prompt)``>v3dm0s,script_block,0
<D3v%0dOnMOUSeOveR+=+(prompt)``>v3dm0s,comment,0
<D3v%0dOnMOUSeOveR+=+(prompt)``>v3dm0s,url_href,0
<D3v%0dOnMOUSeOveR+=+(prompt)``>v3dm0s,url_navigation,0
<htmL%0dOnPoinTERenter+=+(confirm)()%0dx//,html_tag,0
<htmL%0dOnPoinTERenter+=+(confirm)()%0dx//,html_attribute,0
<htmL%0dOnPoinTERenter+=+(confirm)()%0dx//,html_text,0
<htmL%0dOnPoinTERenter+=+(confirm)()%0dx//,script_block,0
<htmL%0dOnPoinTERenter+=+(confirm)()%0dx//,comment,0
<htmL%0dOnPoinTERenter+=+(confirm)()%0dx//,url_href,0
<htmL%0dOnPoinTERenter+=+(confirm)()%0dx//,url_navigation,0
<DetailS%09ONtOGGLe+=+confirm()//,html_tag,0
<DetailS%09ONtOGGLe+=+confirm()//,html_attribute,0
<DetailS%09ONtOGGLe+=+confirm()//,html_text,0
<DetailS%09ONtOGGLe+=+confirm()//,script_block,0
<DetailS%09ONtOGGLe+=+confirm()//,comment,0
<DetailS%09ONtOGGLe+=+confirm()//,url_href,0
<DetailS%09ONtOGGLe+=+confirm()//,url_navigation,0
<a%0aOnPOInTeReNtEr%0d=%0dconfirm()>v3dm0s,html_tag,1
<a%0aOnPOInTeReNtEr%0d=%0dconfirm()>v3dm0s,html_attribute,0
<a%0aOnPOInTeReNtEr%0d=%0dconfirm()>v3dm0s,html_text,1
<a%0aOnPOInTeReNtEr%0d=%0dconfirm()>v3dm0s,script_block,0
<a%0aOnPOInTeReNtEr%0d=%0dconfirm()>v3dm0s,comment,0
<a%0aOnPOInTeReNtEr%0d=%0dconfirm()>v3dm0s,url_href,0
<a%0aOnPOInTeReNtEr%0d=%0dconfirm()>v3dm0s,url_navigation,0
<A%09OnpOInTeRENtER%0d=%0d(prompt)``>v3dm0s,html_tag,1
<A%09OnpOInTeRENtER%0d=%0d(prompt)``>v3dm0s,html_attribute,0
<A%09OnpOInTeRENtER%0d=%0d(prompt)``>v3dm0s,html_text,1
<A%09OnpOInTeRENtER%0d=%0d(prompt)``>v3dm0s,script_block,0
<A%09OnpOInTeRENtER%0d=%0d(prompt)``>v3dm0s,comment,0
<A%09OnpOInTeRENtER%0d=%0d(prompt)``>v3dm0s,url_href,0
<A%09OnpOInTeRENtER%0d=%0d(prompt)``>v3dm0s,url_navigation,0
<detaIlS%0aOnpOiNTeReNTer%0d=%0dconfirm()>,html_tag,0
<detaIlS%0aOnpOiNTeReNTer%0d=%0dconfirm()>,html_attribute,0
<detaIlS%0aOnpOiNTeReNTer%0d=%0dconfirm()>,html_text,0
<detaIlS%0aOnpOiNTeReNTer%0d=%0dconfirm()>,script_block,0
<detaIlS%0aOnpOiNTeReNTer%0d=%0dconfirm()>,comment,0
<detaIlS%0aOnpOiNTeReNTer%0d=%0dconfirm()>,url_href,0
<detaIlS%0aOnpOiNTeReNTer%0d=%0dconfirm()>,url_navigation,0
<A%0dOnpOinTErEnTer%0a=%0a(confirm)()%0dx>v3dm0s,html_tag,1
<A%0dOnpOinTErEnTer%0a=%0a(confirm)()%0dx>v3dm0s,html_attribute,0
<A%0dOnpOinTErEnTer%0a=%0a(confirm)()%0dx>v3dm0s,html_text,1
<A%0dOnpOinTErEnTer%0a=%0a(confirm)()%0dx>v3dm0s,script_block,0
<A%0dOnpOinTErEnTer%0a=%0a(confirm)()%0dx>v3dm0s,comment,0
<A%0dOnpOinTErEnTer%0a=%0a(confirm)()%0dx>v3dm0s,url_href,0
<A%0dOnpOinTErEnTer%0a=%0a(confirm)()%0dx>v3dm0s,url_navigation,0
<A/+/ONmouSEOvEr%0a=%0a[8].find(confirm)%0dx>v3dm0s,html_tag,1
<A/+/ONmouSEOvEr%0a=%0a[8].find(confirm)%0dx>v3dm0s,html_attribute,0
<A/+/ONmouSEOvEr%0a=%0a[8].find(confirm)%0dx>v3dm0s,html_text,1
<A/+/ONmouSEOvEr%0a=%0a[8].find(confirm)%0dx>v3dm0s,script_block,0
<A/+/ONmouSEOvEr%0a=%0a[8].find(confirm)%0dx>v3dm0s,comment,0
<A/+/ONmouSEOvEr%0a=%0a[8].find(confirm)%0dx>v3dm0s,url_href,0
<A/+/ONmouSEOvEr%0a=%0a[8].find(confirm)%0dx>v3dm0s,url_navigation,0
<D3V%09OnpOINTErENtER%0a=%0a(confirm)()>v3dm0s,html_tag,1
<D3V%09OnpOINTErENtER%0a=%0a(confirm)()>v3dm0s,html_attribute,0
<D3V%09OnpOINTErENtER%0a=%0a(confirm)()>v3dm0s,html_text,1
<D3V%09OnpOINTErENtER%0a=%0a(confirm)()>v3dm0s,script_block,0
<D3V%09OnpOINTErENtER%0a=%0a(confirm)()>v3dm0s,comment,0
<D3V%09OnpOINTErENtER%0a=%0a(confirm)()>v3dm0s,url_href,0
<D3V%09OnpOINTErENtER%0a=%0a(confirm)()>v3dm0s,url_navigation,0
<DETAIls%09onTogGLe+=+[8].find(confirm)%0dx//,html_tag,0
<DETAIls%09onTogGLe+=+[8].find(confirm)%0dx//,html_attribute,0
<DETAIls%09onTogGLe+=+[8].find(confirm)%0dx//,html_text,0
<DETAIls%09onTogGLe+=+[8].find(confirm)%0dx//,script_block,0
<DETAIls%09onTogGLe+=+[8].find(confirm)%0dx//,comment,0
<DETAIls%09onTogGLe+=+[8].find(confirm)%0dx//,url_href,0
<DETAIls%09onTogGLe+=+[8].find(confirm)%0dx//,url_navigation,0
<hTML/+/oNPOInTeRENter+=+confirm()//,html_tag,0
<hTML/+/oNPOInTeRENter+=+confirm()//,html_attribute,0
<hTML/+/oNPOInTeRENter+=+confirm()//,html_text,0
<hTML/+/oNPOInTeRENter+=+confirm()//,script_block,0
<hTML/+/oNPOInTeRENter+=+confirm()//,comment,0
<hTML/+/oNPOInTeRENter+=+confirm()//,url_href,0
<hTML/+/oNPOInTeRENter+=+confirm()//,url_navigation,0
<hTmL%09ONPOINTeREnTER%0a=%0a[8].find(confirm)%0dx//,html_tag,0
<hTmL%09ONPOINTeREnTER%0a=%0a[8].find(confirm)%0dx//,html_attribute,0
<hTmL%09ONPOINTeREnTER%0a=%0a[8].find(confirm)%0dx//,html_text,0
<hTmL%09ONPOINTeREnTER%0a=%0a[8].find(confirm)%0dx//,script_block,0
<hTmL%09ONPOINTeREnTER%0a=%0a[8].find(confirm)%0dx//,comment,0
<hTmL%09ONPOINTeREnTER%0a=%0a[8].find(confirm)%0dx//,url_href,0
<hTmL%09ONPOINTeREnTER%0a=%0a[8].find(confirm)%0dx//,url_navigation,0
<HTML/+/onpoiNtEReNter%09=%09(prompt)``>,html_tag,0
<HTML/+/onpoiNtEReNter%09=%09(prompt)``>,html_attribute,0
<HTML/+/onpoiNtEReNter%09=%09(prompt)``>,html_text,0
<HTML/+/onpoiNtEReNter%09=%09(prompt)``>,script_block,0
<HTML/+/onpoiNtEReNter%09=%09(prompt)``>,comment,0
<HTML/+/onpoiNtEReNter%09=%09(prompt)``>,url_href,0
<HTML/+/onpoiNtEReNter%09=%09(prompt)``>,url_navigation,0
"<htmL%0aoNMoUSeOver%09=%09a=prompt,a()>",html_tag,0
"<htmL%0aoNMoUSeOver%09=%09a=prompt,a()>",html_attribute,0
"<htmL%0aoNMoUSeOver%09=%09a=prompt,a()>",html_text,0
"<htmL%0aoNMoUSeOver%09=%09a=prompt,a()>",script_block,0
"<htmL%0aoNMoUSeOver%09=%09a=prompt,a()>",comment,0
"<htmL%0aoNMoUSeOver%09=%09a=prompt,a()>",url_href,0
"<htmL%0aoNMoUSeOver%09=%09a=prompt,a()>",url_navigation,0
<DEtAILs/+/onTogGLE%0a=%0a(confirm)()%0dx>,html_tag,0
<DEtAILs/+/onTogGLE%0a=%0a(confirm)()%0dx>,html_attribute,0
<DEtAILs/+/onTogGLE%0a=%0a(confirm)()%0dx>,html_text,0
<DEtAILs/+/onTogGLE%0a=%0a(confirm)()%0dx>,script_block,0
<DEtAILs/+/onTogGLE%0a=%0a(confirm)()%0dx>,comment,0
<DEtAILs/+/onTogGLE%0a=%0a(confirm)()%0dx>,url_href,0
<DEtAILs/+/onTogGLE%0a=%0a(confirm)()%0dx>,url_navigation,0
<a%09oNpoINteRenTEr+=+confirm()%0dx>v3dm0s,html_tag,0
<a%09oNpoINteRenTEr+=+confirm()%0dx>v3dm0s,html_attribute,0
<a%09oNpoINteRenTEr+=+confirm()%0dx>v3dm0s,html_text,0
<a%09oNpoINteRenTEr+=+confirm()%0dx>v3dm0s,script_block,0
<a%09oNpoINteRenTEr+=+confirm()%0dx>v3dm0s,comment,0
<a%09oNpoINteRenTEr+=+confirm()%0dx>v3dm0s,url_href,0
<a%09oNpoINteRenTEr+=+confirm()%0dx>v3dm0s,url_navigation,0
<hTMl%09ONMoUsEOver%0d=%0dconfirm()%0dx>,html_tag,0
<hTMl%09ONMoUsEOver%0d=%0dconfirm()%0dx>,html_attribute,0
<hTMl%09ONMoUsEOver%0d=%0dconfirm()%0dx>,html_text,0
<hTMl%09ONMoUsEOver%0d=%0dconfirm()%0dx>,script_block,0
<hTMl%09ONMoUsEOver%0d=%0dconfirm()%0dx>,comment,0
<hTMl%09ONMoUsEOver%0d=%0dconfirm()%0dx>,url_href,0
<hTMl%09ONMoUsEOver%0d=%0dconfirm()%0dx>,url_navigation,0
<a%09OnMOUSEOveR%0d=%0d(prompt)``%0dx>v3dm0s,html_tag,1
<a%09OnMOUSEOveR%0d=%0d(prompt)``%0dx>v3dm0s,html_attribute,0
<a%09OnMOUSEOveR%0d=%0d(prompt)``%0dx>v3dm0s,html_text,1
<a%09OnMOUSEOveR%0d=%0d(prompt)``%0dx>v3dm0s,script_block,0
<a%09OnMOUSEOveR%0d=%0d(prompt)``%0dx>v3dm0s,comment,0
<a%09OnMOUSEOveR%0d=%0d(prompt)``%0dx>v3dm0s,url_href,0
<a%09OnMOUSEOveR%0d=%0d(prompt)``%0dx>v3dm0s,url_navigation,0
"<D3v%09ONpOiNTeREntER%09=%09a=prompt,a()>v3dm0s",html_tag,1
"<D3v%09ONpOiNTeREntER%09=%09a=prompt,a()>v3dm0s",html_attribute,0
"<D3v%09ONpOiNTeREntER%09=%09a=prompt,a()>v3dm0s",html_text,1
"<D3v%09ONpOiNTeREntER%09=%09a=prompt,a()>v3dm0s",script_block,0
"<D3v%09ONpOiNTeREntER%09=%09a=prompt,a()>v3dm0s",comment,0
"<D3v%09ONpOiNTeREntER%09=%09a=prompt,a()>v3dm0s",url_href,0
"<D3v%09ONpOiNTeREntER%09=%09a=prompt,a()>v3dm0s",url_navigation,0
<Html%0dONpoiNTEReNtER%09=%09confirm()>,html_tag,0
<Html%0dONpoiNTEReNtER%09=%09confirm()>,html_attribute,0
<Html%0dONpoiNTEReNtER%09=%09confirm()>,html_text,0
<Html%0dONpoiNTEReNtER%09=%09confirm()>,script_block,0
<Html%0dONpoiNTEReNtER%09=%09confirm()>,comment,0
<Html%0dONpoiNTEReNtER%09=%09confirm()>,url_href,0
<Html%0dONpoiNTEReNtER%09=%09confirm()>,url_navigation,0
<D3V%0aonpOINTerENtEr+=+(prompt)``%0dx>v3dm0s,html_tag,0
<D3V%0aonpOINTerENtEr+=+(prompt)``%0dx>v3dm0s,html_attribute,0
<D3V%0aonpOINTerENtEr+=+(prompt)``%0dx>v3dm0s,html_text,0
<D3V%0aonpOINTerENtEr+=+(prompt)``%0dx>v3dm0s,script_block,0
<D3V%0aonpOINTerENtEr+=+(prompt)``%0dx>v3dm0s,comment,0
<D3V%0aonpOINTerENtEr+=+(prompt)``%0dx>v3dm0s,url_href,0
<D3V%0aonpOINTerENtEr+=+(prompt)``%0dx>v3dm0s,url_navigation,0
<HtmL%09oNPOinTErEntER%0d=%0dconfirm()%0dx>,html_tag,0
<HtmL%09oNPOinTErEntER%0d=%0dconfirm()%0dx>,html_attribute,0
<HtmL%09oNPOinTErEntER%0d=%0dconfirm()%0dx>,html_text,0
<HtmL%09oNPOinTErEntER%0d=%0dconfirm()%0dx>,script_block,0
<HtmL%09oNPOinTErEntER%0d=%0dconfirm()%0dx>,comment,0
<HtmL%09oNPOinTErEntER%0d=%0dconfirm()%0dx>,url_href,0
<HtmL%09oNPOinTErEntER%0d=%0dconfirm()%0dx>,url_navigation,0
<a%09ONmoUseovEr%09=%09confirm()>v3dm0s,html_tag,1
<a%09ONmoUseovEr%09=%09confirm()>v3dm0s,html_attribute,0
<a%09ONmoUseovEr%09=%09confirm()>v3dm0s,html_text,1
<a%09ONmoUseovEr%09=%09confirm()>v3dm0s,script_block,0
<a%09ONmoUseovEr%09=%09confirm()>v3dm0s,comment,0
<a%09ONmoUseovEr%09=%09confirm()>v3dm0s,url_href,0
<a%09ONmoUseovEr%09=%09confirm()>v3dm0s,url_navigation,0
<a/+/oNMousEoVeR%09=%09(prompt)``%0dx>v3dm0s,html_tag,1
<a/+/oNMousEoVeR%09=%09(prompt)``%0dx>v3dm0s,html_attribute,0
<a/+/oNMousEoVeR%09=%09(prompt)``%0dx>v3dm0s,html_text,1
<a/+/oNMousEoVeR%09=%09(prompt)``%0dx>v3dm0s,script_block,0
<a/+/oNMousEoVeR%09=%09(prompt)``%0dx>v3dm0s,comment,0
<a/+/oNMousEoVeR%09=%09(prompt)``%0dx>v3dm0s,url_href,0
<a/+/oNMousEoVeR%09=%09(prompt)``%0dx>v3dm0s,url_navigation,0
"<html%0aONpOIntEreNTER%0d=%0da=prompt,a()%0dx>",html_tag,0
"<html%0aONpOIntEreNTER%0d=%0da=prompt,a()%0dx>",html_attribute,0
"<html%0aONpOIntEreNTER%0d=%0da=prompt,a()%0dx>",html_text,0
"<html%0aONpOIntEreNTER%0d=%0da=prompt,a()%0dx>",script_block,0
"<html%0aONpOIntEreNTER%0d=%0da=prompt,a()%0dx>",comment,0
"<html%0aONpOIntEreNTER%0d=%0da=prompt,a()%0dx>",url_href,0
"<html%0aONpOIntEreNTER%0d=%0da=prompt,a()%0dx>",url_navigation,0
<D3v%0aonPoiNteREntEr+=+(confirm)()>v3dm0s,html_tag,0
<D3v%0aonPoiNteREntEr+=+(confirm)()>v3dm0s,html_attribute,0
<D3v%0aonPoiNteREntEr+=+(confirm)()>v3dm0s,html_text,0
<D3v%0aonPoiNteREntEr+=+(confirm)()>v3dm0s,script_block,0
<D3v%0aonPoiNteREntEr+=+(confirm)()>v3dm0s,comment,0
<D3v%0aonPoiNteREntEr+=+(confirm)()>v3dm0s,url_href,0
<D3v%0aonPoiNteREntEr+=+(confirm)()>v3dm0s,url_navigation,0
"<D3v/+/onPOinterentEr%0d=%0da=prompt,a()>v3dm0s",html_tag,1
"<D3v/+/onPOinterentEr%0d=%0da=prompt,a()>v3dm0s",html_attribute,0
"<D3v/+/onPOinterentEr%0d=%0da=prompt,a()>v3dm0s",html_text,1
"<D3v/+/onPOinterentEr%0d=%0da=prompt,a()>v3dm0s",script_block,0
"<D3v/+/onPOinterentEr%0d=%0da=prompt,a()>v3dm0s",comment,0
"<D3v/+/onPOinterentEr%0d=%0da=prompt,a()>v3dm0s",url_href,0
"<D3v/+/onPOinterentEr%0d=%0da=prompt,a()>v3dm0s",url_navigation,0
<HtMl%0dOnPoinTEREnTeR%0a=%0aconfirm()>,html_tag,0
<HtMl%0dOnPoinTEREnTeR%0a=%0aconfirm()>,html_attribute,0
<HtMl%0dOnPoinTEREnTeR%0a=%0aconfirm()>,html_text,0
<HtMl%0dOnPoinTEREnTeR%0a=%0aconfirm()>,script_block,0
<HtMl%0dOnPoinTEREnTeR%0a=%0aconfirm()>,comment,0
<HtMl%0dOnPoinTEREnTeR%0a=%0aconfirm()>,url_href,0
<HtMl%0dOnPoinTEREnTeR%0a=%0aconfirm()>,url_navigation,0
<a%09OnpOiNteRentEr%0a=%0a(confirm)()>v3dm0s,html_tag,1
<a%09OnpOiNteRentEr%0a=%0a(confirm)()>v3dm0s,html_attribute,0
<a%09OnpOiNteRentEr%0a=%0a(confirm)()>v3dm0s,html_text,1
<a%09OnpOiNteRentEr%0a=%0a(confirm)()>v3dm0s,script_block,0
<a%09OnpOiNteRentEr%0a=%0a(confirm)()>v3dm0s,comment,0
<a%09OnpOiNteRentEr%0a=%0a(confirm)()>v3dm0s,url_href,0
<a%09OnpOiNteRentEr%0a=%0a(confirm)()>v3dm0s,url_navigation,0
<HtML/+/oNPOINtERENter+=+confirm()%0dx//,html_tag,0
<HtML/+/oNPOINtERENter+=+confirm()%0dx//,html_attribute,0
<HtML/+/oNPOINtERENter+=+confirm()%0dx//,html_text,0
<HtML/+/oNPOINtERENter+=+confirm()%0dx//,script_block,0
<HtML/+/oNPOINtERENter+=+confirm()%0dx//,comment,0
<HtML/+/oNPOINtERENter+=+confirm()%0dx//,url_href,0
<HtML/+/oNPOINtERENter+=+confirm()%0dx//,url_navigation,0
<DETaIls/+/onPOintEreNTeR%0d=%0dconfirm()//,html_tag,0
<DETaIls/+/onPOintEreNTeR%0d=%0dconfirm()//,html_attribute,0
<DETaIls/+/onPOintEreNTeR%0d=%0dconfirm()//,html_text,0
<DETaIls/+/onPOintEreNTeR%0d=%0dconfirm()//,script_block,0
<DETaIls/+/onPOintEreNTeR%0d=%0dconfirm()//,comment,0
<DETaIls/+/onPOintEreNTeR%0d=%0dconfirm()//,url_href,0
<DETaIls/+/onPOintEreNTeR%0d=%0dconfirm()//,url_navigation,0
<Html%0dONPoINteREnTer%0a=%0a[8].find(confirm)%0dx>,html_tag,0
<Html%0dONPoINteREnTer%0a=%0a[8].find(confirm)%0dx>,html_attribute,0
<Html%0dONPoINteREnTer%0a=%0a[8].find(confirm)%0dx>,html_text,0
<Html%0dONPoINteREnTer%0a=%0a[8].find(confirm)%0dx>,script_block,0
<Html%0dONPoINteREnTer%0a=%0a[8].find(confirm)%0dx>,comment,0
<Html%0dONPoINteREnTer%0a=%0a[8].find(confirm)%0dx>,url_href,0
<Html%0dONPoINteREnTer%0a=%0a[8].find(confirm)%0dx>,url_navigation,0
<DEtaILS%0dONPoInTeRENTeR%0a=%0aconfirm()//,html_tag,0
<DEtaILS%0dONPoInTeRENTeR%0a=%0aconfirm()//,html_attribute,0
<DEtaILS%0dONPoInTeRENTeR%0a=%0aconfirm()//,html_text,0
<DEtaILS%0dONPoInTeRENTeR%0a=%0aconfirm()//,script_block,0
<DEtaILS%0dONPoInTeRENTeR%0a=%0aconfirm()//,comment,0
<DEtaILS%0dONPoInTeRENTeR%0a=%0aconfirm()//,url_href,0
<DEtaILS%0dONPoInTeRENTeR%0a=%0aconfirm()//,url_navigation,0
<dETailS%0dontoGglE+=+confirm()%0dx//,html_tag,0
<dETailS%0dontoGglE+=+confirm()%0dx//,html_attribute,0
<dETailS%0dontoGglE+=+confirm()%0dx//,html_text,0
<dETailS%0dontoGglE+=+confirm()%0dx//,script_block,0
<dETailS%0dontoGglE+=+confirm()%0dx//,comment,0
<dETailS%0dontoGglE+=+confirm()%0dx//,url_href,0
<dETailS%0dontoGglE+=+confirm()%0dx//,url_navigation,0
"<D3V%0aONmousEoveR%0a=%0aa=prompt,a()%0dx>v3dm0s",html_tag,1
"<D3V%0aONmousEoveR%0a=%0aa=prompt,a()%0dx>v3dm0s",html_attribute,0
"<D3V%0aONmousEoveR%0a=%0aa=prompt,a()%0dx>v3dm0s",html_text,1
"<D3V%0aONmousEoveR%0a=%0aa=prompt,a()%0dx>v3dm0s",script_block,0
"<D3V%0aONmousEoveR%0a=%0aa=prompt,a()%0dx>v3dm0s",comment,0
"<D3V%0aONmousEoveR%0a=%0aa=prompt,a()%0dx>v3dm0s",url_href,0
"<D3V%0aONmousEoveR%0a=%0aa=prompt,a()%0dx>v3dm0s",url_navigation,0
"<DEtaILs%0dOnTOgGLE+=+a=prompt,a()>",html_tag,0
"<DEtaILs%0dOnTOgGLE+=+a=prompt,a()>",html_attribute,0
"<DEtaILs%0dOnTOgGLE+=+a=prompt,a()>",html_text,0
"<DEtaILs%0dOnTOgGLE+=+a=prompt,a()>",script_block,0
"<DEtaILs%0dOnTOgGLE+=+a=prompt,a()>",comment,0
"<DEtaILs%0dOnTOgGLE+=+a=prompt,a()>",url_href,0
"<DEtaILs%0dOnTOgGLE+=+a=prompt,a()>",url_navigation,0
"<hTMl%0aOnPOINterenTer%09=%09a=prompt,a()%0dx//",html_tag,0
"<hTMl%0aOnPOINterenTer%09=%09a=prompt,a()%0dx//",html_attribute,0
"<hTMl%0aOnPOINterenTer%09=%09a=prompt,a()%0dx//",html_text,0
"<hTMl%0aOnPOINterenTer%09=%09a=prompt,a()%0dx//",script_block,0
"<hTMl%0aOnPOINterenTer%09=%09a=prompt,a()%0dx//",comment,0
"<hTMl%0aOnPOINterenTer%09=%09a=prompt,a()%0dx//",url_href,0
"<hTMl%0aOnPOINterenTer%09=%09a=prompt,a()%0dx//",url_navigation,0
<dEtaIls%09onTOGGLE%09=%09(confirm)()%0dx//,html_tag,0
<dEtaIls%09onTOGGLE%09=%09(confirm)()%0dx//,html_attribute,0
<dEtaIls%09onTOGGLE%09=%09(confirm)()%0dx//,html_text,0
<dEtaIls%09onTOGGLE%09=%09(confirm)()%0dx//,script_block,0
<dEtaIls%09onTOGGLE%09=%09(confirm)()%0dx//,comment,0
<dEtaIls%09onTOGGLE%09=%09(confirm)()%0dx//,url_href,0
<dEtaIls%09onTOGGLE%09=%09(confirm)()%0dx//,url_navigation,0
<detaIlS/+/ontoGGle+=+[8].find(confirm)>,html_tag,0
<detaIlS/+/ontoGGle+=+[8].find(confirm)>,html_attribute,0
<detaIlS/+/ontoGGle+=+[8].find(confirm)>,html_text,0
<detaIlS/+/ontoGGle+=+[8].find(confirm)>,script_block,0
<detaIlS/+/ontoGGle+=+[8].find(confirm)>,comment,0
<detaIlS/+/ontoGGle+=+[8].find(confirm)>,url_href,0
<detaIlS/+/ontoGGle+=+[8].find(confirm)>,url_navigation,0
<a%0dOnmoUseOveR+=+(confirm)()>v3dm0s,html_tag,0
<a%0dOnmoUseOveR+=+(confirm)()>v3dm0s,html_attribute,0
<a%0dOnmoUseOveR+=+(confirm)()>v3dm0s,html_text,0
<a%0dOnmoUseOveR+=+(confirm)()>v3dm0s,script_block,0
<a%0dOnmoUseOveR+=+(confirm)()>v3dm0s,comment,0
<a%0dOnmoUseOveR+=+(confirm)()>v3dm0s,url_href,0
<a%0dOnmoUseOveR+=+(confirm)()>v3dm0s,url_navigation,0
<a%09ONpOiNTerEnTEr%09=%09[8].find(confirm)>v3dm0s,html_tag,1
<a%09ONpOiNTerEnTEr%09=%09[8].find(confirm)>v3dm0s,html_attribute,0
<a%09ONpOiNTerEnTEr%09=%09[8].find(confirm)>v3dm0s,html_text,1
<a%09ONpOiNTerEnTEr%09=%09[8].find(confirm)>v3dm0s,script_block,0
<a%09ONpOiNTerEnTEr%09=%09[8].find(confirm)>v3dm0s,comment,0
<a%09ONpOiNTerEnTEr%09=%09[8].find(confirm)>v3dm0s,url_href,0
<a%09ONpOiNTerEnTEr%09=%09[8].find(confirm)>v3dm0s,url_navigation,0
<D3V/+/ONpOiNterentER%09=%09confirm()>v3dm0s,html_tag,1
<D3V/+/ONpOiNterentER%09=%09confirm()>v3dm0s,html_attribute,0
<D3V/+/ONpOiNterentER%09=%09confirm()>v3dm0s,html_text,1
<D3V/+/ONpOiNterentER%09=%09confirm()>v3dm0s,script_block,0
<D3V/+/ONpOiNterentER%09=%09confirm()>v3dm0s,comment,0
<D3V/+/ONpOiNterentER%09=%09confirm()>v3dm0s,url_href,0
<D3V/+/ONpOiNterentER%09=%09confirm()>v3dm0s,url_navigation,0
<HTmL%0dOnMOuSEOVeR%09=%09(confirm)()%0dx//,html_tag,0
<HTmL%0dOnMOuSEOVeR%09=%09(confirm)()%0dx//,html_attribute,0
<HTmL%0dOnMOuSEOVeR%09=%09(confirm)()%0dx//,html_text,0
<HTmL%0dOnMOuSEOVeR%09=%09(confirm)()%0dx//,script_block,0
<HTmL%0dOnMOuSEOVeR%09=%09(confirm)()%0dx//,comment,0
<HTmL%0dOnMOuSEOVeR%09=%09(confirm)()%0dx//,url_href,0
<HTmL%0dOnMOuSEOVeR%09=%09(confirm)()%0dx//,url_navigation,0
<D3v%0dONPoinTEreNtER+=+(prompt)``>v3dm0s,html_tag,0
<D3v%0dONPoinTEreNtER+=+(prompt)``>v3dm0s,html_attribute,0
<D3v%0dONPoinTEreNtER+=+(prompt)``>v3dm0s,html_text,0
<D3v%0dONPoinTEreNtER+=+(prompt)``>v3dm0s,script_block,0
<D3v%0dONPoinTEreNtER+=+(prompt)``>v3dm0s,comment,0
<D3v%0dONPoinTEreNtER+=+(prompt)``>v3dm0s,url_href,0
<D3v%0dONPoinTEreNtER+=+(prompt)``>v3dm0s,url_navigation,0
<a%0aonMOusEoveR%0a=%0aconfirm()%0dx>v3dm0s,html_tag,1
<a%0aonMOusEoveR%0a=%0aconfirm()%0dx>v3dm0s,html_attribute,0
<a%0aonMOusEoveR%0a=%0aconfirm()%0dx>v3dm0s,html_text,1
<a%0aonMOusEoveR%0a=%0aconfirm()%0dx>v3dm0s,script_block,0
<a%0aonMOusEoveR%0a=%0aconfirm()%0dx>v3dm0s,comment,0
<a%0aonMOusEoveR%0a=%0aconfirm()%0dx>v3dm0s,url_href,0
<a%0aonMOusEoveR%0a=%0aconfirm()%0dx>v3dm0s,url_navigation,0
"<d3V%09oNpoiNTerENTER%09=%09a=prompt,a()>v3dm0s",html_tag,1
"<d3V%09oNpoiNTerENTER%09=%09a=prompt,a()>v3dm0s",html_attribute,0
"<d3V%09oNpoiNTerENTER%09=%09a=prompt,a()>v3dm0s",html_text,1
"<d3V%09oNpoiNTerENTER%09=%09a=prompt,a()>v3dm0s",script_block,0
"<d3V%09oNpoiNTerENTER%09=%09a=prompt,a()>v3dm0s",comment,0
"<d3V%09oNpoiNTerENTER%09=%09a=prompt,a()>v3dm0s",url_href,0
"<d3V%09oNpoiNTerENTER%09=%09a=prompt,a()>v3dm0s",url_navigation,0
<HTML%0dOnMoUseOver%09=%09confirm()//,html_tag,0
<HTML%0dOnMoUseOver%09=%09confirm()//,html_attribute,0
<HTML%0dOnMoUseOver%09=%09confirm()//,html_text,0
<HTML%0dOnMoUseOver%09=%09confirm()//,script_block,0
<HTML%0dOnMoUseOver%09=%09confirm()//,comment,0
<HTML%0dOnMoUseOver%09=%09confirm()//,url_href,0
<HTML%0dOnMoUseOver%09=%09confirm()//,url_navigation,0
<detaILs%0dontOGgLe+=+(prompt)``>,html_tag,0
<detaILs%0dontOGgLe+=+(prompt)``>,html_attribute,0
<detaILs%0dontOGgLe+=+(prompt)``>,html_text,0
<detaILs%0dontOGgLe+=+(prompt)``>,script_block,0
<detaILs%0dontOGgLe+=+(prompt)``>,comment,0
<detaILs%0dontOGgLe+=+(prompt)``>,url_href,0
<detaILs%0dontOGgLe+=+(prompt)``>,url_navigation,0
<DeTAilS%09OnPoInTEREnTer%0a=%0aconfirm()%0dx//,html_tag,0
<DeTAilS%09OnPoInTEREnTer%0a=%0aconfirm()%0dx//,html_attribute,0
<DeTAilS%09OnPoInTEREnTer%0a=%0aconfirm()%0dx//,html_text,0
<DeTAilS%09OnPoInTEREnTer%0a=%0aconfirm()%0dx//,script_block,0
<DeTAilS%09OnPoInTEREnTer%0a=%0aconfirm()%0dx//,comment,0
<DeTAilS%09OnPoInTEREnTer%0a=%0aconfirm()%0dx//,url_href,0
<DeTAilS%09OnPoInTEREnTer%0a=%0aconfirm()%0dx//,url_navigation,0
<deTAILS/+/OnpOinTeREntEr%0d=%0dconfirm()%0dx//,html_tag,0
<deTAILS/+/OnpOinTeREntEr%0d=%0dconfirm()%0dx//,html_attribute,0
<deTAILS/+/OnpOinTeREntEr%0d=%0dconfirm()%0dx//,html_text,0
<deTAILS/+/OnpOinTeREntEr%0d=%0dconfirm()%0dx//,script_block,0
<deTAILS/+/OnpOinTeREntEr%0d=%0dconfirm()%0dx//,comment,0
<deTAILS/+/OnpOinTeREntEr%0d=%0dconfirm()%0dx//,url_href,0
<deTAILS/+/OnpOinTeREntEr%0d=%0dconfirm()%0dx//,url_navigation,0
<dEtAilS%0dONTogglE+=+confirm()>,html_tag,0
<dEtAilS%0dONTogglE+=+confirm()>,html_attribute,0
<dEtAilS%0dONTogglE+=+confirm()>,html_text,0
<dEtAilS%0dONTogglE+=+confirm()>,script_block,0
<dEtAilS%0dONTogglE+=+confirm()>,comment,0
<dEtAilS%0dONTogglE+=+confirm()>,url_href,0
<dEtAilS%0dONTogglE+=+confirm()>,url_navigation,0
<htmL%09onPOiNTERENTER%09=%09confirm()%0dx//,html_tag,0
<htmL%09onPOiNTERENTER%09=%09confirm()%0dx//,html_attribute,0
<htmL%09onPOiNTERENTER%09=%09confirm()%0dx//,html_text,0
<htmL%09onPOiNTERENTER%09=%09confirm()%0dx//,script_block,0
<htmL%09onPOiNTERENTER%09=%09confirm()%0dx//,comment,0
<htmL%09onPOiNTERENTER%09=%09confirm()%0dx//,url_href,0
<htmL%09onPOiNTERENTER%09=%09confirm()%0dx//,url_navigation,0
<d3V%09oNmoUSEovER%0d=%0dconfirm()%0dx>v3dm0s,html_tag,1
<d3V%09oNmoUSEovER%0d=%0dconfirm()%0dx>v3dm0s,html_attribute,0
<d3V%09oNmoUSEovER%0d=%0dconfirm()%0dx>v3dm0s,html_text,1
<d3V%09oNmoUSEovER%0d=%0dconfirm()%0dx>v3dm0s,script_block,0
<d3V%09oNmoUSEovER%0d=%0dconfirm()%0dx>v3dm0s,comment,0
<d3V%09oNmoUSEovER%0d=%0dconfirm()%0dx>v3dm0s,url_href,0
<d3V%09oNmoUSEovER%0d=%0dconfirm()%0dx>v3dm0s,url_navigation,0
<A/+/ONMOusEOVER%09=%09[8].find(confirm)%0dx>v3dm0s,html_tag,1
<A/+/ONMOusEOVER%09=%09[8].find(confirm)%0dx>v3dm0s,html_attribute,0
<A/+/ONMOusEOVER%09=%09[8].find(confirm)%0dx>v3dm0s,html_text,1
<A/+/ONMOusEOVER%09=%09[8].find(confirm)%0dx>v3dm0s,script_block,0
<A/+/ONMOusEOVER%09=%09[8].find(confirm)%0dx>v3dm0s,comment,0
<A/+/ONMOusEOVER%09=%09[8].find(confirm)%0dx>v3dm0s,url_href,0
<A/+/ONMOusEOVER%09=%09[8].find(confirm)%0dx>v3dm0s,url_navigation,0
<A/+/ONPOiNtERenter+=+(prompt)``%0dx>v3dm0s,html_tag,0
<A/+/ONPOiNtERenter+=+(prompt)``%0dx>v3dm0s,html_attribute,0
<A/+/ONPOiNtERenter+=+(prompt)``%0dx>v3dm0s,html_text,0
<A/+/ONPOiNtERenter+=+(prompt)``%0dx>v3dm0s,script_block,0
<A/+/ONPOiNtERenter+=+(prompt)``%0dx>v3dm0s,comment,0
<A/+/ONPOiNtERenter+=+(prompt)``%0dx>v3dm0s,url_href,0
<A/+/ONPOiNtERenter+=+(prompt)``%0dx>v3dm0s,url_navigation,0
<D3V%0aoNpoiNTERentER%0d=%0dconfirm()%0dx>v3dm0s,html_tag,1
<D3V%0aoNpoiNTERentER%0d=%0dconfirm()%0dx>v3dm0s,html_attribute,0
<D3V%0aoNpoiNTERentER%0d=%0dconfirm()%0dx>v3dm0s,html_text,1
<D3V%0aoNpoiNTERentER%0d=%0dconfirm()%0dx>v3dm0s,script_block,0
<D3V%0aoNpoiNTERentER%0d=%0dconfirm()%0dx>v3dm0s,comment,0
<D3V%0aoNpoiNTERentER%0d=%0dconfirm()%0dx>v3dm0s,url_href,0
<D3V%0aoNpoiNTERentER%0d=%0dconfirm()%0dx>v3dm0s,url_navigation,0
<hTMl/+/ONMOUSEOver+=+(prompt)``//,html_tag,0
<hTMl/+/ONMOUSEOver+=+(prompt)``//,html_attribute,0
<hTMl/+/ONMOUSEOver+=+(prompt)``//,html_text,0
<hTMl/+/ONMOUSEOver+=+(prompt)``//,script_block,0
<hTMl/+/ONMOUSEOver+=+(prompt)``//,comment,0
<hTMl/+/ONMOUSEOver+=+(prompt)``//,url_href,0
<hTMl/+/ONMOUSEOver+=+(prompt)``//,url_navigation,0
<D3v%0aonpOInTeRentEr+=+confirm()%0dx>v3dm0s,html_tag,0
<D3v%0aonpOInTeRentEr+=+confirm()%0dx>v3dm0s,html_attribute,0
<D3v%0aonpOInTeRentEr+=+confirm()%0dx>v3dm0s,html_text,0
<D3v%0aonpOInTeRentEr+=+confirm()%0dx>v3dm0s,script_block,0
<D3v%0aonpOInTeRentEr+=+confirm()%0dx>v3dm0s,comment,0
<D3v%0aonpOInTeRentEr+=+confirm()%0dx>v3dm0s,url_href,0
<D3v%0aonpOInTeRentEr+=+confirm()%0dx>v3dm0s,url_navigation,0
<d3V/+/onMoUsEOVEr%09=%09(confirm)()>v3dm0s,html_tag,1
<d3V/+/onMoUsEOVEr%09=%09(confirm)()>v3dm0s,html_attribute,0
<d3V/+/onMoUsEOVEr%09=%09(confirm)()>v3dm0s,html_text,1
<d3V/+/onMoUsEOVEr%09=%09(confirm)()>v3dm0s,script_block,0
<d3V/+/onMoUsEOVEr%09=%09(confirm)()>v3dm0s,comment,0
<d3V/+/onMoUsEOVEr%09=%09(confirm)()>v3dm0s,url_href,0
<d3V/+/onMoUsEOVEr%09=%09(confirm)()>v3dm0s,url_navigation,0
<detAiLS%0donPoiNteREnter%0d=%0d(prompt)``%0dx>,html_tag,0
<detAiLS%0donPoiNteREnter%0d=%0d(prompt)``%0dx>,html_attribute,0
<detAiLS%0donPoiNteREnter%0d=%0d(prompt)``%0dx>,html_text,0
<detAiLS%0donPoiNteREnter%0d=%0d(prompt)``%0dx>,script_block,0
<detAiLS%0donPoiNteREnter%0d=%0d(prompt)``%0dx>,comment,0
<detAiLS%0donPoiNteREnter%0d=%0d(prompt)``%0dx>,url_href,0
<detAiLS%0donPoiNteREnter%0d=%0d(prompt)``%0dx>,url_navigation,0
<A/+/OnMOuseOvEr%0d=%0d[8].find(confirm)>v3dm0s,html_tag,1
<A/+/OnMOuseOvEr%0d=%0d[8].find(confirm)>v3dm0s,html_attribute,0
<A/+/OnMOuseOvEr%0d=%0d[8].find(confirm)>v3dm0s,html_text,1
<A/+/OnMOuseOvEr%0d=%0d[8].find(confirm)>v3dm0s,script_block,0
<A/+/OnMOuseOvEr%0d=%0d[8].find(confirm)>v3dm0s,comment,0
<A/+/OnMOuseOvEr%0d=%0d[8].find(confirm)>v3dm0s,url_href,0
<A/+/OnMOuseOvEr%0d=%0d[8].find(confirm)>v3dm0s,url_navigation,0
<d3V%09oNMouSeOVeR+=+[8].find(confirm)%0dx>v3dm0s,html_tag,0
<d3V%09oNMouSeOVeR+=+[8].find(confirm)%0dx>v3dm0s,html_attribute,0
<d3V%09oNMouSeOVeR+=+[8].find(confirm)%0dx>v3dm0s,html_text,0
<d3V%09oNMouSeOVeR+=+[8].find(confirm)%0dx>v3dm0s,script_block,0
<d3V%09oNMouSeOVeR+=+[8].find(confirm)%0dx>v3dm0s,comment,0
<d3V%09oNMouSeOVeR+=+[8].find(confirm)%0dx>v3dm0s,url_href,0
<d3V%09oNMouSeOVeR+=+[8].find(confirm)%0dx>v3dm0s,url_navigation,0
"<detAILs%0dOntOGgle%0d=%0da=prompt,a()//",html_tag,0
"<detAILs%0dOntOGgle%0d=%0da=prompt,a()//",html_attribute,0
"<detAILs%0dOntOGgle%0d=%0da=prompt,a()//",html_text,0
"<detAILs%0dOntOGgle%0d=%0da=prompt,a()//",script_block,0
"<detAILs%0dOntOGgle%0d=%0da=prompt,a()//",comment,0
"<detAILs%0dOntOGgle%0d=%0da=prompt,a()//",url_href,0
"<detAILs%0dOntOGgle%0d=%0da=prompt,a()//",url_navigation,0
<D3v%09ONpOiNteREnTER+=+confirm()%0dx>v3dm0s,html_tag,0
<D3v%09ONpOiNteREnTER+=+confirm()%0dx>v3dm0s,html_attribute,0
<D3v%09ONpOiNteREnTER+=+confirm()%0dx>v3dm0s,html_text,0
<D3v%09ONpOiNteREnTER+=+confirm()%0dx>v3dm0s,script_block,0
<D3v%09ONpOiNteREnTER+=+confirm()%0dx>v3dm0s,comment,0
<D3v%09ONpOiNteREnTER+=+confirm()%0dx>v3dm0s,url_href,0
<D3v%09ONpOiNteREnTER+=+confirm()%0dx>v3dm0s,url_navigation,0
<DEtAIls%09ONTOGgle+=+confirm()%0dx>,html_tag,0
<DEtAIls%09ONTOGgle+=+confirm()%0dx>,html_attribute,0
<DEtAIls%09ONTOGgle+=+confirm()%0dx>,html_text,0
<DEtAIls%09ONTOGgle+=+confirm()%0dx>,script_block,0
<DEtAIls%09ONTOGgle+=+confirm()%0dx>,comment,0
<DEtAIls%09ONTOGgle+=+confirm()%0dx>,url_href,0
<DEtAIls%09ONTOGgle+=+confirm()%0dx>,url_navigation,0
<deTaIlS%0aONToggle%09=%09(prompt)``%0dx>,html_tag,0
<deTaIlS%0aONToggle%09=%09(prompt)``%0dx>,html_attribute,0
<deTaIlS%0aONToggle%09=%09(prompt)``%0dx>,html_text,0
<deTaIlS%0aONToggle%09=%09(prompt)``%0dx>,script_block,0
<deTaIlS%0aONToggle%09=%09(prompt)``%0dx>,comment,0
<deTaIlS%0aONToggle%09=%09(prompt)``%0dx>,url_href,0
<deTaIlS%0aONToggle%09=%09(prompt)``%0dx>,url_navigation,0
"<HtML%0aonmOuSEOVEr+=+a=prompt,a()>",html_tag,0
"<HtML%0aonmOuSEOVEr+=+a=prompt,a()>",html_attribute,0
"<HtML%0aonmOuSEOVEr+=+a=prompt,a()>",html_text,0
"<HtML%0aonmOuSEOVEr+=+a=prompt,a()>",script_block,0
"<HtML%0aonmOuSEOVEr+=+a=prompt,a()>",comment,0
"<HtML%0aonmOuSEOVEr+=+a=prompt,a()>",url_href,0
"<HtML%0aonmOuSEOVEr+=+a=prompt,a()>",url_navigation,0
<HTmL%0aOnPOinTERENTeR%0d=%0d(prompt)``//,html_tag,0
<HTmL%0aOnPOinTERENTeR%0d=%0d(prompt)``//,html_attribute,0
<HTmL%0aOnPOinTERENTeR%0d=%0d(prompt)``//,html_text,0
<HTmL%0aOnPOinTERENTeR%0d=%0d(prompt)``//,script_block,0
<HTmL%0aOnPOinTERENTeR%0d=%0d(prompt)``//,comment,0
<HTmL%0aOnPOinTERENTeR%0d=%0d(prompt)``//,url_href,0
<HTmL%0aOnPOinTERENTeR%0d=%0d(prompt)``//,url_navigation,0
"<a%09onMouseOver%0a=%0aa=prompt,a()>v3dm0s",html_tag,1
"<a%09onMouseOver%0a=%0aa=prompt,a()>v3dm0s",html_attribute,0
"<a%09onMouseOver%0a=%0aa=prompt,a()>v3dm0s",html_text,1
"<a%09onMouseOver%0a=%0aa=prompt,a()>v3dm0s",script_block,0
"<a%09onMouseOver%0a=%0aa=prompt,a()>v3dm0s",comment,0
"<a%09onMouseOver%0a=%0aa=prompt,a()>v3dm0s",url_href,0
"<a%09onMouseOver%0a=%0aa=prompt,a()>v3dm0s",url_navigation,0
<HtML%0aoNpOiNTereNTer%0a=%0aconfirm()%0dx//,html_tag,0
<HtML%0aoNpOiNTereNTer%0a=%0aconfirm()%0dx//,html_attribute,0
<HtML%0aoNpOiNTereNTer%0a=%0aconfirm()%0dx//,html_text,0
<HtML%0aoNpOiNTereNTer%0a=%0aconfirm()%0dx//,script_block,0
<HtML%0aoNpOiNTereNTer%0a=%0aconfirm()%0dx//,comment,0
<HtML%0aoNpOiNTereNTer%0a=%0aconfirm()%0dx//,url_href,0
<HtML%0aoNpOiNTereNTer%0a=%0aconfirm()%0dx//,url_navigation,0
<hTMl%09ONPOiNTereNTeR%0d=%0d(prompt)``//,html_tag,0
<hTMl%09ONPOiNTereNTeR%0d=%0d(prompt)``//,html_attribute,0
<hTMl%09ONPOiNTereNTeR%0d=%0d(prompt)``//,html_text,0
<hTMl%09ONPOiNTereNTeR%0d=%0d(prompt)``//,script_block,0
<hTMl%09ONPOiNTereNTeR%0d=%0d(prompt)``//,comment,0
<hTMl%09ONPOiNTereNTeR%0d=%0d(prompt)``//,url_href,0
<hTMl%09ONPOiNTereNTeR%0d=%0d(prompt)``//,url_navigation,0
<d3V%09ONmouseover+=+confirm()%0dx>v3dm0s,html_tag,0
<d3V%09ONmouseover+=+confirm()%0dx>v3dm0s,html_attribute,0
<d3V%09ONmouseover+=+confirm()%0dx>v3dm0s,html_text,0
<d3V%09ONmouseover+=+confirm()%0dx>v3dm0s,script_block,0
<d3V%09ONmouseover+=+confirm()%0dx>v3dm0s,comment,0
<d3V%09ONmouseover+=+confirm()%0dx>v3dm0s,url_href,0
<d3V%09ONmouseover+=+confirm()%0dx>v3dm0s,url_navigation,0
<A/+/ONMOUSeOver%09=%09(confirm)()>v3dm0s,html_tag,1
<A/+/ONMOUSeOver%09=%09(confirm)()>v3dm0s,html_attribute,0
<A/+/ONMOUSeOver%09=%09(confirm)()>v3dm0s,html_text,1
<A/+/ONMOUSeOver%09=%09(confirm)()>v3dm0s,script_block,0
<A/+/ONMOUSeOver%09=%09(confirm)()>v3dm0s,comment,0
<A/+/ONMOUSeOver%09=%09(confirm)()>v3dm0s,url_href,0
<A/+/ONMOUSeOver%09=%09(confirm)()>v3dm0s,url_navigation,0
"<HtML/+/oNmoUseoVeR%09=%09a=prompt,a()>",html_tag,0
"<HtML/+/oNmoUseoVeR%09=%09a=prompt,a()>",html_attribute,0
"<HtML/+/oNmoUseoVeR%09=%09a=prompt,a()>",html_text,0
"<HtML/+/oNmoUseoVeR%09=%09a=prompt,a()>",script_block,0
"<HtML/+/oNmoUseoVeR%09=%09a=prompt,a()>",comment,0
"<HtML/+/oNmoUseoVeR%09=%09a=prompt,a()>",url_href,0
"<HtML/+/oNmoUseoVeR%09=%09a=prompt,a()>",url_navigation,0
<htmL%0aoNmOUsEoveR%0d=%0d[8].find(confirm)%0dx//,html_tag,0
<htmL%0aoNmOUsEoveR%0d=%0d[8].find(confirm)%0dx//,html_attribute,0
<htmL%0aoNmOUsEoveR%0d=%0d[8].find(confirm)%0dx//,html_text,0
<htmL%0aoNmOUsEoveR%0d=%0d[8].find(confirm)%0dx//,script_block,0
<htmL%0aoNmOUsEoveR%0d=%0d[8].find(confirm)%0dx//,comment,0
<htmL%0aoNmOUsEoveR%0d=%0d[8].find(confirm)%0dx//,url_href,0
<htmL%0aoNmOUsEoveR%0d=%0d[8].find(confirm)%0dx//,url_navigation,0
<HtML%09ONpOInTErENter%0a=%0aconfirm()%0dx>,html_tag,0
<HtML%09ONpOInTErENter%0a=%0aconfirm()%0dx>,html_attribute,0
<HtML%09ONpOInTErENter%0a=%0aconfirm()%0dx>,html_text,0
<HtML%09ONpOInTErENter%0a=%0aconfirm()%0dx>,script_block,0
<HtML%09ONpOInTErENter%0a=%0aconfirm()%0dx>,comment,0
<HtML%09ONpOInTErENter%0a=%0aconfirm()%0dx>,url_href,0
<HtML%09ONpOInTErENter%0a=%0aconfirm()%0dx>,url_navigation,0
<d3V%0aONPoINTeREnteR+=+(confirm)()%0dx>v3dm0s,html_tag,0
<d3V%0aONPoINTeREnteR+=+(confirm)()%0dx>v3dm0s,html_attribute,0
<d3V%0aONPoINTeREnteR+=+(confirm)()%0dx>v3dm0s,html_text,0
<d3V%0aONPoINTeREnteR+=+(confirm)()%0dx>v3dm0s,script_block,0
<d3V%0aONPoINTeREnteR+=+(confirm)()%0dx>v3dm0s,comment,0
<d3V%0aONPoINTeREnteR+=+(confirm)()%0dx>v3dm0s,url_href,0
<d3V%0aONPoINTeREnteR+=+(confirm)()%0dx>v3dm0s,url_navigation,0
<d3v%0dONMOUsEOVeR%09=%09[8].find(confirm)>v3dm0s,html_tag,1
<d3v%0dONMOUsEOVeR%09=%09[8].find(confirm)>v3dm0s,html_attribute,0
<d3v%0dONMOUsEOVeR%09=%09[8].find(confirm)>v3dm0s,html_text,1
<d3v%0dONMOUsEOVeR%09=%09[8].find(confirm)>v3dm0s,script_block,0
<d3v%0dONMOUsEOVeR%09=%09[8].find(confirm)>v3dm0s,comment,0
<d3v%0dONMOUsEOVeR%09=%09[8].find(confirm)>v3dm0s,url_href,0
<d3v%0dONMOUsEOVeR%09=%09[8].find(confirm)>v3dm0s,url_navigation,0
"<A%09OnpOINTeReNTER%0a=%0aa=prompt,a()>v3dm0s",html_tag,1
"<A%09OnpOINTeReNTER%0a=%0aa=prompt,a()>v3dm0s",html_attribute,0
"<A%09OnpOINTeReNTER%0a=%0aa=prompt,a()>v3dm0s",html_text,1
"<A%09OnpOINTeReNTER%0a=%0aa=prompt,a()>v3dm0s",script_block,0
"<A%09OnpOINTeReNTER%0a=%0aa=prompt,a()>v3dm0s",comment,0
"<A%09OnpOINTeReNTER%0a=%0aa=prompt,a()>v3dm0s",url_href,0
"<A%09OnpOINTeReNTER%0a=%0aa=prompt,a()>v3dm0s",url_navigation,0
"<Html%0dONMouSEOver%09=%09a=prompt,a()//",html_tag,0
"<Html%0dONMouSEOver%09=%09a=prompt,a()//",html_attribute,0
"<Html%0dONMouSEOver%09=%09a=prompt,a()//",html_text,0
"<Html%0dONMouSEOver%09=%09a=prompt,a()//",script_block,0
"<Html%0dONMouSEOver%09=%09a=prompt,a()//",comment,0
"<Html%0dONMouSEOver%09=%09a=prompt,a()//",url_href,0
"<Html%0dONMouSEOver%09=%09a=prompt,a()//",url_navigation,0
<d3V%0dONmoUSEOVER%09=%09(prompt)``>v3dm0s,html_tag,1
<d3V%0dONmoUSEOVER%09=%09(prompt)``>v3dm0s,html_attribute,0
<d3V%0dONmoUSEOVER%09=%09(prompt)``>v3dm0s,html_text,1
<d3V%0dONmoUSEOVER%09=%09(prompt)``>v3dm0s,script_block,0
<d3V%0dONmoUSEOVER%09=%09(prompt)``>v3dm0s,comment,0
<d3V%0dONmoUSEOVER%09=%09(prompt)``>v3dm0s,url_href,0
<d3V%0dONmoUSEOVER%09=%09(prompt)``>v3dm0s,url_navigation,0
<a%09OnpoINterEnTEr%09=%09(prompt)``>v3dm0s,html_tag,1
<a%09OnpoINterEnTEr%09=%09(prompt)``>v3dm0s,html_attribute,0
<a%09OnpoINterEnTEr%09=%09(prompt)``>v3dm0s,html_text,1
<a%09OnpoINterEnTEr%09=%09(prompt)``>v3dm0s,script_block,0
<a%09OnpoINterEnTEr%09=%09(prompt)``>v3dm0s,comment,0
<a%09OnpoINterEnTEr%09=%09(prompt)``>v3dm0s,url_href,0
<a%09OnpoINterEnTEr%09=%09(prompt)``>v3dm0s,url_navigation,0
<a%09oNmoUSEOvER%0a=%0a(prompt)``%0dx>v3dm0s,html_tag,1
<a%09oNmoUSEOvER%0a=%0a(prompt)``%0dx>v3dm0s,html_attribute,0
<a%09oNmoUSEOvER%0a=%0a(prompt)``%0dx>v3dm0s,html_text,1
<a%09oNmoUSEOvER%0a=%0a(prompt)``%0dx>v3dm0s,script_block,0
<a%09oNmoUSEOvER%0a=%0a(prompt)``%0dx>v3dm0s,comment,0
<a%09oNmoUSEOvER%0a=%0a(prompt)``%0dx>v3dm0s,url_href,0
<a%09oNmoUSEOvER%0a=%0a(prompt)``%0dx>v3dm0s,url_navigation,0
<d3V%0donPoInTErEnter%0d=%0d(confirm)()>v3dm0s,html_tag,1
<d3V%0donPoInTErEnter%0d=%0d(confirm)()>v3dm0s,html_attribute,0
<d3V%0donPoInTErEnter%0d=%0d(confirm)()>v3dm0s,html_text,1
<d3V%0donPoInTErEnter%0d=%0d(confirm)()>v3dm0s,script_block,0
<d3V%0donPoInTErEnter%0d=%0d(confirm)()>v3dm0s,comment,0
<d3V%0donPoInTErEnter%0d=%0d(confirm)()>v3dm0s,url_href,0
<d3V%0donPoInTErEnter%0d=%0d(confirm)()>v3dm0s,url_navigation,0
"<A%09OnmOUSEOver%0d=%0da=prompt,a()>v3dm0s",html_tag,1
"<A%09OnmOUSEOver%0d=%0da=prompt,a()>v3dm0s",html_attribute,0
"<A%09OnmOUSEOver%0d=%0da=prompt,a()>v3dm0s",html_text,1
"<A%09OnmOUSEOver%0d=%0da=prompt,a()>v3dm0s",script_block,0
"<A%09OnmOUSEOver%0d=%0da=prompt,a()>v3dm0s",comment,0
"<A%09OnmOUSEOver%0d=%0da=prompt,a()>v3dm0s",url_href,0
"<A%09OnmOUSEOver%0d=%0da=prompt,a()>v3dm0s",url_navigation,0
<A%09ONMouseOVeR%0d=%0d(confirm)()%0dx>v3dm0s,html_tag,1
<A%09ONMouseOVeR%0d=%0d(confirm)()%0dx>v3dm0s,html_attribute,0
<A%09ONMouseOVeR%0d=%0d(confirm)()%0dx>v3dm0s,html_text,1
<A%09ONMouseOVeR%0d=%0d(confirm)()%0dx>v3dm0s,script_block,0
<A%09ONMouseOVeR%0d=%0d(confirm)()%0dx>v3dm0s,comment,0
<A%09ONMouseOVeR%0d=%0d(confirm)()%0dx>v3dm0s,url_href,0
<A%09ONMouseOVeR%0d=%0d(confirm)()%0dx>v3dm0s,url_navigation,0
<a%0aonpoIntEREnter+=+confirm()%0dx>v3dm0s,html_tag,0
<a%0aonpoIntEREnter+=+confirm()%0dx>v3dm0s,html_attribute,0
<a%0aonpoIntEREnter+=+confirm()%0dx>v3dm0s,html_text,0
<a%0aonpoIntEREnter+=+confirm()%0dx>v3dm0s,script_block,0
<a%0aonpoIntEREnter+=+confirm()%0dx>v3dm0s,comment,0
<a%0aonpoIntEREnter+=+confirm()%0dx>v3dm0s,url_href,0
<a%0aonpoIntEREnter+=+confirm()%0dx>v3dm0s,url_navigation,0
<D3V%09OnmOUsEoVEr%09=%09[8].find(confirm)>v3dm0s,html_tag,1
<D3V%09OnmOUsEoVEr%09=%09[8].find(confirm)>v3dm0s,html_attribute,0
<D3V%09OnmOUsEoVEr%09=%09[8].find(confirm)>v3dm0s,html_text,1
<D3V%09OnmOUsEoVEr%09=%09[8].find(confirm)>v3dm0s,script_block,0
<D3V%09OnmOUsEoVEr%09=%09[8].find(confirm)>v3dm0s,comment,0
<D3V%09OnmOUsEoVEr%09=%09[8].find(confirm)>v3dm0s,url_href,0
<D3V%09OnmOUsEoVEr%09=%09[8].find(confirm)>v3dm0s,url_navigation,0
<DeTAiLS%0aONPoiNTErentER%0a=%0a[8].find(confirm)>,html_tag,0
<DeTAiLS%0aONPoiNTErentER%0a=%0a[8].find(confirm)>,html_attribute,0
<DeTAiLS%0aONPoiNTErentER%0a=%0a[8].find(confirm)>,html_text,0
<DeTAiLS%0aONPoiNTErentER%0a=%0a[8].find(confirm)>,script_block,0
<DeTAiLS%0aONPoiNTErentER%0a=%0a[8].find(confirm)>,comment,0
<DeTAiLS%0aONPoiNTErentER%0a=%0a[8].find(confirm)>,url_href,0
<DeTAiLS%0aONPoiNTErentER%0a=%0a[8].find(confirm)>,url_navigation,0
<deTAILS%09OnPOiNterEnter%0a=%0a[8].find(confirm)%0dx>,html_tag,0
<deTAILS%09OnPOiNterEnter%0a=%0a[8].find(confirm)%0dx>,html_attribute,0
<deTAILS%09OnPOiNterEnter%0a=%0a[8].find(confirm)%0dx>,html_text,0
<deTAILS%09OnPOiNterEnter%0a=%0a[8].find(confirm)%0dx>,script_block,0
<deTAILS%09OnPOiNterEnter%0a=%0a[8].find(confirm)%0dx>,comment,0
<deTAILS%09OnPOiNterEnter%0a=%0a[8].find(confirm)%0dx>,url_href,0
<deTAILS%09OnPOiNterEnter%0a=%0a[8].find(confirm)%0dx>,url_navigation,0
<A/+/OnpOInteReNtEr%0d=%0dconfirm()>v3dm0s,html_tag,1
<A/+/OnpOInteReNtEr%0d=%0dconfirm()>v3dm0s,html_attribute,0
<A/+/OnpOInteReNtEr%0d=%0dconfirm()>v3dm0s,html_text,1
<A/+/OnpOInteReNtEr%0d=%0dconfirm()>v3dm0s,script_block,0
<A/+/OnpOInteReNtEr%0d=%0dconfirm()>v3dm0s,comment,0
<A/+/OnpOInteReNtEr%0d=%0dconfirm()>v3dm0s,url_href,0
<A/+/OnpOInteReNtEr%0d=%0dconfirm()>v3dm0s,url_navigation,0
<dETAiLs%09ONtogGLE+=+confirm()>,html_tag,0
<dETAiLs%09ONtogGLE+=+confirm()>,html_attribute,0
<dETAiLs%09ONtogGLE+=+confirm()>,html_text,0
<dETAiLs%09ONtogGLE+=+confirm()>,script_block,0
<dETAiLs%09ONtogGLE+=+confirm()>,comment,0
<dETAiLs%09ONtogGLE+=+confirm()>,url_href,0
<dETAiLs%09ONtogGLE+=+confirm()>,url_navigation,0
<D3v%0donpOInTErEnteR%09=%09confirm()%0dx>v3dm0s,html_tag,1
<D3v%0donpOInTErEnteR%09=%09confirm()%0dx>v3dm0s,html_attribute,0
<D3v%0donpOInTErEnteR%09=%09confirm()%0dx>v3dm0s,html_text,1
<D3v%0donpOInTErEnteR%09=%09confirm()%0dx>v3dm0s,script_block,0
<D3v%0donpOInTErEnteR%09=%09confirm()%0dx>v3dm0s,comment,0
<D3v%0donpOInTErEnteR%09=%09confirm()%0dx>v3dm0s,url_href,0
<D3v%0donpOInTErEnteR%09=%09confirm()%0dx>v3dm0s,url_navigation,0
<a%0dOnPOintEreNtEr%0a=%0aconfirm()%0dx>v3dm0s,html_tag,1
<a%0dOnPOintEreNtEr%0a=%0aconfirm()%0dx>v3dm0s,html_attribute,0
<a%0dOnPOintEreNtEr%0a=%0aconfirm()%0dx>v3dm0s,html_text,1
<a%0dOnPOintEreNtEr%0a=%0aconfirm()%0dx>v3dm0s,script_block,0
<a%0dOnPOintEreNtEr%0a=%0aconfirm()%0dx>v3dm0s,comment,0
<a%0dOnPOintEreNtEr%0a=%0aconfirm()%0dx>v3dm0s,url_href,0
<a%0dOnPOintEreNtEr%0a=%0aconfirm()%0dx>v3dm0s,url_navigation,0
<HtMl%09OnPOiNtERENtER%0a=%0a(prompt)``>,html_tag,0
<HtMl%09OnPOiNtERENtER%0a=%0a(prompt)``>,html_attribute,0
<HtMl%09OnPOiNtERENtER%0a=%0a(prompt)``>,html_text,0
<HtMl%09OnPOiNtERENtER%0a=%0a(prompt)``>,script_block,0
<HtMl%09OnPOiNtERENtER%0a=%0a(prompt)``>,comment,0
<HtMl%09OnPOiNtERENtER%0a=%0a(prompt)``>,url_href,0
<HtMl%09OnPOiNtERENtER%0a=%0a(prompt)``>,url_navigation,0
<DetaiLS%09ontOGgLe+=+(confirm)()%0dx//,html_tag,0
<DetaiLS%09ontOGgLe+=+(confirm)()%0dx//,html_attribute,0
<DetaiLS%09ontOGgLe+=+(confirm)()%0dx//,html_text,0
<DetaiLS%09ontOGgLe+=+(confirm)()%0dx//,script_block,0
<DetaiLS%09ontOGgLe+=+(confirm)()%0dx//,comment,0
<DetaiLS%09ontOGgLe+=+(confirm)()%0dx//,url_href,0
<DetaiLS%09ontOGgLe+=+(confirm)()%0dx//,url_navigation,0
<a/+/oNmOusEOVer%0d=%0d[8].find(confirm)>v3dm0s,html_tag,1
<a/+/oNmOusEOVer%0d=%0d[8].find(confirm)>v3dm0s,html_attribute,0
<a/+/oNmOusEOVer%0d=%0d[8].find(confirm)>v3dm0s,html_text,1
<a/+/oNmOusEOVer%0d=%0d[8].find(confirm)>v3dm0s,script_block,0
<a/+/oNmOusEOVer%0d=%0d[8].find(confirm)>v3dm0s,comment,0
<a/+/oNmOusEOVer%0d=%0d[8].find(confirm)>v3dm0s,url_href,0
<a/+/oNmOusEOVer%0d=%0d[8].find(confirm)>v3dm0s,url_navigation,0
"<hTML/+/oNMouSEoVER%0a=%0aa=prompt,a()>",html_tag,0
"<hTML/+/oNMouSEoVER%0a=%0aa=prompt,a()>",html_attribute,0
"<hTML/+/oNMouSEoVER%0a=%0aa=prompt,a()>",html_text,0
"<hTML/+/oNMouSEoVER%0a=%0aa=prompt,a()>",script_block,0
"<hTML/+/oNMouSEoVER%0a=%0aa=prompt,a()>",comment,0
"<hTML/+/oNMouSEoVER%0a=%0aa=prompt,a()>",url_href,0
"<hTML/+/oNMouSEoVER%0a=%0aa=prompt,a()>",url_navigation,0
"<DEtAiLs/+/ONPOINtEREnteR+=+a=prompt,a()%0dx//",html_tag,0
"<DEtAiLs/+/ONPOINtEREnteR+=+a=prompt,a()%0dx//",html_attribute,0
"<DEtAiLs/+/ONPOINtEREnteR+=+a=prompt,a()%0dx//",html_text,0
"<DEtAiLs/+/ONPOINtEREnteR+=+a=prompt,a()%0dx//",script_block,0
"<DEtAiLs/+/ONPOINtEREnteR+=+a=prompt,a()%0dx//",comment,0
"<DEtAiLs/+/ONPOINtEREnteR+=+a=prompt,a()%0dx//",url_href,0
"<DEtAiLs/+/ONPOINtEREnteR+=+a=prompt,a()%0dx//",url_navigation,0
<htML%0doNpoiNTErENTer+=+(prompt)``%0dx>,html_tag,0
<htML%0doNpoiNTErENTer+=+(prompt)``%0dx>,html_attribute,0
<htML%0doNpoiNTErENTer+=+(prompt)``%0dx>,html_text,0
<htML%0doNpoiNTErENTer+=+(prompt)``%0dx>,script_block,0
<htML%0doNpoiNTErENTer+=+(prompt)``%0dx>,comment,0
<htML%0doNpoiNTErENTer+=+(prompt)``%0dx>,url_href,0
<htML%0doNpoiNTErENTer+=+(prompt)``%0dx>,url_navigation,0
"<d3V%0doNPOInTerEnter%0a=%0aa=prompt,a()%0dx>v3dm0s",html_tag,1
"<d3V%0doNPOInTerEnter%0a=%0aa=prompt,a()%0dx>v3dm0s",html_attribute,0
"<d3V%0doNPOInTerEnter%0a=%0aa=prompt,a()%0dx>v3dm0s",html_text,1
"<d3V%0doNPOInTerEnter%0a=%0aa=prompt,a()%0dx>v3dm0s",script_block,0
"<d3V%0doNPOInTerEnter%0a=%0aa=prompt,a()%0dx>v3dm0s",comment,0
"<d3V%0doNPOInTerEnter%0a=%0aa=prompt,a()%0dx>v3dm0s",url_href,0
"<d3V%0doNPOInTerEnter%0a=%0aa=prompt,a()%0dx>v3dm0s",url_navigation,0
<detaIls%09onpoiNteRenTER+=+[8].find(confirm)//,html_tag,0
<detaIls%09onpoiNteRenTER+=+[8].find(confirm)//,html_attribute,0
<detaIls%09onpoiNteRenTER+=+[8].find(confirm)//,html_text,0
<detaIls%09onpoiNteRenTER+=+[8].find(confirm)//,script_block,0
<detaIls%09onpoiNteRenTER+=+[8].find(confirm)//,comment,0
<detaIls%09onpoiNteRenTER+=+[8].find(confirm)//,url_href,0
<detaIls%09onpoiNteRenTER+=+[8].find(confirm)//,url_navigation,0
<d3V%0doNMoUSeOveR%09=%09confirm()>v3dm0s,html_tag,1
<d3V%0doNMoUSeOveR%09=%09confirm()>v3dm0s,html_attribute,0
<d3V%0doNMoUSeOveR%09=%09confirm()>v3dm0s,html_text,1
<d3V%0doNMoUSeOveR%09=%09confirm()>v3dm0s,script_block,0
<d3V%0doNMoUSeOveR%09=%09confirm()>v3dm0s,comment,0
<d3V%0doNMoUSeOveR%09=%09confirm()>v3dm0s,url_href,0
<d3V%0doNMoUSeOveR%09=%09confirm()>v3dm0s,url_navigation,0
<deTAilS%09oNpOinteReNTeR%09=%09confirm()>,html_tag,0
<deTAilS%09oNpOinteReNTeR%09=%09confirm()>,html_attribute,0
<deTAilS%09oNpOinteReNTeR%09=%09confirm()>,html_text,0
<deTAilS%09oNpOinteReNTeR%09=%09confirm()>,script_block,0
<deTAilS%09oNpOinteReNTeR%09=%09confirm()>,comment,0
<deTAilS%09oNpOinteReNTeR%09=%09confirm()>,url_href,0
<deTAilS%09oNpOinteReNTeR%09=%09confirm()>,url_navigation,0
<deTAIls%0aoNpOintErEnteR%09=%09(confirm)()//,html_tag,0
<deTAIls%0aoNpOintErEnteR%09=%09(confirm)()//,html_attribute,0
<deTAIls%0aoNpOintErEnteR%09=%09(confirm)()//,html_text,0
<deTAIls%0aoNpOintErEnteR%09=%09(confirm)()//,script_block,0
<deTAIls%0aoNpOintErEnteR%09=%09(confirm)()//,comment,0
<deTAIls%0aoNpOintErEnteR%09=%09(confirm)()//,url_href,0
<deTAIls%0aoNpOintErEnteR%09=%09(confirm)()//,url_navigation,0
<DETaIls%09oNtogGLe+=+[8].find(confirm)//,html_tag,0
<DETaIls%09oNtogGLe+=+[8].find(confirm)//,html_attribute,0
<DETaIls%09oNtogGLe+=+[8].find(confirm)//,html_text,0
<DETaIls%09oNtogGLe+=+[8].find(confirm)//,script_block,0
<DETaIls%09oNtogGLe+=+[8].find(confirm)//,comment,0
<DETaIls%09oNtogGLe+=+[8].find(confirm)//,url_href,0
<DETaIls%09oNtogGLe+=+[8].find(confirm)//,url_navigation,0
<detAIlS/+/OnpoiNTeReNteR%0d=%0d(prompt)``>,html_tag,0
<detAIlS/+/OnpoiNTeReNteR%0d=%0d(prompt)``>,html_attribute,0
<detAIlS/+/OnpoiNTeReNteR%0d=%0d(prompt)``>,html_text,0
<detAIlS/+/OnpoiNTeReNteR%0d=%0d(prompt)``>,script_block,0
<detAIlS/+/OnpoiNTeReNteR%0d=%0d(prompt)``>,comment,0
<detAIlS/+/OnpoiNTeReNteR%0d=%0d(prompt)``>,url_href,0
<detAIlS/+/OnpoiNTeReNteR%0d=%0d(prompt)``>,url_navigation,0
"<D3V%0aONpoiNtERENTer%0d=%0da=prompt,a()>v3dm0s",html_tag,1
"<D3V%0aONpoiNtERENTer%0d=%0da=prompt,a()>v3dm0s",html_attribute,0
"<D3V%0aONpoiNtERENTer%0d=%0da=prompt,a()>v3dm0s",html_text,1
"<D3V%0aONpoiNtERENTer%0d=%0da=prompt,a()>v3dm0s",script_block,0
"<D3V%0aONpoiNtERENTer%0d=%0da=prompt,a()>v3dm0s",comment,0
"<D3V%0aONpoiNtERENTer%0d=%0da=prompt,a()>v3dm0s",url_href,0
"<D3V%0aONpoiNtERENTer%0d=%0da=prompt,a()>v3dm0s",url_navigation,0
"<A%0donmoUSeOVEr%0d=%0da=prompt,a()>v3dm0s",html_tag,1
"<A%0donmoUSeOVEr%0d=%0da=prompt,a()>v3dm0s",html_attribute,0
"<A%0donmoUSeOVEr%0d=%0da=prompt,a()>v3dm0s",html_text,1
"<A%0donmoUSeOVEr%0d=%0da=prompt,a()>v3dm0s",script_block,0
"<A%0donmoUSeOVEr%0d=%0da=prompt,a()>v3dm0s",comment,0
"<A%0donmoUSeOVEr%0d=%0da=prompt,a()>v3dm0s",url_href,0
"<A%0donmoUSeOVEr%0d=%0da=prompt,a()>v3dm0s",url_navigation,0
<hTML%0dONMOUseoVEr%0a=%0aconfirm()//,html_tag,0
<hTML%0dONMOUseoVEr%0a=%0aconfirm()//,html_attribute,0
<hTML%0dONMOUseoVEr%0a=%0aconfirm()//,html_text,0
<hTML%0dONMOUseoVEr%0a=%0aconfirm()//,script_block,0
<hTML%0dONMOUseoVEr%0a=%0aconfirm()//,comment,0
<hTML%0dONMOUseoVEr%0a=%0aconfirm()//,url_href,0
<hTML%0dONMOUseoVEr%0a=%0aconfirm()//,url_navigation,0
<hTml/+/OnpoiNTerENter%09=%09confirm()%0dx>,html_tag,0
<hTml/+/OnpoiNTerENter%09=%09confirm()%0dx>,html_attribute,0
<hTml/+/OnpoiNTerENter%09=%09confirm()%0dx>,html_text,0
<hTml/+/OnpoiNTerENter%09=%09confirm()%0dx>,script_block,0
<hTml/+/OnpoiNTerENter%09=%09confirm()%0dx>,comment,0
<hTml/+/OnpoiNTerENter%09=%09confirm()%0dx>,url_href,0
<hTml/+/OnpoiNTerENter%09=%09confirm()%0dx>,url_navigation,0
<a%0dOnPOintErEnTeR%0a=%0a(prompt)``%0dx>v3dm0s,html_tag,1
<a%0dOnPOintErEnTeR%0a=%0a(prompt)``%0dx>v3dm0s,html_attribute,0
<a%0dOnPOintErEnTeR%0a=%0a(prompt)``%0dx>v3dm0s,html_text,1
<a%0dOnPOintErEnTeR%0a=%0a(prompt)``%0dx>v3dm0s,script_block,0
<a%0dOnPOintErEnTeR%0a=%0a(prompt)``%0dx>v3dm0s,comment,0
<a%0dOnPOintErEnTeR%0a=%0a(prompt)``%0dx>v3dm0s,url_href,0
<a%0dOnPOintErEnTeR%0a=%0a(prompt)``%0dx>v3dm0s,url_navigation,0
<hTMl%0dONpoIntErEntEr%0a=%0a(prompt)``%0dx>,html_tag,0
<hTMl%0dONpoIntErEntEr%0a=%0a(prompt)``%0dx>,html_attribute,0
<hTMl%0dONpoIntErEntEr%0a=%0a(prompt)``%0dx>,html_text,0
<hTMl%0dONpoIntErEntEr%0a=%0a(prompt)``%0dx>,script_block,0
<hTMl%0dONpoIntErEntEr%0a=%0a(prompt)``%0dx>,comment,0
<hTMl%0dONpoIntErEntEr%0a=%0a(prompt)``%0dx>,url_href,0
<hTMl%0dONpoIntErEntEr%0a=%0a(prompt)``%0dx>,url_navigation,0
"<d3v%0aONPoiNtERENTER+=+a=prompt,a()>v3dm0s",html_tag,0
"<d3v%0aONPoiNtERENTER+=+a=prompt,a()>v3dm0s",html_attribute,0
"<d3v%0aONPoiNtERENTER+=+a=prompt,a()>v3dm0s",html_text,0
"<d3v%0aONPoiNtERENTER+=+a=prompt,a()>v3dm0s",script_block,0
"<d3v%0aONPoiNtERENTER+=+a=prompt,a()>v3dm0s",comment,0
"<d3v%0aONPoiNtERENTER+=+a=prompt,a()>v3dm0s",url_href,0
"<d3v%0aONPoiNtERENTER+=+a=prompt,a()>v3dm0s",url_navigation,0
"<deTAILS%09ONToGGlE+=+a=prompt,a()%0dx//",html_tag,0
"<deTAILS%09ONToGGlE+=+a=prompt,a()%0dx//",html_attribute,0
"<deTAILS%09ONToGGlE+=+a=prompt,a()%0dx//",html_text,0
"<deTAILS%09ONToGGlE+=+a=prompt,a()%0dx//",script_block,0
"<deTAILS%09ONToGGlE+=+a=prompt,a()%0dx//",comment,0
"<deTAILS%09ONToGGlE+=+a=prompt,a()%0dx//",url_href,0
"<deTAILS%09ONToGGlE+=+a=prompt,a()%0dx//",url_navigation,0
"<htmL%09OnpoINterENter%0a=%0aa=prompt,a()%0dx>",html_tag,0
"<htmL%09OnpoINterENter%0a=%0aa=prompt,a()%0dx>",html_attribute,0
"<htmL%09OnpoINterENter%0a=%0aa=prompt,a()%0dx>",html_text,0
"<htmL%09OnpoINterENter%0a=%0aa=prompt,a()%0dx>",script_block,0
"<htmL%09OnpoINterENter%0a=%0aa=prompt,a()%0dx>",comment,0
"<htmL%09OnpoINterENter%0a=%0aa=prompt,a()%0dx>",url_href,0
"<htmL%09OnpoINterENter%0a=%0aa=prompt,a()%0dx>",url_navigation,0
<a%0aOnmOUSeOVeR+=+(prompt)``%0dx>v3dm0s,html_tag,0
<a%0aOnmOUSeOVeR+=+(prompt)``%0dx>v3dm0s,html_attribute,0
<a%0aOnmOUSeOVeR+=+(prompt)``%0dx>v3dm0s,html_text,0
<a%0aOnmOUSeOVeR+=+(prompt)``%0dx>v3dm0s,script_block,0
<a%0aOnmOUSeOVeR+=+(prompt)``%0dx>v3dm0s,comment,0
<a%0aOnmOUSeOVeR+=+(prompt)``%0dx>v3dm0s,url_href,0
<a%0aOnmOUSeOVeR+=+(prompt)``%0dx>v3dm0s,url_navigation,0
"<A%0doNpointereNTER+=+a=prompt,a()>v3dm0s",html_tag,0
"<A%0doNpointereNTER+=+a=prompt,a()>v3dm0s",html_attribute,0
"<A%0doNpointereNTER+=+a=prompt,a()>v3dm0s",html_text,0
"<A%0doNpointereNTER+=+a=prompt,a()>v3dm0s",script_block,0
"<A%0doNpointereNTER+=+a=prompt,a()>v3dm0s",comment,0
"<A%0doNpointereNTER+=+a=prompt,a()>v3dm0s",url_href,0
"<A%0doNpointereNTER+=+a=prompt,a()>v3dm0s",url_navigation,0
<dEtaIls%09ONpOiNTEREntEr%09=%09confirm()%0dx//,html_tag,0
<dEtaIls%09ONpOiNTEREntEr%09=%09confirm()%0dx//,html_attribute,0
<dEtaIls%09ONpOiNTEREntEr%09=%09confirm()%0dx//,html_text,0
<dEtaIls%09ONpOiNTEREntEr%09=%09confirm()%0dx//,script_block,0
<dEtaIls%09ONpOiNTEREntEr%09=%09confirm()%0dx//,comment,0
<dEtaIls%09ONpOiNTEREntEr%09=%09confirm()%0dx//,url_href,0
<dEtaIls%09ONpOiNTEREntEr%09=%09confirm()%0dx//,url_navigation,0
<a%0doNMoUseovER%0d=%0dconfirm()%0dx>v3dm0s,html_tag,1
<a%0doNMoUseovER%0d=%0dconfirm()%0dx>v3dm0s,html_attribute,0
<a%0doNMoUseovER%0d=%0dconfirm()%0dx>v3dm0s,html_text,1
<a%0doNMoUseovER%0d=%0dconfirm()%0dx>v3dm0s,script_block,0
<a%0doNMoUseovER%0d=%0dconfirm()%0dx>v3dm0s,comment,0
<a%0doNMoUseovER%0d=%0dconfirm()%0dx>v3dm0s,url_href,0
<a%0doNMoUseovER%0d=%0dconfirm()%0dx>v3dm0s,url_navigation,0
<a%0dOnMOUseoVEr%0a=%0a[8].find(confirm)>v3dm0s,html_tag,1
<a%0dOnMOUseoVEr%0a=%0a[8].find(confirm)>v3dm0s,html_attribute,0
<a%0dOnMOUseoVEr%0a=%0a[8].find(confirm)>v3dm0s,html_text,1
<a%0dOnMOUseoVEr%0a=%0a[8].find(confirm)>v3dm0s,script_block,0
<a%0dOnMOUseoVEr%0a=%0a[8].find(confirm)>v3dm0s,comment,0
<a%0dOnMOUseoVEr%0a=%0a[8].find(confirm)>v3dm0s,url_href,0
<a%0dOnMOUseoVEr%0a=%0a[8].find(confirm)>v3dm0s,url_navigation,0
<hTml%0donPOIntErENteR%09=%09[8].find(confirm)%0dx>,html_tag,0
<hTml%0donPOIntErENteR%09=%09[8].find(confirm)%0dx>,html_attribute,0
<hTml%0donPOIntErENteR%09=%09[8].find(confirm)%0dx>,html_text,0
<hTml%0donPOIntErENteR%09=%09[8].find(confirm)%0dx>,script_block,0
<hTml%0donPOIntErENteR%09=%09[8].find(confirm)%0dx>,comment,0
<hTml%0donPOIntErENteR%09=%09[8].find(confirm)%0dx>,url_href,0
<hTml%0donPOIntErENteR%09=%09[8].find(confirm)%0dx>,url_navigation,0
"<HtmL%09oNMOUSeoVer%0d=%0da=prompt,a()//",html_tag,0
"<HtmL%09oNMOUSeoVer%0d=%0da=prompt,a()//",html_attribute,0
"<HtmL%09oNMOUSeoVer%0d=%0da=prompt,a()//",html_text,0
"<HtmL%09oNMOUSeoVer%0d=%0da=prompt,a()//",script_block,0
"<HtmL%09oNMOUSeoVer%0d=%0da=prompt,a()//",comment,0
"<HtmL%09oNMOUSeoVer%0d=%0da=prompt,a()//",url_href,0
"<HtmL%09oNMOUSeoVer%0d=%0da=prompt,a()//",url_navigation,0
<hTmL%09OnMOuSeoVeR+=+(confirm)()%0dx>,html_tag,0
<hTmL%09OnMOuSeoVeR+=+(confirm)()%0dx>,html_attribute,0
<hTmL%09OnMOuSeoVeR+=+(confirm)()%0dx>,html_text,0
<hTmL%09OnMOuSeoVeR+=+(confirm)()%0dx>,script_block,0
<hTmL%09OnMOuSeoVeR+=+(confirm)()%0dx>,comment,0
<hTmL%09OnMOuSeoVeR+=+(confirm)()%0dx>,url_href,0
<hTmL%09OnMOuSeoVeR+=+(confirm)()%0dx>,url_navigation,0
<d3v/+/onPointErEntER%0a=%0a(confirm)()>v3dm0s,html_tag,1
<d3v/+/onPointErEntER%0a=%0a(confirm)()>v3dm0s,html_attribute,0
<d3v/+/onPointErEntER%0a=%0a(confirm)()>v3dm0s,html_text,1
<d3v/+/onPointErEntER%0a=%0a(confirm)()>v3dm0s,script_block,0
<d3v/+/onPointErEntER%0a=%0a(confirm)()>v3dm0s,comment,0
<d3v/+/onPointErEntER%0a=%0a(confirm)()>v3dm0s,url_href,0
<d3v/+/onPointErEntER%0a=%0a(confirm)()>v3dm0s,url_navigation,0
<detAiLS%0dONToGgLE%09=%09confirm()%0dx//,html_tag,0
<detAiLS%0dONToGgLE%09=%09confirm()%0dx//,html_attribute,0
<detAiLS%0dONToGgLE%09=%09confirm()%0dx//,html_text,0
<detAiLS%0dONToGgLE%09=%09confirm()%0dx//,script_block,0
<detAiLS%0dONToGgLE%09=%09confirm()%0dx//,comment,0
<detAiLS%0dONToGgLE%09=%09confirm()%0dx//,url_href,0
<detAiLS%0dONToGgLE%09=%09confirm()%0dx//,url_navigation,0
"<a%09onpointERenTeR%0d=%0da=prompt,a()>v3dm0s",html_tag,1
"<a%09onpointERenTeR%0d=%0da=prompt,a()>v3dm0s",html_attribute,0
"<a%09onpointERenTeR%0d=%0da=prompt,a()>v3dm0s",html_text,1
"<a%09onpointERenTeR%0d=%0da=prompt,a()>v3dm0s",script_block,0
"<a%09onpointERenTeR%0d=%0da=prompt,a()>v3dm0s",comment,0
"<a%09onpointERenTeR%0d=%0da=prompt,a()>v3dm0s",url_href,0
"<a%09onpointERenTeR%0d=%0da=prompt,a()>v3dm0s",url_navigation,0
<d3v%0dOnmoUSEOver%0a=%0aconfirm()%0dx>v3dm0s,html_tag,1
<d3v%0dOnmoUSEOver%0a=%0aconfirm()%0dx>v3dm0s,html_attribute,0
<d3v%0dOnmoUSEOver%0a=%0aconfirm()%0dx>v3dm0s,html_text,1
<d3v%0dOnmoUSEOver%0a=%0aconfirm()%0dx>v3dm0s,script_block,0
<d3v%0dOnmoUSEOver%0a=%0aconfirm()%0dx>v3dm0s,comment,0
<d3v%0dOnmoUSEOver%0a=%0aconfirm()%0dx>v3dm0s,url_href,0
<d3v%0dOnmoUSEOver%0a=%0aconfirm()%0dx>v3dm0s,url_navigation,0
<D3v%0doNmOUSeoveR%0d=%0dconfirm()%0dx>v3dm0s,html_tag,1
<D3v%0doNmOUSeoveR%0d=%0dconfirm()%0dx>v3dm0s,html_attribute,0
<D3v%0doNmOUSeoveR%0d=%0dconfirm()%0dx>v3dm0s,html_text,1
<D3v%0doNmOUSeoveR%0d=%0dconfirm()%0dx>v3dm0s,script_block,0
<D3v%0doNmOUSeoveR%0d=%0dconfirm()%0dx>v3dm0s,comment,0
<D3v%0doNmOUSeoveR%0d=%0dconfirm()%0dx>v3dm0s,url_href,0
<D3v%0doNmOUSeoveR%0d=%0dconfirm()%0dx>v3dm0s,url_navigation,0
<HTML/+/OnPOiNTErEnTer%0d=%0d[8].find(confirm)%0dx//,html_tag,0
<HTML/+/OnPOiNTErEnTer%0d=%0d[8].find(confirm)%0dx//,html_attribute,0
<HTML/+/OnPOiNTErEnTer%0d=%0d[8].find(confirm)%0dx//,html_text,0
<HTML/+/OnPOiNTErEnTer%0d=%0d[8].find(confirm)%0dx//,script_block,0
<HTML/+/OnPOiNTErEnTer%0d=%0d[8].find(confirm)%0dx//,comment,0
<HTML/+/OnPOiNTErEnTer%0d=%0d[8].find(confirm)%0dx//,url_href,0
<HTML/+/OnPOiNTErEnTer%0d=%0d[8].find(confirm)%0dx//,url_navigation,0
"<D3V%0aoNMousEOvER+=+a=prompt,a()%0dx>v3dm0s",html_tag,0
"<D3V%0aoNMousEOvER+=+a=prompt,a()%0dx>v3dm0s",html_attribute,0
"<D3V%0aoNMousEOvER+=+a=prompt,a()%0dx>v3dm0s",html_text,0
"<D3V%0aoNMousEOvER+=+a=prompt,a()%0dx>v3dm0s",script_block,0
"<D3V%0aoNMousEOvER+=+a=prompt,a()%0dx>v3dm0s",comment,0
"<D3V%0aoNMousEOvER+=+a=prompt,a()%0dx>v3dm0s",url_href,0
"<D3V%0aoNMousEOvER+=+a=prompt,a()%0dx>v3dm0s",url_navigation,0
<D3v%09ONpOiNTErENtER+=+confirm()%0dx>v3dm0s,html_tag,0
<D3v%09ONpOiNTErENtER+=+confirm()%0dx>v3dm0s,html_attribute,0
<D3v%09ONpOiNTErENtER+=+confirm()%0dx>v3dm0s,html_text,0
<D3v%09ONpOiNTErENtER+=+confirm()%0dx>v3dm0s,script_block,0
<D3v%09ONpOiNTErENtER+=+confirm()%0dx>v3dm0s,comment,0
<D3v%09ONpOiNTErENtER+=+confirm()%0dx>v3dm0s,url_href,0
<D3v%09ONpOiNTErENtER+=+confirm()%0dx>v3dm0s,url_navigation,0
"<dETaILS/+/oNPoINterEnTer%0a=%0aa=prompt,a()%0dx>",html_tag,0
"<dETaILS/+/oNPoINterEnTer%0a=%0aa=prompt,a()%0dx>",html_attribute,0
"<dETaILS/+/oNPoINterEnTer%0a=%0aa=prompt,a()%0dx>",html_text,0
"<dETaILS/+/oNPoINterEnTer%0a=%0aa=prompt,a()%0dx>",script_block,0
"<dETaILS/+/oNPoINterEnTer%0a=%0aa=prompt,a()%0dx>",comment,0
"<dETaILS/+/oNPoINterEnTer%0a=%0aa=prompt,a()%0dx>",url_href,0
"<dETaILS/+/oNPoINterEnTer%0a=%0aa=prompt,a()%0dx>",url_navigation,0
<D3V%09oNMouSeover%09=%09confirm()%0dx>v3dm0s,html_tag,1
<D3V%09oNMouSeover%09=%09confirm()%0dx>v3dm0s,html_attribute,0
<D3V%09oNMouSeover%09=%09confirm()%0dx>v3dm0s,html_text,1
<D3V%09oNMouSeover%09=%09confirm()%0dx>v3dm0s,script_block,0
<D3V%09oNMouSeover%09=%09confirm()%0dx>v3dm0s,comment,0
<D3V%09oNMouSeover%09=%09confirm()%0dx>v3dm0s,url_href,0
<D3V%09oNMouSeover%09=%09confirm()%0dx>v3dm0s,url_navigation,0
<HtmL%0donpoINTErENteR%09=%09(confirm)()%0dx>,html_tag,0
<HtmL%0donpoINTErENteR%09=%09(confirm)()%0dx>,html_attribute,0
<HtmL%0donpoINTErENteR%09=%09(confirm)()%0dx>,html_text,0
<HtmL%0donpoINTErENteR%09=%09(confirm)()%0dx>,script_block,0
<HtmL%0donpoINTErENteR%09=%09(confirm)()%0dx>,comment,0
<HtmL%0donpoINTErENteR%09=%09(confirm)()%0dx>,url_href,0
<HtmL%0donpoINTErENteR%09=%09(confirm)()%0dx>,url_navigation,0
<DetAiLS%0aONtoGGLe%0a=%0aconfirm()%0dx//,html_tag,0
<DetAiLS%0aONtoGGLe%0a=%0aconfirm()%0dx//,html_attribute,0
<DetAiLS%0aONtoGGLe%0a=%0aconfirm()%0dx//,html_text,0
<DetAiLS%0aONtoGGLe%0a=%0aconfirm()%0dx//,script_block,0
<DetAiLS%0aONtoGGLe%0a=%0aconfirm()%0dx//,comment,0
<DetAiLS%0aONtoGGLe%0a=%0aconfirm()%0dx//,url_href,0
<DetAiLS%0aONtoGGLe%0a=%0aconfirm()%0dx//,url_navigation,0
<htMl/+/oNmoUSeOvER%0d=%0dconfirm()%0dx>,html_tag,0
<htMl/+/oNmoUSeOvER%0d=%0dconfirm()%0dx>,html_attribute,0
<htMl/+/oNmoUSeOvER%0d=%0dconfirm()%0dx>,html_text,0
<htMl/+/oNmoUSeOvER%0d=%0dconfirm()%0dx>,script_block,0
<htMl/+/oNmoUSeOvER%0d=%0dconfirm()%0dx>,comment,0
<htMl/+/oNmoUSeOvER%0d=%0dconfirm()%0dx>,url_href,0
<htMl/+/oNmoUSeOvER%0d=%0dconfirm()%0dx>,url_navigation,0
<dEtAiLs/+/oNPOINTerEntEr%0d=%0dconfirm()>,html_tag,0
<dEtAiLs/+/oNPOINTerEntEr%0d=%0dconfirm()>,html_attribute,0
<dEtAiLs/+/oNPOINTerEntEr%0d=%0dconfirm()>,html_text,0
<dEtAiLs/+/oNPOINTerEntEr%0d=%0dconfirm()>,script_block,0
<dEtAiLs/+/oNPOINTerEntEr%0d=%0dconfirm()>,comment,0
<dEtAiLs/+/oNPOINTerEntEr%0d=%0dconfirm()>,url_href,0
<dEtAiLs/+/oNPOINTerEntEr%0d=%0dconfirm()>,url_navigation,0
<DEtAIlS/+/ONPOinTereNteR%09=%09(prompt)``%0dx//,html_tag,0
<DEtAIlS/+/ONPOinTereNteR%09=%09(prompt)``%0dx//,html_attribute,0
<DEtAIlS/+/ONPOinTereNteR%09=%09(prompt)``%0dx//,html_text,0
<DEtAIlS/+/ONPOinTereNteR%09=%09(prompt)``%0dx//,script_block,0
<DEtAIlS/+/ONPOinTereNteR%09=%09(prompt)``%0dx//,comment,0
<DEtAIlS/+/ONPOinTereNteR%09=%09(prompt)``%0dx//,url_href,0
<DEtAIlS/+/ONPOinTereNteR%09=%09(prompt)``%0dx//,url_navigation,0
<a%0aoNMousEoveR%0d=%0d[8].find(confirm)%0dx>v3dm0s,html_tag,1
<a%0aoNMousEoveR%0d=%0d[8].find(confirm)%0dx>v3dm0s,html_attribute,0
<a%0aoNMousEoveR%0d=%0d[8].find(confirm)%0dx>v3dm0s,html_text,1
<a%0aoNMousEoveR%0d=%0d[8].find(confirm)%0dx>v3dm0s,script_block,0
<a%0aoNMousEoveR%0d=%0d[8].find(confirm)%0dx>v3dm0s,comment,0
<a%0aoNMousEoveR%0d=%0d[8].find(confirm)%0dx>v3dm0s,url_href,0
<a%0aoNMousEoveR%0d=%0d[8].find(confirm)%0dx>v3dm0s,url_navigation,0
"<htML%0aoNPOiNtereNTer%0d=%0da=prompt,a()>",html_tag,0
"<htML%0aoNPOiNtereNTer%0d=%0da=prompt,a()>",html_attribute,0
"<htML%0aoNPOiNtereNTer%0d=%0da=prompt,a()>",html_text,0
"<htML%0aoNPOiNtereNTer%0d=%0da=prompt,a()>",script_block,0
"<htML%0aoNPOiNtereNTer%0d=%0da=prompt,a()>",comment,0
"<htML%0aoNPOiNtereNTer%0d=%0da=prompt,a()>",url_href,0
"<htML%0aoNPOiNtereNTer%0d=%0da=prompt,a()>",url_navigation,0
<a/+/OnPoiNterENTeR%09=%09confirm()>v3dm0s,html_tag,1
<a/+/OnPoiNterENTeR%09=%09confirm()>v3dm0s,html_attribute,0
<a/+/OnPoiNterENTeR%09=%09confirm()>v3dm0s,html_text,1
<a/+/OnPoiNterENTeR%09=%09confirm()>v3dm0s,script_block,0
<a/+/OnPoiNterENTeR%09=%09confirm()>v3dm0s,comment,0
<a/+/OnPoiNterENTeR%09=%09confirm()>v3dm0s,url_href,0
<a/+/OnPoiNterENTeR%09=%09confirm()>v3dm0s,url_navigation,0
<d3V%09onmOUSeoVEr+=+confirm()%0dx>v3dm0s,html_tag,0
<d3V%09onmOUSeoVEr+=+confirm()%0dx>v3dm0s,html_attribute,0
<d3V%09onmOUSeoVEr+=+confirm()%0dx>v3dm0s,html_text,0
<d3V%09onmOUSeoVEr+=+confirm()%0dx>v3dm0s,script_block,0
<d3V%09onmOUSeoVEr+=+confirm()%0dx>v3dm0s,comment,0
<d3V%09onmOUSeoVEr+=+confirm()%0dx>v3dm0s,url_href,0
<d3V%09onmOUSeoVEr+=+confirm()%0dx>v3dm0s,url_navigation,0
<a%0aOnpOinTerEntEr%0a=%0aconfirm()%0dx>v3dm0s,html_tag,1
<a%0aOnpOinTerEntEr%0a=%0aconfirm()%0dx>v3dm0s,html_attribute,0
<a%0aOnpOinTerEntEr%0a=%0aconfirm()%0dx>v3dm0s,html_text,1
<a%0aOnpOinTerEntEr%0a=%0aconfirm()%0dx>v3dm0s,script_block,0
<a%0aOnpOinTerEntEr%0a=%0aconfirm()%0dx>v3dm0s,comment,0
<a%0aOnpOinTerEntEr%0a=%0aconfirm()%0dx>v3dm0s,url_href,0
<a%0aOnpOinTerEntEr%0a=%0aconfirm()%0dx>v3dm0s,url_navigation,0
<A%09onMOUsEOver+=+(prompt)``%0dx>v3dm0s,html_tag,0
<A%09onMOUsEOver+=+(prompt)``%0dx>v3dm0s,html_attribute,0
<A%09onMOUsEOver+=+(prompt)``%0dx>v3dm0s,html_text,0
<A%09onMOUsEOver+=+(prompt)``%0dx>v3dm0s,script_block,0
<A%09onMOUsEOver+=+(prompt)``%0dx>v3dm0s,comment,0
<A%09onMOUsEOver+=+(prompt)``%0dx>v3dm0s,url_href,0
<A%09onMOUsEOver+=+(prompt)``%0dx>v3dm0s,url_navigation,0
<HTmL%09oNpointErEnTeR%0a=%0aconfirm()//,html_tag,0
<HTmL%09oNpointErEnTeR%0a=%0aconfirm()//,html_attribute,0
<HTmL%09oNpointErEnTeR%0a=%0aconfirm()//,html_text,0
<HTmL%09oNpointErEnTeR%0a=%0aconfirm()//,script_block,0
<HTmL%09oNpointErEnTeR%0a=%0aconfirm()//,comment,0
<HTmL%09oNpointErEnTeR%0a=%0aconfirm()//,url_href,0
<HTmL%09oNpointErEnTeR%0a=%0aconfirm()//,url_navigation,0
<hTml%0dONmouSeoVER%09=%09[8].find(confirm)%0dx>,html_tag,0
<hTml%0dONmouSeoVER%09=%09[8].find(confirm)%0dx>,html_attribute,0
<hTml%0dONmouSeoVER%09=%09[8].find(confirm)%0dx>,html_text,0
<hTml%0dONmouSeoVER%09=%09[8].find(confirm)%0dx>,script_block,0
<hTml%0dONmouSeoVER%09=%09[8].find(confirm)%0dx>,comment,0
<hTml%0dONmouSeoVER%09=%09[8].find(confirm)%0dx>,url_href,0
<hTml%0dONmouSeoVER%09=%09[8].find(confirm)%0dx>,url_navigation,0
"<DETaILS%0aOnpointERenTeR%09=%09a=prompt,a()//",html_tag,0
"<DETaILS%0aOnpointERenTeR%09=%09a=prompt,a()//",html_attribute,0
"<DETaILS%0aOnpointERenTeR%09=%09a=prompt,a()//",html_text,0
"<DETaILS%0aOnpointERenTeR%09=%09a=prompt,a()//",script_block,0
"<DETaILS%0aOnpointERenTeR%09=%09a=prompt,a()//",comment,0
"<DETaILS%0aOnpointERenTeR%09=%09a=prompt,a()//",url_href,0
"<DETaILS%0aOnpointERenTeR%09=%09a=prompt,a()//",url_navigation,0
"<detAIlS%09ONpOIntEREnTER%09=%09a=prompt,a()>",html_tag,0
"<detAIlS%09ONpOIntEREnTER%09=%09a=prompt,a()>",html_attribute,0
"<detAIlS%09ONpOIntEREnTER%09=%09a=prompt,a()>",html_text,0
"<detAIlS%09ONpOIntEREnTER%09=%09a=prompt,a()>",script_block,0
"<detAIlS%09ONpOIntEREnTER%09=%09a=prompt,a()>",comment,0
"<detAIlS%09ONpOIntEREnTER%09=%09a=prompt,a()>",url_href,0
"<detAIlS%09ONpOIntEREnTER%09=%09a=prompt,a()>",url_navigation,0
"<D3V%0dOnmoUsEOvER%09=%09a=prompt,a()>v3dm0s",html_tag,1
"<D3V%0dOnmoUsEOvER%09=%09a=prompt,a()>v3dm0s",html_attribute,0
"<D3V%0dOnmoUsEOvER%09=%09a=prompt,a()>v3dm0s",html_text,1
"<D3V%0dOnmoUsEOvER%09=%09a=prompt,a()>v3dm0s",script_block,0
"<D3V%0dOnmoUsEOvER%09=%09a=prompt,a()>v3dm0s",comment,0
"<D3V%0dOnmoUsEOvER%09=%09a=prompt,a()>v3dm0s",url_href,0
"<D3V%0dOnmoUsEOvER%09=%09a=prompt,a()>v3dm0s",url_navigation,0
<DeTaILS%0dOntoGGlE%0a=%0aconfirm()%0dx>,html_tag,0
<DeTaILS%0dOntoGGlE%0a=%0aconfirm()%0dx>,html_attribute,0
<DeTaILS%0dOntoGGlE%0a=%0aconfirm()%0dx>,html_text,0
<DeTaILS%0dOntoGGlE%0a=%0aconfirm()%0dx>,script_block,0
<DeTaILS%0dOntoGGlE%0a=%0aconfirm()%0dx>,comment,0
<DeTaILS%0dOntoGGlE%0a=%0aconfirm()%0dx>,url_href,0
<DeTaILS%0dOntoGGlE%0a=%0aconfirm()%0dx>,url_navigation,0
<D3V%09oNmOUseoVeR%0a=%0aconfirm()>v3dm0s,html_tag,1
<D3V%09oNmOUseoVeR%0a=%0aconfirm()>v3dm0s,html_attribute,0
<D3V%09oNmOUseoVeR%0a=%0aconfirm()>v3dm0s,html_text,1
<D3V%09oNmOUseoVeR%0a=%0aconfirm()>v3dm0s,script_block,0
<D3V%09oNmOUseoVeR%0a=%0aconfirm()>v3dm0s,comment,0
<D3V%09oNmOUseoVeR%0a=%0aconfirm()>v3dm0s,url_href,0
<D3V%09oNmOUseoVeR%0a=%0aconfirm()>v3dm0s,url_navigation,0
"<hTmL%0aONmOUsEOVeR+=+a=prompt,a()//",html_tag,0
"<hTmL%0aONmOUsEOVeR+=+a=prompt,a()//",html_attribute,0
"<hTmL%0aONmOUsEOVeR+=+a=prompt,a()//",html_text,0
"<hTmL%0aONmOUsEOVeR+=+a=prompt,a()//",script_block,0
"<hTmL%0aONmOUsEOVeR+=+a=prompt,a()//",comment,0
"<hTmL%0aONmOUsEOVeR+=+a=prompt,a()//",url_href,0
"<hTmL%0aONmOUsEOVeR+=+a=prompt,a()//",url_navigation,0
<d3v%0doNMoUseovER%0d=%0dconfirm()%0dx>v3dm0s,html_tag,1
<d3v%0doNMoUseovER%0d=%0dconfirm()%0dx>v3dm0s,html_attribute,0
<d3v%0doNMoUseovER%0d=%0dconfirm()%0dx>v3dm0s,html_text,1
<d3v%0doNMoUseovER%0d=%0dconfirm()%0dx>v3dm0s,script_block,0
<d3v%0doNMoUseovER%0d=%0dconfirm()%0dx>v3dm0s,comment,0
<d3v%0doNMoUseovER%0d=%0dconfirm()%0dx>v3dm0s,url_href,0
<d3v%0doNMoUseovER%0d=%0dconfirm()%0dx>v3dm0s,url_navigation,0
"<hTMl%09ONPOINtErENteR%0a=%0aa=prompt,a()%0dx//",html_tag,0
"<hTMl%09ONPOINtErENteR%0a=%0aa=prompt,a()%0dx//",html_attribute,0
"<hTMl%09ONPOINtErENteR%0a=%0aa=prompt,a()%0dx//",html_text,0
"<hTMl%09ONPOINtErENteR%0a=%0aa=prompt,a()%0dx//",script_block,0
"<hTMl%09ONPOINtErENteR%0a=%0aa=prompt,a()%0dx//",comment,0
"<hTMl%09ONPOINtErENteR%0a=%0aa=prompt,a()%0dx//",url_href,0
"<hTMl%09ONPOINtErENteR%0a=%0aa=prompt,a()%0dx//",url_navigation,0
<hTmL/+/oNMOusEOVeR+=+confirm()>,html_tag,0
<hTmL/+/oNMOusEOVeR+=+confirm()>,html_attribute,0
<hTmL/+/oNMOusEOVeR+=+confirm()>,html_text,0
<hTmL/+/oNMOusEOVeR+=+confirm()>,script_block,0
<hTmL/+/oNMOusEOVeR+=+confirm()>,comment,0
<hTmL/+/oNMOusEOVeR+=+confirm()>,url_href,0
<hTmL/+/oNMOusEOVeR+=+confirm()>,url_navigation,0
<dEtAiLS%0aontOGgle%0d=%0d[8].find(confirm)%0dx>,html_tag,0
<dEtAiLS%0aontOGgle%0d=%0d[8].find(confirm)%0dx>,html_attribute,0
<dEtAiLS%0aontOGgle%0d=%0d[8].find(confirm)%0dx>,html_text,0
<dEtAiLS%0aontOGgle%0d=%0d[8].find(confirm)%0dx>,script_block,0
<dEtAiLS%0aontOGgle%0d=%0d[8].find(confirm)%0dx>,comment,0
<dEtAiLS%0aontOGgle%0d=%0d[8].find(confirm)%0dx>,url_href,0
<dEtAiLS%0aontOGgle%0d=%0d[8].find(confirm)%0dx>,url_navigation,0
<HtML/+/oNpOiNtereNteR+=+confirm()%0dx//,html_tag,0
<HtML/+/oNpOiNtereNteR+=+confirm()%0dx//,html_attribute,0
<HtML/+/oNpOiNtereNteR+=+confirm()%0dx//,html_text,0
<HtML/+/oNpOiNtereNteR+=+confirm()%0dx//,script_block,0
<HtML/+/oNpOiNtereNteR+=+confirm()%0dx//,comment,0
<HtML/+/oNpOiNtereNteR+=+confirm()%0dx//,url_href,0
<HtML/+/oNpOiNtereNteR+=+confirm()%0dx//,url_navigation,0
<dETAIls%09OnpOiNTEReNtER%0d=%0dconfirm()%0dx>,html_tag,0
<dETAIls%09OnpOiNTEReNtER%0d=%0dconfirm()%0dx>,html_attribute,0
<dETAIls%09OnpOiNTEReNtER%0d=%0dconfirm()%0dx>,html_text,0
<dETAIls%09OnpOiNTEReNtER%0d=%0dconfirm()%0dx>,script_block,0
<dETAIls%09OnpOiNTEReNtER%0d=%0dconfirm()%0dx>,comment,0
<dETAIls%09OnpOiNTEReNtER%0d=%0dconfirm()%0dx>,url_href,0
<dETAIls%09OnpOiNTEReNtER%0d=%0dconfirm()%0dx>,url_navigation,0
<DeTAiLS%09ONtOggLe+=+confirm()>,html_tag,0
<DeTAiLS%09ONtOggLe+=+confirm()>,html_attribute,0
<DeTAiLS%09ONtOggLe+=+confirm()>,html_text,0
<DeTAiLS%09ONtOggLe+=+confirm()>,script_block,0
<DeTAiLS%09ONtOggLe+=+confirm()>,comment,0
<DeTAiLS%09ONtOggLe+=+confirm()>,url_href,0
<DeTAiLS%09ONtOggLe+=+confirm()>,url_navigation,0
"<a/+/onMouSEOver%0a=%0aa=prompt,a()>v3dm0s",html_tag,1
"<a/+/onMouSEOver%0a=%0aa=prompt,a()>v3dm0s",html_attribute,0
"<a/+/onMouSEOver%0a=%0aa=prompt,a()>v3dm0s",html_text,1
"<a/+/onMouSEOver%0a=%0aa=prompt,a()>v3dm0s",script_block,0
"<a/+/onMouSEOver%0a=%0aa=prompt,a()>v3dm0s",comment,0
"<a/+/onMouSEOver%0a=%0aa=prompt,a()>v3dm0s",url_href,0
"<a/+/onMouSEOver%0a=%0aa=prompt,a()>v3dm0s",url_navigation,0
"<htML/+/oNmOUsEoVER%0d=%0da=prompt,a()%0dx>",html_tag,0
"<htML/+/oNmOUsEoVER%0d=%0da=prompt,a()%0dx>",html_attribute,0
"<htML/+/oNmOUsEoVER%0d=%0da=prompt,a()%0dx>",html_text,0
"<htML/+/oNmOUsEoVER%0d=%0da=prompt,a()%0dx>",script_block,0
"<htML/+/oNmOUsEoVER%0d=%0da=prompt,a()%0dx>",comment,0
"<htML/+/oNmOUsEoVER%0d=%0da=prompt,a()%0dx>",url_href,0
"<htML/+/oNmOUsEoVER%0d=%0da=prompt,a()%0dx>",url_navigation,0
<d3V%0aonpoinTeRENTeR%0a=%0aconfirm()>v3dm0s,html_tag,1
<d3V%0aonpoinTeRENTeR%0a=%0aconfirm()>v3dm0s,html_attribute,0
<d3V%0aonpoinTeRENTeR%0a=%0aconfirm()>v3dm0s,html_text,1
<d3V%0aonpoinTeRENTeR%0a=%0aconfirm()>v3dm0s,script_block,0
<d3V%0aonpoinTeRENTeR%0a=%0aconfirm()>v3dm0s,comment,0
<d3V%0aonpoinTeRENTeR%0a=%0aconfirm()>v3dm0s,url_href,0
<d3V%0aonpoinTeRENTeR%0a=%0aconfirm()>v3dm0s,url_navigation,0
<htmL%0aONMOuSeoVeR%0a=%0aconfirm()%0dx//,html_tag,0
<htmL%0aONMOuSeoVeR%0a=%0aconfirm()%0dx//,html_attribute,0
<htmL%0aONMOuSeoVeR%0a=%0aconfirm()%0dx//,html_text,0
<htmL%0aONMOuSeoVeR%0a=%0aconfirm()%0dx//,script_block,0
<htmL%0aONMOuSeoVeR%0a=%0aconfirm()%0dx//,comment,0
<htmL%0aONMOuSeoVeR%0a=%0aconfirm()%0dx//,url_href,0
<htmL%0aONMOuSeoVeR%0a=%0aconfirm()%0dx//,url_navigation,0
<dEtAILs%0doNpoinTereNTeR+=+confirm()%0dx>,html_tag,0
<dEtAILs%0doNpoinTereNTeR+=+confirm()%0dx>,html_attribute,0
<dEtAILs%0doNpoinTereNTeR+=+confirm()%0dx>,html_text,0
<dEtAILs%0doNpoinTereNTeR+=+confirm()%0dx>,script_block,0
<dEtAILs%0doNpoinTereNTeR+=+confirm()%0dx>,comment,0
<dEtAILs%0doNpoinTereNTeR+=+confirm()%0dx>,url_href,0
<dEtAILs%0doNpoinTereNTeR+=+confirm()%0dx>,url_navigation,0
<dETAiLS%0donPOInTeRenTEr+=+(confirm)()%0dx//,html_tag,0
<dETAiLS%0donPOInTeRenTEr+=+(confirm)()%0dx//,html_attribute,0
<dETAiLS%0donPOInTeRenTEr+=+(confirm)()%0dx//,html_text,0
<dETAiLS%0donPOInTeRenTEr+=+(confirm)()%0dx//,script_block,0
<dETAiLS%0donPOInTeRenTEr+=+(confirm)()%0dx//,comment,0
<dETAiLS%0donPOInTeRenTEr+=+(confirm)()%0dx//,url_href,0
<dETAiLS%0donPOInTeRenTEr+=+(confirm)()%0dx//,url_navigation,0
<hTMl/+/oNmOUSeoVER%0a=%0aconfirm()>,html_tag,0
<hTMl/+/oNmOUSeoVER%0a=%0aconfirm()>,html_attribute,0
<hTMl/+/oNmOUSeoVER%0a=%0aconfirm()>,html_text,0
<hTMl/+/oNmOUSeoVER%0a=%0aconfirm()>,script_block,0
<hTMl/+/oNmOUSeoVER%0a=%0aconfirm()>,comment,0
<hTMl/+/oNmOUSeoVER%0a=%0aconfirm()>,url_href,0
<hTMl/+/oNmOUSeoVER%0a=%0aconfirm()>,url_navigation,0
<a/+/OnPointeRenTEr%0a=%0aconfirm()%0dx>v3dm0s,html_tag,1
<a/+/OnPointeRenTEr%0a=%0aconfirm()%0dx>v3dm0s,html_attribute,0
<a/+/OnPointeRenTEr%0a=%0aconfirm()%0dx>v3dm0s,html_text,1
<a/+/OnPointeRenTEr%0a=%0aconfirm()%0dx>v3dm0s,script_block,0
<a/+/OnPointeRenTEr%0a=%0aconfirm()%0dx>v3dm0s,comment,0
<a/+/OnPointeRenTEr%0a=%0aconfirm()%0dx>v3dm0s,url_href,0
<a/+/OnPointeRenTEr%0a=%0aconfirm()%0dx>v3dm0s,url_navigation,0
<A%0aoNPoiNTEReNTER%0d=%0d(prompt)``%0dx>v3dm0s,html_tag,1
<A%0aoNPoiNTEReNTER%0d=%0d(prompt)``%0dx>v3dm0s,html_attribute,0
<A%0aoNPoiNTEReNTER%0d=%0d(prompt)``%0dx>v3dm0s,html_text,1
<A%0aoNPoiNTEReNTER%0d=%0d(prompt)``%0dx>v3dm0s,script_block,0
<A%0aoNPoiNTEReNTER%0d=%0d(prompt)``%0dx>v3dm0s,comment,0
<A%0aoNPoiNTEReNTER%0d=%0d(prompt)``%0dx>v3dm0s,url_href,0
<A%0aoNPoiNTEReNTER%0d=%0d(prompt)``%0dx>v3dm0s,url_navigation,0
<D3V%0aONMOUSeoVEr%0d=%0d(prompt)``%0dx>v3dm0s,html_tag,1
<D3V%0aONMOUSeoVEr%0d=%0d(prompt)``%0dx>v3dm0s,html_attribute,0
<D3V%0aONMOUSeoVEr%0d=%0d(prompt)``%0dx>v3dm0s,html_text,1
<D3V%0aONMOUSeoVEr%0d=%0d(prompt)``%0dx>v3dm0s,script_block,0
<D3V%0aONMOUSeoVEr%0d=%0d(prompt)``%0dx>v3dm0s,comment,0
<D3V%0aONMOUSeoVEr%0d=%0d(prompt)``%0dx>v3dm0s,url_href,0
<D3V%0aONMOUSeoVEr%0d=%0d(prompt)``%0dx>v3dm0s,url_navigation,0
<DEtAiLS%0dOntOgglE%0a=%0a(confirm)()%0dx//,html_tag,0
<DEtAiLS%0dOntOgglE%0a=%0a(confirm)()%0dx//,html_attribute,0
<DEtAiLS%0dOntOgglE%0a=%0a(confirm)()%0dx//,html_text,0
<DEtAiLS%0dOntOgglE%0a=%0a(confirm)()%0dx//,script_block,0
<DEtAiLS%0dOntOgglE%0a=%0a(confirm)()%0dx//,comment,0
<DEtAiLS%0dOntOgglE%0a=%0a(confirm)()%0dx//,url_href,0
<DEtAiLS%0dOntOgglE%0a=%0a(confirm)()%0dx//,url_navigation,0
<DEtaIlS%0donTOggLe+=+(prompt)``%0dx//,html_tag,0
<DEtaIlS%0donTOggLe+=+(prompt)``%0dx//,html_attribute,0
<DEtaIlS%0donTOggLe+=+(prompt)``%0dx//,html_text,0
<DEtaIlS%0donTOggLe+=+(prompt)``%0dx//,script_block,0
<DEtaIlS%0donTOggLe+=+(prompt)``%0dx//,comment,0
<DEtaIlS%0donTOggLe+=+(prompt)``%0dx//,url_href,0
<DEtaIlS%0donTOggLe+=+(prompt)``%0dx//,url_navigation,0
<htML%0aONPoINTErenTeR%0a=%0a[8].find(confirm)%0dx>,html_tag,0
<htML%0aONPoINTErenTeR%0a=%0a[8].find(confirm)%0dx>,html_attribute,0
<htML%0aONPoINTErenTeR%0a=%0a[8].find(confirm)%0dx>,html_text,0
<htML%0aONPoINTErenTeR%0a=%0a[8].find(confirm)%0dx>,script_block,0
<htML%0aONPoINTErenTeR%0a=%0a[8].find(confirm)%0dx>,comment,0
<htML%0aONPoINTErenTeR%0a=%0a[8].find(confirm)%0dx>,url_href,0
<htML%0aONPoINTErenTeR%0a=%0a[8].find(confirm)%0dx>,url_navigation,0
"<D3v%0doNmOUSeOVeR%0a=%0aa=prompt,a()%0dx>v3dm0s",html_tag,1
"<D3v%0doNmOUSeOVeR%0a=%0aa=prompt,a()%0dx>v3dm0s",html_attribute,0
"<D3v%0doNmOUSeOVeR%0a=%0aa=prompt,a()%0dx>v3dm0s",html_text,1
"<D3v%0doNmOUSeOVeR%0a=%0aa=prompt,a()%0dx>v3dm0s",script_block,0
"<D3v%0doNmOUSeOVeR%0a=%0aa=prompt,a()%0dx>v3dm0s",comment,0
"<D3v%0doNmOUSeOVeR%0a=%0aa=prompt,a()%0dx>v3dm0s",url_href,0
"<D3v%0doNmOUSeOVeR%0a=%0aa=prompt,a()%0dx>v3dm0s",url_navigation,0
"<A/+/onPOINtErENtEr%0d=%0da=prompt,a()%0dx>v3dm0s",html_tag,1
"<A/+/onPOINtErENtEr%0d=%0da=prompt,a()%0dx>v3dm0s",html_attribute,0
"<A/+/onPOINtErENtEr%0d=%0da=prompt,a()%0dx>v3dm0s",html_text,1
"<A/+/onPOINtErENtEr%0d=%0da=prompt,a()%0dx>v3dm0s",script_block,0
"<A/+/onPOINtErENtEr%0d=%0da=prompt,a()%0dx>v3dm0s",comment,0
"<A/+/onPOINtErENtEr%0d=%0da=prompt,a()%0dx>v3dm0s",url_href,0
"<A/+/onPOINtErENtEr%0d=%0da=prompt,a()%0dx>v3dm0s",url_navigation,0
<a%0doNpoinTERenteR%0d=%0dconfirm()>v3dm0s,html_tag,1
<a%0doNpoinTERenteR%0d=%0dconfirm()>v3dm0s,html_attribute,0
<a%0doNpoinTERenteR%0d=%0dconfirm()>v3dm0s,html_text,1
<a%0doNpoinTERenteR%0d=%0dconfirm()>v3dm0s,script_block,0
<a%0doNpoinTERenteR%0d=%0dconfirm()>v3dm0s,comment,0
<a%0doNpoinTERenteR%0d=%0dconfirm()>v3dm0s,url_href,0
<a%0doNpoinTERenteR%0d=%0dconfirm()>v3dm0s,url_navigation,0
<d3v/+/OnPOIntErEntER%0a=%0a[8].find(confirm)>v3dm0s,html_tag,1
<d3v/+/OnPOIntErEntER%0a=%0a[8].find(confirm)>v3dm0s,html_attribute,0
<d3v/+/OnPOIntErEntER%0a=%0a[8].find(confirm)>v3dm0s,html_text,1
<d3v/+/OnPOIntErEntER%0a=%0a[8].find(confirm)>v3dm0s,script_block,0
<d3v/+/OnPOIntErEntER%0a=%0a[8].find(confirm)>v3dm0s,comment,0
<d3v/+/OnPOIntErEntER%0a=%0a[8].find(confirm)>v3dm0s,url_href,0
<d3v/+/OnPOIntErEntER%0a=%0a[8].find(confirm)>v3dm0s,url_navigation,0
<D3v%0aOnpOIntereNTEr%0d=%0d(confirm)()%0dx>v3dm0s,html_tag,1
<D3v%0aOnpOIntereNTEr%0d=%0d(confirm)()%0dx>v3dm0s,html_attribute,0
<D3v%0aOnpOIntereNTEr%0d=%0d(confirm)()%0dx>v3dm0s,html_text,1
<D3v%0aOnpOIntereNTEr%0d=%0d(confirm)()%0dx>v3dm0s,script_block,0
<D3v%0aOnpOIntereNTEr%0d=%0d(confirm)()%0dx>v3dm0s,comment,0
<D3v%0aOnpOIntereNTEr%0d=%0d(confirm)()%0dx>v3dm0s,url_href,0
<D3v%0aOnpOIntereNTEr%0d=%0d(confirm)()%0dx>v3dm0s,url_navigation,0
<d3V/+/OnpOiNteRENter%09=%09(confirm)()%0dx>v3dm0s,html_tag,1
<d3V/+/OnpOiNteRENter%09=%09(confirm)()%0dx>v3dm0s,html_attribute,0
<d3V/+/OnpOiNteRENter%09=%09(confirm)()%0dx>v3dm0s,html_text,1
<d3V/+/OnpOiNteRENter%09=%09(confirm)()%0dx>v3dm0s,script_block,0
<d3V/+/OnpOiNteRENter%09=%09(confirm)()%0dx>v3dm0s,comment,0
<d3V/+/OnpOiNteRENter%09=%09(confirm)()%0dx>v3dm0s,url_href,0
<d3V/+/OnpOiNteRENter%09=%09(confirm)()%0dx>v3dm0s,url_navigation,0
<A%0aOnPoIntEreNter%0d=%0dconfirm()>v3dm0s,html_tag,1
<A%0aOnPoIntEreNter%0d=%0dconfirm()>v3dm0s,html_attribute,0
<A%0aOnPoIntEreNter%0d=%0dconfirm()>v3dm0s,html_text,1
<A%0aOnPoIntEreNter%0d=%0dconfirm()>v3dm0s,script_block,0
<A%0aOnPoIntEreNter%0d=%0dconfirm()>v3dm0s,comment,0
<A%0aOnPoIntEreNter%0d=%0dconfirm()>v3dm0s,url_href,0
<A%0aOnPoIntEreNter%0d=%0dconfirm()>v3dm0s,url_navigation,0
<detaILs%09onTOGgLe%0a=%0a(confirm)()//,html_tag,0
<detaILs%09onTOGgLe%0a=%0a(confirm)()//,html_attribute,0
<detaILs%09onTOGgLe%0a=%0a(confirm)()//,html_text,0
<detaILs%09onTOGgLe%0a=%0a(confirm)()//,script_block,0
<detaILs%09onTOGgLe%0a=%0a(confirm)()//,comment,0
<detaILs%09onTOGgLe%0a=%0a(confirm)()//,url_href,0
<detaILs%09onTOGgLe%0a=%0a(confirm)()//,url_navigation,0
<DeTAILs%09ONTOggLe%0d=%0d(prompt)``%0dx//,html_tag,0
<DeTAILs%09ONTOggLe%0d=%0d(prompt)``%0dx//,html_attribute,0
<DeTAILs%09ONTOggLe%0d=%0d(prompt)``%0dx//,html_text,0
<DeTAILs%09ONTOggLe%0d=%0d(prompt)``%0dx//,script_block,0
<DeTAILs%09ONTOggLe%0d=%0d(prompt)``%0dx//,comment,0
<DeTAILs%09ONTOggLe%0d=%0d(prompt)``%0dx//,url_href,0
<DeTAILs%09ONTOggLe%0d=%0d(prompt)``%0dx//,url_navigation,0
<HTML/+/oNpointERENTER%0d=%0dconfirm()>,html_tag,0
<HTML/+/oNpointERENTER%0d=%0dconfirm()>,html_attribute,0
<HTML/+/oNpointERENTER%0d=%0dconfirm()>,html_text,0
<HTML/+/oNpointERENTER%0d=%0dconfirm()>,script_block,0
<HTML/+/oNpointERENTER%0d=%0dconfirm()>,comment,0
<HTML/+/oNpointERENTER%0d=%0dconfirm()>,url_href,0
<HTML/+/oNpointERENTER%0d=%0dconfirm()>,url_navigation,0
<A%0doNMoUSeoVER%09=%09[8].find(confirm)>v3dm0s,html_tag,1
<A%0doNMoUSeoVER%09=%09[8].find(confirm)>v3dm0s,html_attribute,0
<A%0doNMoUSeoVER%09=%09[8].find(confirm)>v3dm0s,html_text,1
<A%0doNMoUSeoVER%09=%09[8].find(confirm)>v3dm0s,script_block,0
<A%0doNMoUSeoVER%09=%09[8].find(confirm)>v3dm0s,comment,0
<A%0doNMoUSeoVER%09=%09[8].find(confirm)>v3dm0s,url_href,0
<A%0doNMoUSeoVER%09=%09[8].find(confirm)>v3dm0s,url_navigation,0
"<hTML/+/oNMOuSeoveR%09=%09a=prompt,a()//",html_tag,0
"<hTML/+/oNMOuSeoveR%09=%09a=prompt,a()//",html_attribute,0
"<hTML/+/oNMOuSeoveR%09=%09a=prompt,a()//",html_text,0
"<hTML/+/oNMOuSeoveR%09=%09a=prompt,a()//",script_block,0
"<hTML/+/oNMOuSeoveR%09=%09a=prompt,a()//",comment,0
"<hTML/+/oNMOuSeoveR%09=%09a=prompt,a()//",url_href,0
"<hTML/+/oNMOuSeoveR%09=%09a=prompt,a()//",url_navigation,0
<a/+/ONPoiNtEREnTEr%0a=%0a[8].find(confirm)%0dx>v3dm0s,html_tag,1
<a/+/ONPoiNtEREnTEr%0a=%0a[8].find(confirm)%0dx>v3dm0s,html_attribute,0
<a/+/ONPoiNtEREnTEr%0a=%0a[8].find(confirm)%0dx>v3dm0s,html_text,1
<a/+/ONPoiNtEREnTEr%0a=%0a[8].find(confirm)%0dx>v3dm0s,script_block,0
<a/+/ONPoiNtEREnTEr%0a=%0a[8].find(confirm)%0dx>v3dm0s,comment,0
<a/+/ONPoiNtEREnTEr%0a=%0a[8].find(confirm)%0dx>v3dm0s,url_href,0
<a/+/ONPoiNtEREnTEr%0a=%0a[8].find(confirm)%0dx>v3dm0s,url_navigation,0
<DEtaIlS%0aOntoGglE+=+[8].find(confirm)%0dx>,html_tag,0
<DEtaIlS%0aOntoGglE+=+[8].find(confirm)%0dx>,html_attribute,0
<DEtaIlS%0aOntoGglE+=+[8].find(confirm)%0dx>,html_text,0
<DEtaIlS%0aOntoGglE+=+[8].find(confirm)%0dx>,script_block,0
<DEtaIlS%0aOntoGglE+=+[8].find(confirm)%0dx>,comment,0
<DEtaIlS%0aOntoGglE+=+[8].find(confirm)%0dx>,url_href,0
<DEtaIlS%0aOntoGglE+=+[8].find(confirm)%0dx>,url_navigation,0
<d3V%0doNmoUseoVER%0d=%0d(confirm)()%0dx>v3dm0s,html_tag,1
<d3V%0doNmoUseoVER%0d=%0d(confirm)()%0dx>v3dm0s,html_attribute,0
<d3V%0doNmoUseoVER%0d=%0d(confirm)()%0dx>v3dm0s,html_text,1
<d3V%0doNmoUseoVER%0d=%0d(confirm)()%0dx>v3dm0s,script_block,0
<d3V%0doNmoUseoVER%0d=%0d(confirm)()%0dx>v3dm0s,comment,0
<d3V%0doNmoUseoVER%0d=%0d(confirm)()%0dx>v3dm0s,url_href,0
<d3V%0doNmoUseoVER%0d=%0d(confirm)()%0dx>v3dm0s,url_navigation,0
<D3v%09oNmoUseOVER%0a=%0aconfirm()%0dx>v3dm0s,html_tag,1
<D3v%09oNmoUseOVER%0a=%0aconfirm()%0dx>v3dm0s,html_attribute,0
<D3v%09oNmoUseOVER%0a=%0aconfirm()%0dx>v3dm0s,html_text,1
<D3v%09oNmoUseOVER%0a=%0aconfirm()%0dx>v3dm0s,script_block,0
<D3v%09oNmoUseOVER%0a=%0aconfirm()%0dx>v3dm0s,comment,0
<D3v%09oNmoUseOVER%0a=%0aconfirm()%0dx>v3dm0s,url_href,0
<D3v%09oNmoUseOVER%0a=%0aconfirm()%0dx>v3dm0s,url_navigation,0
<d3v%0aonmousEovER%0a=%0a(confirm)()>v3dm0s,html_tag,1
<d3v%0aonmousEovER%0a=%0a(confirm)()>v3dm0s,html_attribute,0
<d3v%0aonmousEovER%0a=%0a(confirm)()>v3dm0s,html_text,1
<d3v%0aonmousEovER%0a=%0a(confirm)()>v3dm0s,script_block,0
<d3v%0aonmousEovER%0a=%0a(confirm)()>v3dm0s,comment,0
<d3v%0aonmousEovER%0a=%0a(confirm)()>v3dm0s,url_href,0
<d3v%0aonmousEovER%0a=%0a(confirm)()>v3dm0s,url_navigation,0
<a%0aoNPOiNTERENTeR%09=%09[8].find(confirm)%0dx>v3dm0s,html_tag,1
<a%0aoNPOiNTERENTeR%09=%09[8].find(confirm)%0dx>v3dm0s,html_attribute,0
<a%0aoNPOiNTERENTeR%09=%09[8].find(confirm)%0dx>v3dm0s,html_text,1
<a%0aoNPOiNTERENTeR%09=%09[8].find(confirm)%0dx>v3dm0s,script_block,0
<a%0aoNPOiNTERENTeR%09=%09[8].find(confirm)%0dx>v3dm0s,comment,0
<a%0aoNPOiNTERENTeR%09=%09[8].find(confirm)%0dx>v3dm0s,url_href,0
<a%0aoNPOiNTERENTeR%09=%09[8].find(confirm)%0dx>v3dm0s,url_navigation,0
<hTmL/+/oNmOuseOVEr%0a=%0a(confirm)()>,html_tag,0
<hTmL/+/oNmOuseOVEr%0a=%0a(confirm)()>,html_attribute,0
<hTmL/+/oNmOuseOVEr%0a=%0a(confirm)()>,html_text,0
<hTmL/+/oNmOuseOVEr%0a=%0a(confirm)()>,script_block,0
<hTmL/+/oNmOuseOVEr%0a=%0a(confirm)()>,comment,0
<hTmL/+/oNmOuseOVEr%0a=%0a(confirm)()>,url_href,0
<hTmL/+/oNmOuseOVEr%0a=%0a(confirm)()>,url_navigation,0
"<D3V/+/oNMOUseoVEr%0d=%0da=prompt,a()>v3dm0s",html_tag,1
"<D3V/+/oNMOUseoVEr%0d=%0da=prompt,a()>v3dm0s",html_attribute,0
"<D3V/+/oNMOUseoVEr%0d=%0da=prompt,a()>v3dm0s",html_text,1
"<D3V/+/oNMOUseoVEr%0d=%0da=prompt,a()>v3dm0s",script_block,0
"<D3V/+/oNMOUseoVEr%0d=%0da=prompt,a()>v3dm0s",comment,0
"<D3V/+/oNMOUseoVEr%0d=%0da=prompt,a()>v3dm0s",url_href,0
"<D3V/+/oNMOUseoVEr%0d=%0da=prompt,a()>v3dm0s",url_navigation,0
<A%09oNPoinTERenteR%09=%09confirm()>v3dm0s,html_tag,1
<A%09oNPoinTERenteR%09=%09confirm()>v3dm0s,html_attribute,0
<A%09oNPoinTERenteR%09=%09confirm()>v3dm0s,html_text,1
<A%09oNPoinTERenteR%09=%09confirm()>v3dm0s,script_block,0
<A%09oNPoinTERenteR%09=%09confirm()>v3dm0s,comment,0
<A%09oNPoinTERenteR%09=%09confirm()>v3dm0s,url_href,0
<A%09oNPoinTERenteR%09=%09confirm()>v3dm0s,url_navigation,0
<htML%0aoNMOuseOVeR%0d=%0d(prompt)``//,html_tag,0
<htML%0aoNMOuseOVeR%0d=%0d(prompt)``//,html_attribute,0
<htML%0aoNMOuseOVeR%0d=%0d(prompt)``//,html_text,0
<htML%0aoNMOuseOVeR%0d=%0d(prompt)``//,script_block,0
<htML%0aoNMOuseOVeR%0d=%0d(prompt)``//,comment,0
<htML%0aoNMOuseOVeR%0d=%0d(prompt)``//,url_href,0
<htML%0aoNMOuseOVeR%0d=%0d(prompt)``//,url_navigation,0
<html%0dOnPOiNTerEnteR+=+confirm()>,html_tag,0
<html%0dOnPOiNTerEnteR+=+confirm()>,html_attribute,0
<html%0dOnPOiNTerEnteR+=+confirm()>,html_text,0
<html%0dOnPOiNTerEnteR+=+confirm()>,script_block,0
<html%0dOnPOiNTerEnteR+=+confirm()>,comment,0
<html%0dOnPOiNTerEnteR+=+confirm()>,url_href,0
<html%0dOnPOiNTerEnteR+=+confirm()>,url_navigation,0
<D3v%0aoNMOUsEover+=+confirm()>v3dm0s,html_tag,0
<D3v%0aoNMOUsEover+=+confirm()>v3dm0s,html_attribute,0
<D3v%0aoNMOUsEover+=+confirm()>v3dm0s,html_text,0
<D3v%0aoNMOUsEover+=+confirm()>v3dm0s,script_block,0
<D3v%0aoNMOUsEover+=+confirm()>v3dm0s,comment,0
<D3v%0aoNMOUsEover+=+confirm()>v3dm0s,url_href,0
<D3v%0aoNMOUsEover+=+confirm()>v3dm0s,url_navigation,0
<DeTaILS%0doNpointerENTER%0d=%0dconfirm()>,html_tag,0
<DeTaILS%0doNpointerENTER%0d=%0dconfirm()>,html_attribute,0
<DeTaILS%0doNpointerENTER%0d=%0dconfirm()>,html_text,0
<DeTaILS%0doNpointerENTER%0d=%0dconfirm()>,script_block,0
<DeTaILS%0doNpointerENTER%0d=%0dconfirm()>,comment,0
<DeTaILS%0doNpointerENTER%0d=%0dconfirm()>,url_href,0
<DeTaILS%0doNpointerENTER%0d=%0dconfirm()>,url_navigation,0
<DETaILs/+/oNpOinTeREntEr%09=%09confirm()%0dx//,html_tag,0
<DETaILs/+/oNpOinTeREntEr%09=%09confirm()%0dx//,html_attribute,0
<DETaILs/+/oNpOinTeREntEr%09=%09confirm()%0dx//,html_text,0
<DETaILs/+/oNpOinTeREntEr%09=%09confirm()%0dx//,script_block,0
<DETaILs/+/oNpOinTeREntEr%09=%09confirm()%0dx//,comment,0
<DETaILs/+/oNpOinTeREntEr%09=%09confirm()%0dx//,url_href,0
<DETaILs/+/oNpOinTeREntEr%09=%09confirm()%0dx//,url_navigation,0
<dEtAIlS%09onTOgGLE%09=%09confirm()>,html_tag,0
<dEtAIlS%09onTOgGLE%09=%09confirm()>,html_attribute,0
<dEtAIlS%09onTOgGLE%09=%09confirm()>,html_text,0
<dEtAIlS%09onTOgGLE%09=%09confirm()>,script_block,0
<dEtAIlS%09onTOgGLE%09=%09confirm()>,comment,0
<dEtAIlS%09onTOgGLE%09=%09confirm()>,url_href,0
<dEtAIlS%09onTOgGLE%09=%09confirm()>,url_navigation,0
<A/+/onpOiNTEReNtER%0a=%0a(confirm)()>v3dm0s,html_tag,1
<A/+/onpOiNTEReNtER%0a=%0a(confirm)()>v3dm0s,html_attribute,0
<A/+/onpOiNTEReNtER%0a=%0a(confirm)()>v3dm0s,html_text,1
<A/+/onpOiNTEReNtER%0a=%0a(confirm)()>v3dm0s,script_block,0
<A/+/onpOiNTEReNtER%0a=%0a(confirm)()>v3dm0s,comment,0
<A/+/onpOiNTEReNtER%0a=%0a(confirm)()>v3dm0s,url_href,0
<A/+/onpOiNTEReNtER%0a=%0a(confirm)()>v3dm0s,url_navigation,0
<HTml%0aONmOuseOVeR+=+confirm()//,html_tag,0
<HTml%0aONmOuseOVeR+=+confirm()//,html_attribute,0
<HTml%0aONmOuseOVeR+=+confirm()//,html_text,0
<HTml%0aONmOuseOVeR+=+confirm()//,script_block,0
<HTml%0aONmOuseOVeR+=+confirm()//,comment,0
<HTml%0aONmOuseOVeR+=+confirm()//,url_href,0
<HTml%0aONmOuseOVeR+=+confirm()//,url_navigation,0
<Html/+/onPoiNterENteR%09=%09confirm()%0dx>,html_tag,0
<Html/+/onPoiNterENteR%09=%09confirm()%0dx>,html_attribute,0
<Html/+/onPoiNterENteR%09=%09confirm()%0dx>,html_text,0
<Html/+/onPoiNterENteR%09=%09confirm()%0dx>,script_block,0
<Html/+/onPoiNterENteR%09=%09confirm()%0dx>,comment,0
<Html/+/onPoiNterENteR%09=%09confirm()%0dx>,url_href,0
<Html/+/onPoiNterENteR%09=%09confirm()%0dx>,url_navigation,0
<HTml/+/oNmouSEOVER+=+(prompt)``%0dx//,html_tag,0
<HTml/+/oNmouSEOVER+=+(prompt)``%0dx//,html_attribute,0
<HTml/+/oNmouSEOVER+=+(prompt)``%0dx//,html_text,0
<HTml/+/oNmouSEOVER+=+(prompt)``%0dx//,script_block,0
<HTml/+/oNmouSEOVER+=+(prompt)``%0dx//,comment,0
<HTml/+/oNmouSEOVER+=+(prompt)``%0dx//,url_href,0
<HTml/+/oNmouSEOVER+=+(prompt)``%0dx//,url_navigation,0
"<details/+/ONpOinteRENTeR+=+a=prompt,a()//",html_tag,0
"<details/+/ONpOinteRENTeR+=+a=prompt,a()//",html_attribute,0
"<details/+/ONpOinteRENTeR+=+a=prompt,a()//",html_text,0
"<details/+/ONpOinteRENTeR+=+a=prompt,a()//",script_block,0
"<details/+/ONpOinteRENTeR+=+a=prompt,a()//",comment,0
"<details/+/ONpOinteRENTeR+=+a=prompt,a()//",url_href,0
"<details/+/ONpOinteRENTeR+=+a=prompt,a()//",url_navigation,0
<DetAIls%0donpoinTeRENter%0a=%0a(prompt)``>,html_tag,0
<DetAIls%0donpoinTeRENter%0a=%0a(prompt)``>,html_attribute,0
<DetAIls%0donpoinTeRENter%0a=%0a(prompt)``>,html_text,0
<DetAIls%0donpoinTeRENter%0a=%0a(prompt)``>,script_block,0
<DetAIls%0donpoinTeRENter%0a=%0a(prompt)``>,comment,0
<DetAIls%0donpoinTeRENter%0a=%0a(prompt)``>,url_href,0
<DetAIls%0donpoinTeRENter%0a=%0a(prompt)``>,url_navigation,0
<D3v%0aoNPOInTerentEr+=+confirm()%0dx>v3dm0s,html_tag,0
<D3v%0aoNPOInTerentEr+=+confirm()%0dx>v3dm0s,html_attribute,0
<D3v%0aoNPOInTerentEr+=+confirm()%0dx>v3dm0s,html_text,0
<D3v%0aoNPOInTerentEr+=+confirm()%0dx>v3dm0s,script_block,0
<D3v%0aoNPOInTerentEr+=+confirm()%0dx>v3dm0s,comment,0
<D3v%0aoNPOInTerentEr+=+confirm()%0dx>v3dm0s,url_href,0
<D3v%0aoNPOInTerentEr+=+confirm()%0dx>v3dm0s,url_navigation,0
<a%09ONMOusEover%0a=%0a(confirm)()%0dx>v3dm0s,html_tag,1
<a%09ONMOusEover%0a=%0a(confirm)()%0dx>v3dm0s,html_attribute,0
<a%09ONMOusEover%0a=%0a(confirm)()%0dx>v3dm0s,html_text,1
<a%09ONMOusEover%0a=%0a(confirm)()%0dx>v3dm0s,script_block,0
<a%09ONMOusEover%0a=%0a(confirm)()%0dx>v3dm0s,comment,0
<a%09ONMOusEover%0a=%0a(confirm)()%0dx>v3dm0s,url_href,0
<a%09ONMOusEover%0a=%0a(confirm)()%0dx>v3dm0s,url_navigation,0
<a%0dOnPoiNTERentEr+=+(confirm)()%0dx>v3dm0s,html_tag,0
<a%0dOnPoiNTERentEr+=+(confirm)()%0dx>v3dm0s,html_attribute,0
<a%0dOnPoiNTERentEr+=+(confirm)()%0dx>v3dm0s,html_text,0
<a%0dOnPoiNTERentEr+=+(confirm)()%0dx>v3dm0s,script_block,0
<a%0dOnPoiNTERentEr+=+(confirm)()%0dx>v3dm0s,comment,0
<a%0dOnPoiNTERentEr+=+(confirm)()%0dx>v3dm0s,url_href,0
<a%0dOnPoiNTERentEr+=+(confirm)()%0dx>v3dm0s,url_navigation,0
<d3V%0aOnmOUSeOvEr%0d=%0d[8].find(confirm)%0dx>v3dm0s,html_tag,1
<d3V%0aOnmOUSeOvEr%0d=%0d[8].find(confirm)%0dx>v3dm0s,html_attribute,0
<d3V%0aOnmOUSeOvEr%0d=%0d[8].find(confirm)%0dx>v3dm0s,html_text,1
<d3V%0aOnmOUSeOvEr%0d=%0d[8].find(confirm)%0dx>v3dm0s,script_block,0
<d3V%0aOnmOUSeOvEr%0d=%0d[8].find(confirm)%0dx>v3dm0s,comment,0
<d3V%0aOnmOUSeOvEr%0d=%0d[8].find(confirm)%0dx>v3dm0s,url_href,0
<d3V%0aOnmOUSeOvEr%0d=%0d[8].find(confirm)%0dx>v3dm0s,url_navigation,0
<htML%0doNmoUseOvER%0d=%0d(prompt)``>,html_tag,0
<htML%0doNmoUseOvER%0d=%0d(prompt)``>,html_attribute,0
<htML%0doNmoUseOvER%0d=%0d(prompt)``>,html_text,0
<htML%0doNmoUseOvER%0d=%0d(prompt)``>,script_block,0
<htML%0doNmoUseOvER%0d=%0d(prompt)``>,comment,0
<htML%0doNmoUseOvER%0d=%0d(prompt)``>,url_href,0
<htML%0doNmoUseOvER%0d=%0d(prompt)``>,url_navigation,0
"<detAilS%09ontOgGlE%09=%09a=prompt,a()//",html_tag,0
"<detAilS%09ontOgGlE%09=%09a=prompt,a()//",html_attribute,0
"<detAilS%09ontOgGlE%09=%09a=prompt,a()//",html_text,0
"<detAilS%09ontOgGlE%09=%09a=prompt,a()//",script_block,0
"<detAilS%09ontOgGlE%09=%09a=prompt,a()//",comment,0
"<detAilS%09ontOgGlE%09=%09a=prompt,a()//",url_href,0
"<detAilS%09ontOgGlE%09=%09a=prompt,a()//",url_navigation,0
<HTml%0aoNPoINTErEnter+=+(confirm)()%0dx>,html_tag,0
<HTml%0aoNPoINTErEnter+=+(confirm)()%0dx>,html_attribute,0
<HTml%0aoNPoINTErEnter+=+(confirm)()%0dx>,html_text,0
<HTml%0aoNPoINTErEnter+=+(confirm)()%0dx>,script_block,0
<HTml%0aoNPoINTErEnter+=+(confirm)()%0dx>,comment,0
<HTml%0aoNPoINTErEnter+=+(confirm)()%0dx>,url_href,0
<HTml%0aoNPoINTErEnter+=+(confirm)()%0dx>,url_navigation,0
<D3v%0aoNPOInTERenTeR%09=%09confirm()>v3dm0s,html_tag,1
<D3v%0aoNPOInTERenTeR%09=%09confirm()>v3dm0s,html_attribute,0
<D3v%0aoNPOInTERenTeR%09=%09confirm()>v3dm0s,html_text,1
<D3v%0aoNPOInTERenTeR%09=%09confirm()>v3dm0s,script_block,0
<D3v%0aoNPOInTERenTeR%09=%09confirm()>v3dm0s,comment,0
<D3v%0aoNPOInTERenTeR%09=%09confirm()>v3dm0s,url_href,0
<D3v%0aoNPOInTERenTeR%09=%09confirm()>v3dm0s,url_navigation,0
<D3v%0aOnMoUsEover%09=%09confirm()>v3dm0s,html_tag,1
<D3v%0aOnMoUsEover%09=%09confirm()>v3dm0s,html_attribute,0
<D3v%0aOnMoUsEover%09=%09confirm()>v3dm0s,html_text,1
<D3v%0aOnMoUsEover%09=%09confirm()>v3dm0s,script_block,0
<D3v%0aOnMoUsEover%09=%09confirm()>v3dm0s,comment,0
<D3v%0aOnMoUsEover%09=%09confirm()>v3dm0s,url_href,0
<D3v%0aOnMoUsEover%09=%09confirm()>v3dm0s,url_navigation,0
<d3V/+/OnpOInTerENtER%0a=%0a(confirm)()>v3dm0s,html_tag,1
<d3V/+/OnpOInTerENtER%0a=%0a(confirm)()>v3dm0s,html_attribute,0
<d3V/+/OnpOInTerENtER%0a=%0a(confirm)()>v3dm0s,html_text,1
<d3V/+/OnpOInTerENtER%0a=%0a(confirm)()>v3dm0s,script_block,0
<d3V/+/OnpOInTerENtER%0a=%0a(confirm)()>v3dm0s,comment,0
<d3V/+/OnpOInTerENtER%0a=%0a(confirm)()>v3dm0s,url_href,0
<d3V/+/OnpOInTerENtER%0a=%0a(confirm)()>v3dm0s,url_navigation,0
<A%09onMOuSEoVeR+=+confirm()>v3dm0s,html_tag,0
<A%09onMOuSEoVeR+=+confirm()>v3dm0s,html_attribute,0
<A%09onMOuSEoVeR+=+confirm()>v3dm0s,html_text,0
<A%09onMOuSEoVeR+=+confirm()>v3dm0s,script_block,0
<A%09onMOuSEoVeR+=+confirm()>v3dm0s,comment,0
<A%09onMOuSEoVeR+=+confirm()>v3dm0s,url_href,0
<A%09onMOuSEoVeR+=+confirm()>v3dm0s,url_navigation,0
<DeTaiLs%0dONpoiNtErenTEr%0d=%0dconfirm()%0dx//,html_tag,0
<DeTaiLs%0dONpoiNtErenTEr%0d=%0dconfirm()%0dx//,html_attribute,0
<DeTaiLs%0dONpoiNtErenTEr%0d=%0dconfirm()%0dx//,html_text,0
<DeTaiLs%0dONpoiNtErenTEr%0d=%0dconfirm()%0dx//,script_block,0
<DeTaiLs%0dONpoiNtErenTEr%0d=%0dconfirm()%0dx//,comment,0
<DeTaiLs%0dONpoiNtErenTEr%0d=%0dconfirm()%0dx//,url_href,0
<DeTaiLs%0dONpoiNtErenTEr%0d=%0dconfirm()%0dx//,url_navigation,0
"<A%0donpOIntEreNTer%0a=%0aa=prompt,a()%0dx>v3dm0s",html_tag,1
"<A%0donpOIntEreNTer%0a=%0aa=prompt,a()%0dx>v3dm0s",html_attribute,0
"<A%0donpOIntEreNTer%0a=%0aa=prompt,a()%0dx>v3dm0s",html_text,1
"<A%0donpOIntEreNTer%0a=%0aa=prompt,a()%0dx>v3dm0s",script_block,0
"<A%0donpOIntEreNTer%0a=%0aa=prompt,a()%0dx>v3dm0s",comment,0
"<A%0donpOIntEreNTer%0a=%0aa=prompt,a()%0dx>v3dm0s",url_href,0
"<A%0donpOIntEreNTer%0a=%0aa=prompt,a()%0dx>v3dm0s",url_navigation,0
<Html%0doNPOinTerEntEr+=+[8].find(confirm)//,html_tag,0
<Html%0doNPOinTerEntEr+=+[8].find(confirm)//,html_attribute,0
<Html%0doNPOinTerEntEr+=+[8].find(confirm)//,html_text,0
<Html%0doNPOinTerEntEr+=+[8].find(confirm)//,script_block,0
<Html%0doNPOinTerEntEr+=+[8].find(confirm)//,comment,0
<Html%0doNPOinTerEntEr+=+[8].find(confirm)//,url_href,0
<Html%0doNPOinTerEntEr+=+[8].find(confirm)//,url_navigation,0
<HTMl%0dOnmoUsEover%0a=%0aconfirm()%0dx//,html_tag,0
<HTMl%0dOnmoUsEover%0a=%0aconfirm()%0dx//,html_attribute,0
<HTMl%0dOnmoUsEover%0a=%0aconfirm()%0dx//,html_text,0
<HTMl%0dOnmoUsEover%0a=%0aconfirm()%0dx//,script_block,0
<HTMl%0dOnmoUsEover%0a=%0aconfirm()%0dx//,comment,0
<HTMl%0dOnmoUsEover%0a=%0aconfirm()%0dx//,url_href,0
<HTMl%0dOnmoUsEover%0a=%0aconfirm()%0dx//,url_navigation,0
<HtML/+/onMouseovEr%0d=%0dconfirm()%0dx//,html_tag,0
<HtML/+/onMouseovEr%0d=%0dconfirm()%0dx//,html_attribute,0
<HtML/+/onMouseovEr%0d=%0dconfirm()%0dx//,html_text,0
<HtML/+/onMouseovEr%0d=%0dconfirm()%0dx//,script_block,0
<HtML/+/onMouseovEr%0d=%0dconfirm()%0dx//,comment,0
<HtML/+/onMouseovEr%0d=%0dconfirm()%0dx//,url_href,0
<HtML/+/onMouseovEr%0d=%0dconfirm()%0dx//,url_navigation,0
<dETAIlS%0aonpOInTereNTer%0a=%0a(confirm)()>,html_tag,0
<dETAIlS%0aonpOInTereNTer%0a=%0a(confirm)()>,html_attribute,0
<dETAIlS%0aonpOInTereNTer%0a=%0a(confirm)()>,html_text,0
<dETAIlS%0aonpOInTereNTer%0a=%0a(confirm)()>,script_block,0
<dETAIlS%0aonpOInTereNTer%0a=%0a(confirm)()>,comment,0
<dETAIlS%0aonpOInTereNTer%0a=%0a(confirm)()>,url_href,0
<dETAIlS%0aonpOInTereNTer%0a=%0a(confirm)()>,url_navigation,0
<d3v%09oNMOUsEOVer%09=%09confirm()>v3dm0s,html_tag,1
<d3v%09oNMOUsEOVer%09=%09confirm()>v3dm0s,html_attribute,0
<d3v%09oNMOUsEOVer%09=%09confirm()>v3dm0s,html_text,1
<d3v%09oNMOUsEOVer%09=%09confirm()>v3dm0s,script_block,0
<d3v%09oNMOUsEOVer%09=%09confirm()>v3dm0s,comment,0
<d3v%09oNMOUsEOVer%09=%09confirm()>v3dm0s,url_href,0
<d3v%09oNMOUsEOVer%09=%09confirm()>v3dm0s,url_navigation,0
"<d3V%0aONpoInteRENTER%0a=%0aa=prompt,a()%0dx>v3dm0s",html_tag,1
"<d3V%0aONpoInteRENTER%0a=%0aa=prompt,a()%0dx>v3dm0s",html_attribute,0
"<d3V%0aONpoInteRENTER%0a=%0aa=prompt,a()%0dx>v3dm0s",html_text,1
"<d3V%0aONpoInteRENTER%0a=%0aa=prompt,a()%0dx>v3dm0s",script_block,0
"<d3V%0aONpoInteRENTER%0a=%0aa=prompt,a()%0dx>v3dm0s",comment,0
"<d3V%0aONpoInteRENTER%0a=%0aa=prompt,a()%0dx>v3dm0s",url_href,0
"<d3V%0aONpoInteRENTER%0a=%0aa=prompt,a()%0dx>v3dm0s",url_navigation,0
"<a%0aonmoUSeover%0a=%0aa=prompt,a()>v3dm0s",html_tag,1
"<a%0aonmoUSeover%0a=%0aa=prompt,a()>v3dm0s",html_attribute,0
"<a%0aonmoUSeover%0a=%0aa=prompt,a()>v3dm0s",html_text,1
"<a%0aonmoUSeover%0a=%0aa=prompt,a()>v3dm0s",script_block,0
"<a%0aonmoUSeover%0a=%0aa=prompt,a()>v3dm0s",comment,0
"<a%0aonmoUSeover%0a=%0aa=prompt,a()>v3dm0s",url_href,0
"<a%0aonmoUSeover%0a=%0aa=prompt,a()>v3dm0s",url_navigation,0
<d3V%09oNMOUseOVER%09=%09confirm()>v3dm0s,html_tag,1
<d3V%09oNMOUseOVER%09=%09confirm()>v3dm0s,html_attribute,0
<d3V%09oNMOUseOVER%09=%09confirm()>v3dm0s,html_text,1
<d3V%09oNMOUseOVER%09=%09confirm()>v3dm0s,script_block,0
<d3V%09oNMOUseOVER%09=%09confirm()>v3dm0s,comment,0
<d3V%09oNMOUseOVER%09=%09confirm()>v3dm0s,url_href,0
<d3V%09oNMOUseOVER%09=%09confirm()>v3dm0s,url_navigation,0
<d3v/+/oNMOUSEOver%0d=%0dconfirm()%0dx>v3dm0s,html_tag,1
<d3v/+/oNMOUSEOver%0d=%0dconfirm()%0dx>v3dm0s,html_attribute,0
<d3v/+/oNMOUSEOver%0d=%0dconfirm()%0dx>v3dm0s,html_text,1
<d3v/+/oNMOUSEOver%0d=%0dconfirm()%0dx>v3dm0s,script_block,0
<d3v/+/oNMOUSEOver%0d=%0dconfirm()%0dx>v3dm0s,comment,0
<d3v/+/oNMOUSEOver%0d=%0dconfirm()%0dx>v3dm0s,url_href,0
<d3v/+/oNMOUSEOver%0d=%0dconfirm()%0dx>v3dm0s,url_navigation,0
<DETAilS%09ONtoggle%0d=%0dconfirm()%0dx>,html_tag,0
<DETAilS%09ONtoggle%0d=%0dconfirm()%0dx>,html_attribute,0
<DETAilS%09ONtoggle%0d=%0dconfirm()%0dx>,html_text,0
<DETAilS%09ONtoggle%0d=%0dconfirm()%0dx>,script_block,0
<DETAilS%09ONtoggle%0d=%0dconfirm()%0dx>,comment,0
<DETAilS%09ONtoggle%0d=%0dconfirm()%0dx>,url_href,0
<DETAilS%09ONtoggle%0d=%0dconfirm()%0dx>,url_navigation,0
<A%0aoNPOINtERenTER%0d=%0dconfirm()>v3dm0s,html_tag,1
<A%0aoNPOINtERenTER%0d=%0dconfirm()>v3dm0s,html_attribute,0
<A%0aoNPOINtERenTER%0d=%0dconfirm()>v3dm0s,html_text,1
<A%0aoNPOINtERenTER%0d=%0dconfirm()>v3dm0s,script_block,0
<A%0aoNPOINtERenTER%0d=%0dconfirm()>v3dm0s,comment,0
<A%0aoNPOINtERenTER%0d=%0dconfirm()>v3dm0s,url_href,0
<A%0aoNPOINtERenTER%0d=%0dconfirm()>v3dm0s,url_navigation,0
<HtmL%0aonPoiNTerenTer+=+confirm()//,html_tag,0
<HtmL%0aonPoiNTerenTer+=+confirm()//,html_attribute,0
<HtmL%0aonPoiNTerenTer+=+confirm()//,html_text,0
<HtmL%0aonPoiNTerenTer+=+confirm()//,script_block,0
<HtmL%0aonPoiNTerenTer+=+confirm()//,comment,0
<HtmL%0aonPoiNTerenTer+=+confirm()//,url_href,0
<HtmL%0aonPoiNTerenTer+=+confirm()//,url_navigation,0
<DETaILs%0donpOINTERENter%0a=%0a(prompt)``%0dx>,html_tag,0
<DETaILs%0donpOINTERENter%0a=%0a(prompt)``%0dx>,html_attribute,0
<DETaILs%0donpOINTERENter%0a=%0a(prompt)``%0dx>,html_text,0
<DETaILs%0donpOINTERENter%0a=%0a(prompt)``%0dx>,script_block,0
<DETaILs%0donpOINTERENter%0a=%0a(prompt)``%0dx>,comment,0
<DETaILs%0donpOINTERENter%0a=%0a(prompt)``%0dx>,url_href,0
<DETaILs%0donpOINTERENter%0a=%0a(prompt)``%0dx>,url_navigation,0
<a%0doNPoiNteReNter+=+(prompt)``%0dx>v3dm0s,html_tag,0
<a%0doNPoiNteReNter+=+(prompt)``%0dx>v3dm0s,html_attribute,0
<a%0doNPoiNteReNter+=+(prompt)``%0dx>v3dm0s,html_text,0
<a%0doNPoiNteReNter+=+(prompt)``%0dx>v3dm0s,script_block,0
<a%0doNPoiNteReNter+=+(prompt)``%0dx>v3dm0s,comment,0
<a%0doNPoiNteReNter+=+(prompt)``%0dx>v3dm0s,url_href,0
<a%0doNPoiNteReNter+=+(prompt)``%0dx>v3dm0s,url_navigation,0
<dETaiLS%0dONpoiNTEreNTeR%0d=%0dconfirm()>,html_tag,0
<dETaiLS%0dONpoiNTEreNTeR%0d=%0dconfirm()>,html_attribute,0
<dETaiLS%0dONpoiNTEreNTeR%0d=%0dconfirm()>,html_text,0
<dETaiLS%0dONpoiNTEreNTeR%0d=%0dconfirm()>,script_block,0
<dETaiLS%0dONpoiNTEreNTeR%0d=%0dconfirm()>,comment,0
<dETaiLS%0dONpoiNTEreNTeR%0d=%0dconfirm()>,url_href,0
<dETaiLS%0dONpoiNTEreNTeR%0d=%0dconfirm()>,url_navigation,0
"<A%09ONMOuseoVER%0d=%0da=prompt,a()%0dx>v3dm0s",html_tag,1
"<A%09ONMOuseoVER%0d=%0da=prompt,a()%0dx>v3dm0s",html_attribute,0
"<A%09ONMOuseoVER%0d=%0da=prompt,a()%0dx>v3dm0s",html_text,1
"<A%09ONMOuseoVER%0d=%0da=prompt,a()%0dx>v3dm0s",script_block,0
"<A%09ONMOuseoVER%0d=%0da=prompt,a()%0dx>v3dm0s",comment,0
"<A%09ONMOuseoVER%0d=%0da=prompt,a()%0dx>v3dm0s",url_href,0
"<A%09ONMOuseoVER%0d=%0da=prompt,a()%0dx>v3dm0s",url_navigation,0
<dEtaIlS%0aOnTOGgLE%0a=%0aconfirm()//,html_tag,0
<dEtaIlS%0aOnTOGgLE%0a=%0aconfirm()//,html_attribute,0
<dEtaIlS%0aOnTOGgLE%0a=%0aconfirm()//,html_text,0
<dEtaIlS%0aOnTOGgLE%0a=%0aconfirm()//,script_block,0
<dEtaIlS%0aOnTOGgLE%0a=%0aconfirm()//,comment,0
<dEtaIlS%0aOnTOGgLE%0a=%0aconfirm()//,url_href,0
<dEtaIlS%0aOnTOGgLE%0a=%0aconfirm()//,url_navigation,0
<html%0dOnpointerEnTER%09=%09(prompt)``//,html_tag,0
<html%0dOnpointerEnTER%09=%09(prompt)``//,html_attribute,0
<html%0dOnpointerEnTER%09=%09(prompt)``//,html_text,0
<html%0dOnpointerEnTER%09=%09(prompt)``//,script_block,0
<html%0dOnpointerEnTER%09=%09(prompt)``//,comment,0
<html%0dOnpointerEnTER%09=%09(prompt)``//,url_href,0
<html%0dOnpointerEnTER%09=%09(prompt)``//,url_navigation,0
"<D3V%09OnmoUseOVer%0a=%0aa=prompt,a()%0dx>v3dm0s",html_tag,1
"<D3V%09OnmoUseOVer%0a=%0aa=prompt,a()%0dx>v3dm0s",html_attribute,0
"<D3V%09OnmoUseOVer%0a=%0aa=prompt,a()%0dx>v3dm0s",html_text,1
"<D3V%09OnmoUseOVer%0a=%0aa=prompt,a()%0dx>v3dm0s",script_block,0
"<D3V%09OnmoUseOVer%0a=%0aa=prompt,a()%0dx>v3dm0s",comment,0
"<D3V%09OnmoUseOVer%0a=%0aa=prompt,a()%0dx>v3dm0s",url_href,0
"<D3V%09OnmoUseOVer%0a=%0aa=prompt,a()%0dx>v3dm0s",url_navigation,0
<DeTaiLs/+/onToGGle%0d=%0dconfirm()>,html_tag,0
<DeTaiLs/+/onToGGle%0d=%0dconfirm()>,html_attribute,0
<DeTaiLs/+/onToGGle%0d=%0dconfirm()>,html_text,0
<DeTaiLs/+/onToGGle%0d=%0dconfirm()>,script_block,0
<DeTaiLs/+/onToGGle%0d=%0dconfirm()>,comment,0
<DeTaiLs/+/onToGGle%0d=%0dconfirm()>,url_href,0
<DeTaiLs/+/onToGGle%0d=%0dconfirm()>,url_navigation,0
<HTmL%0dOnMOuSeoVer%0d=%0dconfirm()//,html_tag,0
<HTmL%0dOnMOuSeoVer%0d=%0dconfirm()//,html_attribute,0
<HTmL%0dOnMOuSeoVer%0d=%0dconfirm()//,html_text,0
<HTmL%0dOnMOuSeoVer%0d=%0dconfirm()//,script_block,0
<HTmL%0dOnMOuSeoVer%0d=%0dconfirm()//,comment,0
<HTmL%0dOnMOuSeoVer%0d=%0dconfirm()//,url_href,0
<HTmL%0dOnMOuSeoVer%0d=%0dconfirm()//,url_navigation,0
"<detAiLs%0donpoIntERenter%0a=%0aa=prompt,a()%0dx//",html_tag,0
"<detAiLs%0donpoIntERenter%0a=%0aa=prompt,a()%0dx//",html_attribute,0
"<detAiLs%0donpoIntERenter%0a=%0aa=prompt,a()%0dx//",html_text,0
"<detAiLs%0donpoIntERenter%0a=%0aa=prompt,a()%0dx//",script_block,0
"<detAiLs%0donpoIntERenter%0a=%0aa=prompt,a()%0dx//",comment,0
"<detAiLs%0donpoIntERenter%0a=%0aa=prompt,a()%0dx//",url_href,0
"<detAiLs%0donpoIntERenter%0a=%0aa=prompt,a()%0dx//",url_navigation,0
<hTmL%0aonPoInTeReNTER%09=%09confirm()//,html_tag,0
<hTmL%0aonPoInTeReNTER%09=%09confirm()//,html_attribute,0
<hTmL%0aonPoInTeReNTER%09=%09confirm()//,html_text,0
<hTmL%0aonPoInTeReNTER%09=%09confirm()//,script_block,0
<hTmL%0aonPoInTeReNTER%09=%09confirm()//,comment,0
<hTmL%0aonPoInTeReNTER%09=%09confirm()//,url_href,0
<hTmL%0aonPoInTeReNTER%09=%09confirm()//,url_navigation,0
<dETAiLs/+/OnTOGGlE+=+(confirm)()%0dx>,html_tag,0
<dETAiLs/+/OnTOGGlE+=+(confirm)()%0dx>,html_attribute,0
<dETAiLs/+/OnTOGGlE+=+(confirm)()%0dx>,html_text,0
<dETAiLs/+/OnTOGGlE+=+(confirm)()%0dx>,script_block,0
<dETAiLs/+/OnTOGGlE+=+(confirm)()%0dx>,comment,0
<dETAiLs/+/OnTOGGlE+=+(confirm)()%0dx>,url_href,0
<dETAiLs/+/OnTOGGlE+=+(confirm)()%0dx>,url_navigation,0
<hTML%0aOnPoINtEREntER+=+confirm()%0dx//,html_tag,0
<hTML%0aOnPoINtEREntER+=+confirm()%0dx//,html_attribute,0
<hTML%0aOnPoINtEREntER+=+confirm()%0dx//,html_text,0
<hTML%0aOnPoINtEREntER+=+confirm()%0dx//,script_block,0
<hTML%0aOnPoINtEREntER+=+confirm()%0dx//,comment,0
<hTML%0aOnPoINtEREntER+=+confirm()%0dx//,url_href,0
<hTML%0aOnPoINtEREntER+=+confirm()%0dx//,url_navigation,0
<dETAilS/+/oNtogGLE%09=%09[8].find(confirm)%0dx>,html_tag,0
<dETAilS/+/oNtogGLE%09=%09[8].find(confirm)%0dx>,html_attribute,0
<dETAilS/+/oNtogGLE%09=%09[8].find(confirm)%0dx>,html_text,0
<dETAilS/+/oNtogGLE%09=%09[8].find(confirm)%0dx>,script_block,0
<dETAilS/+/oNtogGLE%09=%09[8].find(confirm)%0dx>,comment,0
<dETAilS/+/oNtogGLE%09=%09[8].find(confirm)%0dx>,url_href,0
<dETAilS/+/oNtogGLE%09=%09[8].find(confirm)%0dx>,url_navigation,0
<A/+/OnmOUSeOvEr%0d=%0d(prompt)``%0dx>v3dm0s,html_tag,1
<A/+/OnmOUSeOvEr%0d=%0d(prompt)``%0dx>v3dm0s,html_attribute,0
<A/+/OnmOUSeOvEr%0d=%0d(prompt)``%0dx>v3dm0s,html_text,1
<A/+/OnmOUSeOvEr%0d=%0d(prompt)``%0dx>v3dm0s,script_block,0
<A/+/OnmOUSeOvEr%0d=%0d(prompt)``%0dx>v3dm0s,comment,0
<A/+/OnmOUSeOvEr%0d=%0d(prompt)``%0dx>v3dm0s,url_href,0
<A/+/OnmOUSeOvEr%0d=%0d(prompt)``%0dx>v3dm0s,url_navigation,0
<html/+/oNpOiNteReNTER%0a=%0aconfirm()%0dx>,html_tag,0
<html/+/oNpOiNteReNTER%0a=%0aconfirm()%0dx>,html_attribute,0
<html/+/oNpOiNteReNTER%0a=%0aconfirm()%0dx>,html_text,0
<html/+/oNpOiNteReNTER%0a=%0aconfirm()%0dx>,script_block,0
<html/+/oNpOiNteReNTER%0a=%0aconfirm()%0dx>,comment,0
<html/+/oNpOiNteReNTER%0a=%0aconfirm()%0dx>,url_href,0
<html/+/oNpOiNteReNTER%0a=%0aconfirm()%0dx>,url_navigation,0
<HtmL/+/oNPOINteREnTER%0a=%0a[8].find(confirm)>,html_tag,0
<HtmL/+/oNPOINteREnTER%0a=%0a[8].find(confirm)>,html_attribute,0
<HtmL/+/oNPOINteREnTER%0a=%0a[8].find(confirm)>,html_text,0
<HtmL/+/oNPOINteREnTER%0a=%0a[8].find(confirm)>,script_block,0
<HtmL/+/oNPOINteREnTER%0a=%0a[8].find(confirm)>,comment,0
<HtmL/+/oNPOINteREnTER%0a=%0a[8].find(confirm)>,url_href,0
<HtmL/+/oNPOINteREnTER%0a=%0a[8].find(confirm)>,url_navigation,0
<D3V%0aOnMouSeovER+=+confirm()%0dx>v3dm0s,html_tag,0
<D3V%0aOnMouSeovER+=+confirm()%0dx>v3dm0s,html_attribute,0
<D3V%0aOnMouSeovER+=+confirm()%0dx>v3dm0s,html_text,0
<D3V%0aOnMouSeovER+=+confirm()%0dx>v3dm0s,script_block,0
<D3V%0aOnMouSeovER+=+confirm()%0dx>v3dm0s,comment,0
<D3V%0aOnMouSeovER+=+confirm()%0dx>v3dm0s,url_href,0
<D3V%0aOnMouSeovER+=+confirm()%0dx>v3dm0s,url_navigation,0
"<a/+/OnpoInTereNTEr+=+a=prompt,a()%0dx>v3dm0s",html_tag,0
"<a/+/OnpoInTereNTEr+=+a=prompt,a()%0dx>v3dm0s",html_attribute,0
"<a/+/OnpoInTereNTEr+=+a=prompt,a()%0dx>v3dm0s",html_text,0
"<a/+/OnpoInTereNTEr+=+a=prompt,a()%0dx>v3dm0s",script_block,0
"<a/+/OnpoInTereNTEr+=+a=prompt,a()%0dx>v3dm0s",comment,0
"<a/+/OnpoInTereNTEr+=+a=prompt,a()%0dx>v3dm0s",url_href,0
"<a/+/OnpoInTereNTEr+=+a=prompt,a()%0dx>v3dm0s",url_navigation,0
<DEtAILs%0donpoINTErENTEr%0d=%0d[8].find(confirm)%0dx//,html_tag,0
<DEtAILs%0donpoINTErENTEr%0d=%0d[8].find(confirm)%0dx//,html_attribute,0
<DEtAILs%0donpoINTErENTEr%0d=%0d[8].find(confirm)%0dx//,html_text,0
<DEtAILs%0donpoINTErENTEr%0d=%0d[8].find(confirm)%0dx//,script_block,0
<DEtAILs%0donpoINTErENTEr%0d=%0d[8].find(confirm)%0dx//,comment,0
<DEtAILs%0donpoINTErENTEr%0d=%0d[8].find(confirm)%0dx//,url_href,0
<DEtAILs%0donpoINTErENTEr%0d=%0d[8].find(confirm)%0dx//,url_navigation,0
<A%0dOnmoUSeOVER+=+confirm()%0dx>v3dm0s,html_tag,0
<A%0dOnmoUSeOVER+=+confirm()%0dx>v3dm0s,html_attribute,0
<A%0dOnmoUSeOVER+=+confirm()%0dx>v3dm0s,html_text,0
<A%0dOnmoUSeOVER+=+confirm()%0dx>v3dm0s,script_block,0
<A%0dOnmoUSeOVER+=+confirm()%0dx>v3dm0s,comment,0
<A%0dOnmoUSeOVER+=+confirm()%0dx>v3dm0s,url_href,0
<A%0dOnmoUSeOVER+=+confirm()%0dx>v3dm0s,url_navigation,0
<DetaIls%0aONtoggLE%0d=%0dconfirm()%0dx//,html_tag,0
<DetaIls%0aONtoggLE%0d=%0dconfirm()%0dx//,html_attribute,0
<DetaIls%0aONtoggLE%0d=%0dconfirm()%0dx//,html_text,0
<DetaIls%0aONtoggLE%0d=%0dconfirm()%0dx//,script_block,0
<DetaIls%0aONtoggLE%0d=%0dconfirm()%0dx//,comment,0
<DetaIls%0aONtoggLE%0d=%0dconfirm()%0dx//,url_href,0
<DetaIls%0aONtoggLE%0d=%0dconfirm()%0dx//,url_navigation,0
"<HTml%09ONMOUSeOver%09=%09a=prompt,a()//",html_tag,0
"<HTml%09ONMOUSeOver%09=%09a=prompt,a()//",html_attribute,0
"<HTml%09ONMOUSeOver%09=%09a=prompt,a()//",html_text,0
"<HTml%09ONMOUSeOver%09=%09a=prompt,a()//",script_block,0
"<HTml%09ONMOUSeOver%09=%09a=prompt,a()//",comment,0
"<HTml%09ONMOUSeOver%09=%09a=prompt,a()//",url_href,0
"<HTml%09ONMOUSeOver%09=%09a=prompt,a()//",url_navigation,0
<dEtaIlS%0aONpoiNtEreNter+=+[8].find(confirm)//,html_tag,0
<dEtaIlS%0aONpoiNtEreNter+=+[8].find(confirm)//,html_attribute,0
<dEtaIlS%0aONpoiNtEreNter+=+[8].find(confirm)//,html_text,0
<dEtaIlS%0aONpoiNtEreNter+=+[8].find(confirm)//,script_block,0
<dEtaIlS%0aONpoiNtEreNter+=+[8].find(confirm)//,comment,0
<dEtaIlS%0aONpoiNtEreNter+=+[8].find(confirm)//,url_href,0
<dEtaIlS%0aONpoiNtEreNter+=+[8].find(confirm)//,url_navigation,0
<a/+/OnpoInTeRenTer+=+(prompt)``%0dx>v3dm0s,html_tag,0
<a/+/OnpoInTeRenTer+=+(prompt)``%0dx>v3dm0s,html_attribute,0
<a/+/OnpoInTeRenTer+=+(prompt)``%0dx>v3dm0s,html_text,0
<a/+/OnpoInTeRenTer+=+(prompt)``%0dx>v3dm0s,script_block,0
<a/+/OnpoInTeRenTer+=+(prompt)``%0dx>v3dm0s,comment,0
<a/+/OnpoInTeRenTer+=+(prompt)``%0dx>v3dm0s,url_href,0
<a/+/OnpoInTeRenTer+=+(prompt)``%0dx>v3dm0s,url_navigation,0
<dETAILS%09oNpOINTEREnTER%0a=%0a(confirm)()>,html_tag,0
<dETAILS%09oNpOINTEREnTER%0a=%0a(confirm)()>,html_attribute,0
<dETAILS%09oNpOINTEREnTER%0a=%0a(confirm)()>,html_text,0
<dETAILS%09oNpOINTEREnTER%0a=%0a(confirm)()>,script_block,0
<dETAILS%09oNpOINTEREnTER%0a=%0a(confirm)()>,comment,0
<dETAILS%09oNpOINTEREnTER%0a=%0a(confirm)()>,url_href,0
<dETAILS%09oNpOINTEREnTER%0a=%0a(confirm)()>,url_navigation,0
<D3v%0aoNmoUsEovER%0d=%0dconfirm()%0dx>v3dm0s,html_tag,1
<D3v%0aoNmoUsEovER%0d=%0dconfirm()%0dx>v3dm0s,html_attribute,0
<D3v%0aoNmoUsEovER%0d=%0dconfirm()%0dx>v3dm0s,html_text,1
<D3v%0aoNmoUsEovER%0d=%0dconfirm()%0dx>v3dm0s,script_block,0
<D3v%0aoNmoUsEovER%0d=%0dconfirm()%0dx>v3dm0s,comment,0
<D3v%0aoNmoUsEovER%0d=%0dconfirm()%0dx>v3dm0s,url_href,0
<D3v%0aoNmoUsEovER%0d=%0dconfirm()%0dx>v3dm0s,url_navigation,0
<D3V%0donpoInterEntEr%09=%09confirm()>v3dm0s,html_tag,1
<D3V%0donpoInterEntEr%09=%09confirm()>v3dm0s,html_attribute,0
<D3V%0donpoInterEntEr%09=%09confirm()>v3dm0s,html_text,1
<D3V%0donpoInterEntEr%09=%09confirm()>v3dm0s,script_block,0
<D3V%0donpoInterEntEr%09=%09confirm()>v3dm0s,comment,0
<D3V%0donpoInterEntEr%09=%09confirm()>v3dm0s,url_href,0
<D3V%0donpoInterEntEr%09=%09confirm()>v3dm0s,url_navigation,0
<d3V%0dOnMOUsEoVeR%0a=%0a(confirm)()%0dx>v3dm0s,html_tag,1
<d3V%0dOnMOUsEoVeR%0a=%0a(confirm)()%0dx>v3dm0s,html_attribute,0
<d3V%0dOnMOUsEoVeR%0a=%0a(confirm)()%0dx>v3dm0s,html_text,1
<d3V%0dOnMOUsEoVeR%0a=%0a(confirm)()%0dx>v3dm0s,script_block,0
<d3V%0dOnMOUsEoVeR%0a=%0a(confirm)()%0dx>v3dm0s,comment,0
<d3V%0dOnMOUsEoVeR%0a=%0a(confirm)()%0dx>v3dm0s,url_href,0
<d3V%0dOnMOUsEoVeR%0a=%0a(confirm)()%0dx>v3dm0s,url_navigation,0
<HtmL%0aONmOUSeOVer%0a=%0a(confirm)()%0dx//,html_tag,0
<HtmL%0aONmOUSeOVer%0a=%0a(confirm)()%0dx//,html_attribute,0
<HtmL%0aONmOUSeOVer%0a=%0a(confirm)()%0dx//,html_text,0
<HtmL%0aONmOUSeOVer%0a=%0a(confirm)()%0dx//,script_block,0
<HtmL%0aONmOUSeOVer%0a=%0a(confirm)()%0dx//,comment,0
<HtmL%0aONmOUSeOVer%0a=%0a(confirm)()%0dx//,url_href,0
<HtmL%0aONmOUSeOVer%0a=%0a(confirm)()%0dx//,url_navigation,0
<A%09oNpoiNTEReNtEr%0d=%0d[8].find(confirm)>v3dm0s,html_tag,1
<A%09oNpoiNTEReNtEr%0d=%0d[8].find(confirm)>v3dm0s,html_attribute,0
<A%09oNpoiNTEReNtEr%0d=%0d[8].find(confirm)>v3dm0s,html_text,1
<A%09oNpoiNTEReNtEr%0d=%0d[8].find(confirm)>v3dm0s,script_block,0
<A%09oNpoiNTEReNtEr%0d=%0d[8].find(confirm)>v3dm0s,comment,0
<A%09oNpoiNTEReNtEr%0d=%0d[8].find(confirm)>v3dm0s,url_href,0
<A%09oNpoiNTEReNtEr%0d=%0d[8].find(confirm)>v3dm0s,url_navigation,0
"<A%09OnMoUsEoVeR%0d=%0da=prompt,a()>v3dm0s",html_tag,1
"<A%09OnMoUsEoVeR%0d=%0da=prompt,a()>v3dm0s",html_attribute,0
"<A%09OnMoUsEoVeR%0d=%0da=prompt,a()>v3dm0s",html_text,1
"<A%09OnMoUsEoVeR%0d=%0da=prompt,a()>v3dm0s",script_block,0
"<A%09OnMoUsEoVeR%0d=%0da=prompt,a()>v3dm0s",comment,0
"<A%09OnMoUsEoVeR%0d=%0da=prompt,a()>v3dm0s",url_href,0
"<A%09OnMoUsEoVeR%0d=%0da=prompt,a()>v3dm0s",url_navigation,0
"<a%0doNMOuseOVEr%0a=%0aa=prompt,a()>v3dm0s",html_tag,1
"<a%0doNMOuseOVEr%0a=%0aa=prompt,a()>v3dm0s",html_attribute,0
"<a%0doNMOuseOVEr%0a=%0aa=prompt,a()>v3dm0s",html_text,1
"<a%0doNMOuseOVEr%0a=%0aa=prompt,a()>v3dm0s",script_block,0
"<a%0doNMOuseOVEr%0a=%0aa=prompt,a()>v3dm0s",comment,0
"<a%0doNMOuseOVEr%0a=%0aa=prompt,a()>v3dm0s",url_href,0
"<a%0doNMOuseOVEr%0a=%0aa=prompt,a()>v3dm0s",url_navigation,0
<d3V%0doNmOUsEOVER%09=%09confirm()>v3dm0s,html_tag,1
<d3V%0doNmOUsEOVER%09=%09confirm()>v3dm0s,html_attribute,0
<d3V%0doNmOUsEOVER%09=%09confirm()>v3dm0s,html_text,1
<d3V%0doNmOUsEOVER%09=%09confirm()>v3dm0s,script_block,0
<d3V%0doNmOUsEOVER%09=%09confirm()>v3dm0s,comment,0
<d3V%0doNmOUsEOVER%09=%09confirm()>v3dm0s,url_href,0
<d3V%0doNmOUsEOVER%09=%09confirm()>v3dm0s,url_navigation,0
<A/+/oNPOiNTERENtER%0a=%0aconfirm()>v3dm0s,html_tag,1
<A/+/oNPOiNTERENtER%0a=%0aconfirm()>v3dm0s,html_attribute,0
<A/+/oNPOiNTERENtER%0a=%0aconfirm()>v3dm0s,html_text,1
<A/+/oNPOiNTERENtER%0a=%0aconfirm()>v3dm0s,script_block,0
<A/+/oNPOiNTERENtER%0a=%0aconfirm()>v3dm0s,comment,0
<A/+/oNPOiNTERENtER%0a=%0aconfirm()>v3dm0s,url_href,0
<A/+/oNPOiNTERENtER%0a=%0aconfirm()>v3dm0s,url_navigation,0
"<Html/+/oNPoINTereNTER%09=%09a=prompt,a()//",html_tag,0
"<Html/+/oNPoINTereNTER%09=%09a=prompt,a()//",html_attribute,0
"<Html/+/oNPoINTereNTER%09=%09a=prompt,a()//",html_text,0
"<Html/+/oNPoINTereNTER%09=%09a=prompt,a()//",script_block,0
"<Html/+/oNPoINTereNTER%09=%09a=prompt,a()//",comment,0
"<Html/+/oNPoINTereNTER%09=%09a=prompt,a()//",url_href,0
"<Html/+/oNPoINTereNTER%09=%09a=prompt,a()//",url_navigation,0
<dETaILs%0dOnToggLE%09=%09(confirm)()//,html_tag,0
<dETaILs%0dOnToggLE%09=%09(confirm)()//,html_attribute,0
<dETaILs%0dOnToggLE%09=%09(confirm)()//,html_text,0
<dETaILs%0dOnToggLE%09=%09(confirm)()//,script_block,0
<dETaILs%0dOnToggLE%09=%09(confirm)()//,comment,0
<dETaILs%0dOnToggLE%09=%09(confirm)()//,url_href,0
<dETaILs%0dOnToggLE%09=%09(confirm)()//,url_navigation,0
<A/+/ONpOInTeRENtEr+=+(confirm)()>v3dm0s,html_tag,0
<A/+/ONpOInTeRENtEr+=+(confirm)()>v3dm0s,html_attribute,0
<A/+/ONpOInTeRENtEr+=+(confirm)()>v3dm0s,html_text,0
<A/+/ONpOInTeRENtEr+=+(confirm)()>v3dm0s,script_block,0
<A/+/ONpOInTeRENtEr+=+(confirm)()>v3dm0s,comment,0
<A/+/ONpOInTeRENtEr+=+(confirm)()>v3dm0s,url_href,0
<A/+/ONpOInTeRENtEr+=+(confirm)()>v3dm0s,url_navigation,0
<D3V%0aonPoInTeRENTeR%09=%09[8].find(confirm)>v3dm0s,html_tag,1
<D3V%0aonPoInTeRENTeR%09=%09[8].find(confirm)>v3dm0s,html_attribute,0
<D3V%0aonPoInTeRENTeR%09=%09[8].find(confirm)>v3dm0s,html_text,1
<D3V%0aonPoInTeRENTeR%09=%09[8].find(confirm)>v3dm0s,script_block,0
<D3V%0aonPoInTeRENTeR%09=%09[8].find(confirm)>v3dm0s,comment,0
<D3V%0aonPoInTeRENTeR%09=%09[8].find(confirm)>v3dm0s,url_href,0
<D3V%0aonPoInTeRENTeR%09=%09[8].find(confirm)>v3dm0s,url_navigation,0
"<htMl%0dOnMOusEOver%0a=%0aa=prompt,a()%0dx>",html_tag,0
"<htMl%0dOnMOusEOver%0a=%0aa=prompt,a()%0dx>",html_attribute,0
"<htMl%0dOnMOusEOver%0a=%0aa=prompt,a()%0dx>",html_text,0
"<htMl%0dOnMOusEOver%0a=%0aa=prompt,a()%0dx>",script_block,0
"<htMl%0dOnMOusEOver%0a=%0aa=prompt,a()%0dx>",comment,0
"<htMl%0dOnMOusEOver%0a=%0aa=prompt,a()%0dx>",url_href,0
"<htMl%0dOnMOusEOver%0a=%0aa=prompt,a()%0dx>",url_navigation,0
<HTmL%09oNMOUSEOVER%0d=%0dconfirm()%0dx//,html_tag,0
<HTmL%09oNMOUSEOVER%0d=%0dconfirm()%0dx//,html_attribute,0
<HTmL%09oNMOUSEOVER%0d=%0dconfirm()%0dx//,html_text,0
<HTmL%09oNMOUSEOVER%0d=%0dconfirm()%0dx//,script_block,0
<HTmL%09oNMOUSEOVER%0d=%0dconfirm()%0dx//,comment,0
<HTmL%09oNMOUSEOVER%0d=%0dconfirm()%0dx//,url_href,0
<HTmL%09oNMOUSEOVER%0d=%0dconfirm()%0dx//,url_navigation,0
<detaILS%0doNPoInteRENTer%0a=%0a[8].find(confirm)//,html_tag,0
<detaILS%0doNPoInteRENTer%0a=%0a[8].find(confirm)//,html_attribute,0
<detaILS%0doNPoInteRENTer%0a=%0a[8].find(confirm)//,html_text,0
<detaILS%0doNPoInteRENTer%0a=%0a[8].find(confirm)//,script_block,0
<detaILS%0doNPoInteRENTer%0a=%0a[8].find(confirm)//,comment,0
<detaILS%0doNPoInteRENTer%0a=%0a[8].find(confirm)//,url_href,0
<detaILS%0doNPoInteRENTer%0a=%0a[8].find(confirm)//,url_navigation,0
"<A%0doNmOuSEOVER%0d=%0da=prompt,a()%0dx>v3dm0s",html_tag,1
"<A%0doNmOuSEOVER%0d=%0da=prompt,a()%0dx>v3dm0s",html_attribute,0
"<A%0doNmOuSEOVER%0d=%0da=prompt,a()%0dx>v3dm0s",html_text,1
"<A%0doNmOuSEOVER%0d=%0da=prompt,a()%0dx>v3dm0s",script_block,0
"<A%0doNmOuSEOVER%0d=%0da=prompt,a()%0dx>v3dm0s",comment,0
"<A%0doNmOuSEOVER%0d=%0da=prompt,a()%0dx>v3dm0s",url_href,0
"<A%0doNmOuSEOVER%0d=%0da=prompt,a()%0dx>v3dm0s",url_navigation,0
"<d3v/+/ONPoinTErEnTER%09=%09a=prompt,a()%0dx>v3dm0s",html_tag,1
"<d3v/+/ONPoinTErEnTER%09=%09a=prompt,a()%0dx>v3dm0s",html_attribute,0
"<d3v/+/ONPoinTErEnTER%09=%09a=prompt,a()%0dx>v3dm0s",html_text,1
"<d3v/+/ONPoinTErEnTER%09=%09a=prompt,a()%0dx>v3dm0s",script_block,0
"<d3v/+/ONPoinTErEnTER%09=%09a=prompt,a()%0dx>v3dm0s",comment,0
"<d3v/+/ONPoinTErEnTER%09=%09a=prompt,a()%0dx>v3dm0s",url_href,0
"<d3v/+/ONPoinTErEnTER%09=%09a=prompt,a()%0dx>v3dm0s",url_navigation,0
<A%0doNMOUsEOVEr%0d=%0d(prompt)``>v3dm0s,html_tag,1
<A%0doNMOUsEOVEr%0d=%0d(prompt)``>v3dm0s,html_attribute,0
<A%0doNMOUsEOVEr%0d=%0d(prompt)``>v3dm0s,html_text,1
<A%0doNMOUsEOVEr%0d=%0d(prompt)``>v3dm0s,script_block,0
<A%0doNMOUsEOVEr%0d=%0d(prompt)``>v3dm0s,comment,0
<A%0doNMOUsEOVEr%0d=%0d(prompt)``>v3dm0s,url_href,0
<A%0doNMOUsEOVEr%0d=%0d(prompt)``>v3dm0s,url_navigation,0
<HTMl%0aOnmOuSeOVeR%0a=%0a(confirm)()//,html_tag,0
<HTMl%0aOnmOuSeOVeR%0a=%0a(confirm)()//,html_attribute,0
<HTMl%0aOnmOuSeOVeR%0a=%0a(confirm)()//,html_text,0
<HTMl%0aOnmOuSeOVeR%0a=%0a(confirm)()//,script_block,0
<HTMl%0aOnmOuSeOVeR%0a=%0a(confirm)()//,comment,0
<HTMl%0aOnmOuSeOVeR%0a=%0a(confirm)()//,url_href,0
<HTMl%0aOnmOuSeOVeR%0a=%0a(confirm)()//,url_navigation,0
<D3V%0aoNMouSEoVer%09=%09(confirm)()>v3dm0s,html_tag,1
<D3V%0aoNMouSEoVer%09=%09(confirm)()>v3dm0s,html_attribute,0
<D3V%0aoNMouSEoVer%09=%09(confirm)()>v3dm0s,html_text,1
<D3V%0aoNMouSEoVer%09=%09(confirm)()>v3dm0s,script_block,0
<D3V%0aoNMouSEoVer%09=%09(confirm)()>v3dm0s,comment,0
<D3V%0aoNMouSEoVer%09=%09(confirm)()>v3dm0s,url_href,0
<D3V%0aoNMouSEoVer%09=%09(confirm)()>v3dm0s,url_navigation,0
<dEtailS%0donTogglE+=+confirm()%0dx//,html_tag,0
<dEtailS%0donTogglE+=+confirm()%0dx//,html_attribute,0
<dEtailS%0donTogglE+=+confirm()%0dx//,html_text,0
<dEtailS%0donTogglE+=+confirm()%0dx//,script_block,0
<dEtailS%0donTogglE+=+confirm()%0dx//,comment,0
<dEtailS%0donTogglE+=+confirm()%0dx//,url_href,0
<dEtailS%0donTogglE+=+confirm()%0dx//,url_navigation,0
<D3V/+/OnmoUSeoVeR%0a=%0aconfirm()%0dx>v3dm0s,html_tag,1
<D3V/+/OnmoUSeoVeR%0a=%0aconfirm()%0dx>v3dm0s,html_attribute,0
<D3V/+/OnmoUSeoVeR%0a=%0aconfirm()%0dx>v3dm0s,html_text,1
<D3V/+/OnmoUSeoVeR%0a=%0aconfirm()%0dx>v3dm0s,script_block,0
<D3V/+/OnmoUSeoVeR%0a=%0aconfirm()%0dx>v3dm0s,comment,0
<D3V/+/OnmoUSeoVeR%0a=%0aconfirm()%0dx>v3dm0s,url_href,0
<D3V/+/OnmoUSeoVeR%0a=%0aconfirm()%0dx>v3dm0s,url_navigation,0
<d3v%09oNPoInTErEntEr%09=%09[8].find(confirm)>v3dm0s,html_tag,1
<d3v%09oNPoInTErEntEr%09=%09[8].find(confirm)>v3dm0s,html_attribute,0
<d3v%09oNPoInTErEntEr%09=%09[8].find(confirm)>v3dm0s,html_text,1
<d3v%09oNPoInTErEntEr%09=%09[8].find(confirm)>v3dm0s,script_block,0
<d3v%09oNPoInTErEntEr%09=%09[8].find(confirm)>v3dm0s,comment,0
<d3v%09oNPoInTErEntEr%09=%09[8].find(confirm)>v3dm0s,url_href,0
<d3v%09oNPoInTErEntEr%09=%09[8].find(confirm)>v3dm0s,url_navigation,0
<HtmL/+/oNmousEOVer%0a=%0a(confirm)()//,html_tag,0
<HtmL/+/oNmousEOVer%0a=%0a(confirm)()//,html_attribute,0
<HtmL/+/oNmousEOVer%0a=%0a(confirm)()//,html_text,0
<HtmL/+/oNmousEOVer%0a=%0a(confirm)()//,script_block,0
<HtmL/+/oNmousEOVer%0a=%0a(confirm)()//,comment,0
<HtmL/+/oNmousEOVer%0a=%0a(confirm)()//,url_href,0
<HtmL/+/oNmousEOVer%0a=%0a(confirm)()//,url_navigation,0
<a%0aoNMOuseOvEr%09=%09confirm()%0dx>v3dm0s,html_tag,1
<a%0aoNMOuseOvEr%09=%09confirm()%0dx>v3dm0s,html_attribute,0
<a%0aoNMOuseOvEr%09=%09confirm()%0dx>v3dm0s,html_text,1
<a%0aoNMOuseOvEr%09=%09confirm()%0dx>v3dm0s,script_block,0
<a%0aoNMOuseOvEr%09=%09confirm()%0dx>v3dm0s,comment,0
<a%0aoNMOuseOvEr%09=%09confirm()%0dx>v3dm0s,url_href,0
<a%0aoNMOuseOvEr%09=%09confirm()%0dx>v3dm0s,url_navigation,0
<HTml%09oNpoInTEREnteR%0a=%0a(prompt)``%0dx>,html_tag,0
<HTml%09oNpoInTEREnteR%0a=%0a(prompt)``%0dx>,html_attribute,0
<HTml%09oNpoInTEREnteR%0a=%0a(prompt)``%0dx>,html_text,0
<HTml%09oNpoInTEREnteR%0a=%0a(prompt)``%0dx>,script_block,0
<HTml%09oNpoInTEREnteR%0a=%0a(prompt)``%0dx>,comment,0
<HTml%09oNpoInTEREnteR%0a=%0a(prompt)``%0dx>,url_href,0
<HTml%09oNpoInTEREnteR%0a=%0a(prompt)``%0dx>,url_navigation,0
<deTaILs%0dONToGgLe%0a=%0aconfirm()//,html_tag,0
<deTaILs%0dONToGgLe%0a=%0aconfirm()//,html_attribute,0
<deTaILs%0dONToGgLe%0a=%0aconfirm()//,html_text,0
<deTaILs%0dONToGgLe%0a=%0aconfirm()//,script_block,0
<deTaILs%0dONToGgLe%0a=%0aconfirm()//,comment,0
<deTaILs%0dONToGgLe%0a=%0aconfirm()//,url_href,0
<deTaILs%0dONToGgLe%0a=%0aconfirm()//,url_navigation,0
<DeTAIls%0doNToGglE%0a=%0aconfirm()%0dx//,html_tag,0
<DeTAIls%0doNToGglE%0a=%0aconfirm()%0dx//,html_attribute,0
<DeTAIls%0doNToGglE%0a=%0aconfirm()%0dx//,html_text,0
<DeTAIls%0doNToGglE%0a=%0aconfirm()%0dx//,script_block,0
<DeTAIls%0doNToGglE%0a=%0aconfirm()%0dx//,comment,0
<DeTAIls%0doNToGglE%0a=%0aconfirm()%0dx//,url_href,0
<DeTAIls%0doNToGglE%0a=%0aconfirm()%0dx//,url_navigation,0
<d3V%0aONMOUSeoVEr+=+confirm()>v3dm0s,html_tag,0
<d3V%0aONMOUSeoVEr+=+confirm()>v3dm0s,html_attribute,0
<d3V%0aONMOUSeoVEr+=+confirm()>v3dm0s,html_text,0
<d3V%0aONMOUSeoVEr+=+confirm()>v3dm0s,script_block,0
<d3V%0aONMOUSeoVEr+=+confirm()>v3dm0s,comment,0
<d3V%0aONMOUSeoVEr+=+confirm()>v3dm0s,url_href,0
<d3V%0aONMOUSeoVEr+=+confirm()>v3dm0s,url_navigation,0
<A%09ONpoInteReNTER%0d=%0d[8].find(confirm)%0dx>v3dm0s,html_tag,1
<A%09ONpoInteReNTER%0d=%0d[8].find(confirm)%0dx>v3dm0s,html_attribute,0
<A%09ONpoInteReNTER%0d=%0d[8].find(confirm)%0dx>v3dm0s,html_text,1
<A%09ONpoInteReNTER%0d=%0d[8].find(confirm)%0dx>v3dm0s,script_block,0
<A%09ONpoInteReNTER%0d=%0d[8].find(confirm)%0dx>v3dm0s,comment,0
<A%09ONpoInteReNTER%0d=%0d[8].find(confirm)%0dx>v3dm0s,url_href,0
<A%09ONpoInteReNTER%0d=%0d[8].find(confirm)%0dx>v3dm0s,url_navigation,0
<D3V%09ONmousEOvER%0a=%0aconfirm()>v3dm0s,html_tag,1
<D3V%09ONmousEOvER%0a=%0aconfirm()>v3dm0s,html_attribute,0
<D3V%09ONmousEOvER%0a=%0aconfirm()>v3dm0s,html_text,1
<D3V%09ONmousEOvER%0a=%0aconfirm()>v3dm0s,script_block,0
<D3V%09ONmousEOvER%0a=%0aconfirm()>v3dm0s,comment,0
<D3V%09ONmousEOvER%0a=%0aconfirm()>v3dm0s,url_href,0
<D3V%09ONmousEOvER%0a=%0aconfirm()>v3dm0s,url_navigation,0
"<A%0aoNmouSEOvEr%0d=%0da=prompt,a()>v3dm0s",html_tag,1
"<A%0aoNmouSEOvEr%0d=%0da=prompt,a()>v3dm0s",html_attribute,0
"<A%0aoNmouSEOvEr%0d=%0da=prompt,a()>v3dm0s",html_text,1
"<A%0aoNmouSEOvEr%0d=%0da=prompt,a()>v3dm0s",script_block,0
"<A%0aoNmouSEOvEr%0d=%0da=prompt,a()>v3dm0s",comment,0
"<A%0aoNmouSEOvEr%0d=%0da=prompt,a()>v3dm0s",url_href,0
"<A%0aoNmouSEOvEr%0d=%0da=prompt,a()>v3dm0s",url_navigation,0
"<detAiLs/+/onTOGgle+=+a=prompt,a()%0dx//",html_tag,0
"<detAiLs/+/onTOGgle+=+a=prompt,a()%0dx//",html_attribute,0
"<detAiLs/+/onTOGgle+=+a=prompt,a()%0dx//",html_text,0
"<detAiLs/+/onTOGgle+=+a=prompt,a()%0dx//",script_block,0
"<detAiLs/+/onTOGgle+=+a=prompt,a()%0dx//",comment,0
"<detAiLs/+/onTOGgle+=+a=prompt,a()%0dx//",url_href,0
"<detAiLs/+/onTOGgle+=+a=prompt,a()%0dx//",url_navigation,0
<d3v%09onpoiNTErENTEr%0a=%0aconfirm()%0dx>v3dm0s,html_tag,1
<d3v%09onpoiNTErENTEr%0a=%0aconfirm()%0dx>v3dm0s,html_attribute,0
<d3v%09onpoiNTErENTEr%0a=%0aconfirm()%0dx>v3dm0s,html_text,1
<d3v%09onpoiNTErENTEr%0a=%0aconfirm()%0dx>v3dm0s,script_block,0
<d3v%09onpoiNTErENTEr%0a=%0aconfirm()%0dx>v3dm0s,comment,0
<d3v%09onpoiNTErENTEr%0a=%0aconfirm()%0dx>v3dm0s,url_href,0
<d3v%09onpoiNTErENTEr%0a=%0aconfirm()%0dx>v3dm0s,url_navigation,0
<hTMl%0dONpOINTEreNter%0a=%0aconfirm()%0dx//,html_tag,0
<hTMl%0dONpOINTEreNter%0a=%0aconfirm()%0dx//,html_attribute,0
<hTMl%0dONpOINTEreNter%0a=%0aconfirm()%0dx//,html_text,0
<hTMl%0dONpOINTEreNter%0a=%0aconfirm()%0dx//,script_block,0
<hTMl%0dONpOINTEreNter%0a=%0aconfirm()%0dx//,comment,0
<hTMl%0dONpOINTEreNter%0a=%0aconfirm()%0dx//,url_href,0
<hTMl%0dONpOINTEreNter%0a=%0aconfirm()%0dx//,url_navigation,0
<dEtAils%0aontoggle%0d=%0dconfirm()%0dx//,html_tag,0
<dEtAils%0aontoggle%0d=%0dconfirm()%0dx//,html_attribute,0
<dEtAils%0aontoggle%0d=%0dconfirm()%0dx//,html_text,0
<dEtAils%0aontoggle%0d=%0dconfirm()%0dx//,script_block,0
<dEtAils%0aontoggle%0d=%0dconfirm()%0dx//,comment,0
<dEtAils%0aontoggle%0d=%0dconfirm()%0dx//,url_href,0
<dEtAils%0aontoggle%0d=%0dconfirm()%0dx//,url_navigation,0
<D3v%0dOnMOUSEOVER%09=%09(confirm)()%0dx>v3dm0s,html_tag,1
<D3v%0dOnMOUSEOVER%09=%09(confirm)()%0dx>v3dm0s,html_attribute,0
<D3v%0dOnMOUSEOVER%09=%09(confirm)()%0dx>v3dm0s,html_text,1
<D3v%0dOnMOUSEOVER%09=%09(confirm)()%0dx>v3dm0s,script_block,0
<D3v%0dOnMOUSEOVER%09=%09(confirm)()%0dx>v3dm0s,comment,0
<D3v%0dOnMOUSEOVER%09=%09(confirm)()%0dx>v3dm0s,url_href,0
<D3v%0dOnMOUSEOVER%09=%09(confirm)()%0dx>v3dm0s,url_navigation,0
<d3V%0aOnMoUSEoVEr%09=%09(confirm)()>v3dm0s,html_tag,1
<d3V%0aOnMoUSEoVEr%09=%09(confirm)()>v3dm0s,html_attribute,0
<d3V%0aOnMoUSEoVEr%09=%09(confirm)()>v3dm0s,html_text,1
<d3V%0aOnMoUSEoVEr%09=%09(confirm)()>v3dm0s,script_block,0
<d3V%0aOnMoUSEoVEr%09=%09(confirm)()>v3dm0s,comment,0
<d3V%0aOnMoUSEoVEr%09=%09(confirm)()>v3dm0s,url_href,0
<d3V%0aOnMoUSEoVEr%09=%09(confirm)()>v3dm0s,url_navigation,0
"<DeTaILS%0aonpOINteReNTeR%0a=%0aa=prompt,a()%0dx>",html_tag,0
"<DeTaILS%0aonpOINteReNTeR%0a=%0aa=prompt,a()%0dx>",html_attribute,0
"<DeTaILS%0aonpOINteReNTeR%0a=%0aa=prompt,a()%0dx>",html_text,0
"<DeTaILS%0aonpOINteReNTeR%0a=%0aa=prompt,a()%0dx>",script_block,0
"<DeTaILS%0aonpOINteReNTeR%0a=%0aa=prompt,a()%0dx>",comment,0
"<DeTaILS%0aonpOINteReNTeR%0a=%0aa=prompt,a()%0dx>",url_href,0
"<DeTaILS%0aonpOINteReNTeR%0a=%0aa=prompt,a()%0dx>",url_navigation,0
<deTAiLs%0doNTogGLE%09=%09(prompt)``>,html_tag,0
<deTAiLs%0doNTogGLE%09=%09(prompt)``>,html_attribute,0
<deTAiLs%0doNTogGLE%09=%09(prompt)``>,html_text,0
<deTAiLs%0doNTogGLE%09=%09(prompt)``>,script_block,0
<deTAiLs%0doNTogGLE%09=%09(prompt)``>,comment,0
<deTAiLs%0doNTogGLE%09=%09(prompt)``>,url_href,0
<deTAiLs%0doNTogGLE%09=%09(prompt)``>,url_navigation,0
<DeTaIls%0doNpoINTEREnTEr+=+confirm()%0dx//,html_tag,0
<DeTaIls%0doNpoINTEREnTEr+=+confirm()%0dx//,html_attribute,0
<DeTaIls%0doNpoINTEREnTEr+=+confirm()%0dx//,html_text,0
<DeTaIls%0doNpoINTEREnTEr+=+confirm()%0dx//,script_block,0
<DeTaIls%0doNpoINTEREnTEr+=+confirm()%0dx//,comment,0
<DeTaIls%0doNpoINTEREnTEr+=+confirm()%0dx//,url_href,0
<DeTaIls%0doNpoINTEREnTEr+=+confirm()%0dx//,url_navigation,0
<d3v%09onPoInTErEntEr%0a=%0a[8].find(confirm)%0dx>v3dm0s,html_tag,1
<d3v%09onPoInTErEntEr%0a=%0a[8].find(confirm)%0dx>v3dm0s,html_attribute,0
<d3v%09onPoInTErEntEr%0a=%0a[8].find(confirm)%0dx>v3dm0s,html_text,1
<d3v%09onPoInTErEntEr%0a=%0a[8].find(confirm)%0dx>v3dm0s,script_block,0
<d3v%09onPoInTErEntEr%0a=%0a[8].find(confirm)%0dx>v3dm0s,comment,0
<d3v%09onPoInTErEntEr%0a=%0a[8].find(confirm)%0dx>v3dm0s,url_href,0
<d3v%09onPoInTErEntEr%0a=%0a[8].find(confirm)%0dx>v3dm0s,url_navigation,0
<HtmL%0aonmOuseOVer%0a=%0aconfirm()//,html_tag,0
<HtmL%0aonmOuseOVer%0a=%0aconfirm()//,html_attribute,0
<HtmL%0aonmOuseOVer%0a=%0aconfirm()//,html_text,0
<HtmL%0aonmOuseOVer%0a=%0aconfirm()//,script_block,0
<HtmL%0aonmOuseOVer%0a=%0aconfirm()//,comment,0
<HtmL%0aonmOuseOVer%0a=%0aconfirm()//,url_href,0
<HtmL%0aonmOuseOVer%0a=%0aconfirm()//,url_navigation,0
<D3V%0aonPointeReNTEr%09=%09confirm()>v3dm0s,html_tag,1
<D3V%0aonPointeReNTEr%09=%09confirm()>v3dm0s,html_attribute,0
<D3V%0aonPointeReNTEr%09=%09confirm()>v3dm0s,html_text,1
<D3V%0aonPointeReNTEr%09=%09confirm()>v3dm0s,script_block,0
<D3V%0aonPointeReNTEr%09=%09confirm()>v3dm0s,comment,0
<D3V%0aonPointeReNTEr%09=%09confirm()>v3dm0s,url_href,0
<D3V%0aonPointeReNTEr%09=%09confirm()>v3dm0s,url_navigation,0
<a%0aONpOinTEreNTer+=+(prompt)``%0dx>v3dm0s,html_tag,0
<a%0aONpOinTEreNTer+=+(prompt)``%0dx>v3dm0s,html_attribute,0
<a%0aONpOinTEreNTer+=+(prompt)``%0dx>v3dm0s,html_text,0
<a%0aONpOinTEreNTer+=+(prompt)``%0dx>v3dm0s,script_block,0
<a%0aONpOinTEreNTer+=+(prompt)``%0dx>v3dm0s,comment,0
<a%0aONpOinTEreNTer+=+(prompt)``%0dx>v3dm0s,url_href,0
<a%0aONpOinTEreNTer+=+(prompt)``%0dx>v3dm0s,url_navigation,0
<DeTAils/+/OntoGGLe%09=%09(confirm)()%0dx//,html_tag,0
<DeTAils/+/OntoGGLe%09=%09(confirm)()%0dx//,html_attribute,0
<DeTAils/+/OntoGGLe%09=%09(confirm)()%0dx//,html_text,0
<DeTAils/+/OntoGGLe%09=%09(confirm)()%0dx//,script_block,0
<DeTAils/+/OntoGGLe%09=%09(confirm)()%0dx//,comment,0
<DeTAils/+/OntoGGLe%09=%09(confirm)()%0dx//,url_href,0
<DeTAils/+/OntoGGLe%09=%09(confirm)()%0dx//,url_navigation,0
"<a%0doNmouseoveR+=+a=prompt,a()>v3dm0s",html_tag,0
"<a%0doNmouseoveR+=+a=prompt,a()>v3dm0s",html_attribute,0
"<a%0doNmouseoveR+=+a=prompt,a()>v3dm0s",html_text,0
"<a%0doNmouseoveR+=+a=prompt,a()>v3dm0s",script_block,0
"<a%0doNmouseoveR+=+a=prompt,a()>v3dm0s",comment,0
"<a%0doNmouseoveR+=+a=prompt,a()>v3dm0s",url_href,0
"<a%0doNmouseoveR+=+a=prompt,a()>v3dm0s",url_navigation,0
<d3v%09ONMoUseovER+=+confirm()>v3dm0s,html_tag,0
<d3v%09ONMoUseovER+=+confirm()>v3dm0s,html_attribute,0
<d3v%09ONMoUseovER+=+confirm()>v3dm0s,html_text,0
<d3v%09ONMoUseovER+=+confirm()>v3dm0s,script_block,0
<d3v%09ONMoUseovER+=+confirm()>v3dm0s,comment,0
<d3v%09ONMoUseovER+=+confirm()>v3dm0s,url_href,0
<d3v%09ONMoUseovER+=+confirm()>v3dm0s,url_navigation,0
<deTAILs/+/oNtOGGlE%0d=%0d(confirm)()>,html_tag,0
<deTAILs/+/oNtOGGlE%0d=%0d(confirm)()>,html_attribute,0
<deTAILs/+/oNtOGGlE%0d=%0d(confirm)()>,html_text,0
<deTAILs/+/oNtOGGlE%0d=%0d(confirm)()>,script_block,0
<deTAILs/+/oNtOGGlE%0d=%0d(confirm)()>,comment,0
<deTAILs/+/oNtOGGlE%0d=%0d(confirm)()>,url_href,0
<deTAILs/+/oNtOGGlE%0d=%0d(confirm)()>,url_navigation,0
<HTmL%09oNmouSEOveR%09=%09confirm()>,html_tag,0
<HTmL%09oNmouSEOveR%09=%09confirm()>,html_attribute,0
<HTmL%09oNmouSEOveR%09=%09confirm()>,html_text,0
<HTmL%09oNmouSEOveR%09=%09confirm()>,script_block,0
<HTmL%09oNmouSEOveR%09=%09confirm()>,comment,0
<HTmL%09oNmouSEOveR%09=%09confirm()>,url_href,0
<HTmL%09oNmouSEOveR%09=%09confirm()>,url_navigation,0
<HtML%09ONMOUseoVer%0a=%0aconfirm()%0dx//,html_tag,0
<HtML%09ONMOUseoVer%0a=%0aconfirm()%0dx//,html_attribute,0
<HtML%09ONMOUseoVer%0a=%0aconfirm()%0dx//,html_text,0
<HtML%09ONMOUseoVer%0a=%0aconfirm()%0dx//,script_block,0
<HtML%09ONMOUseoVer%0a=%0aconfirm()%0dx//,comment,0
<HtML%09ONMOUseoVer%0a=%0aconfirm()%0dx//,url_href,0
<HtML%09ONMOUseoVer%0a=%0aconfirm()%0dx//,url_navigation,0
<htmL%0doNMoUseovEr%0d=%0dconfirm()%0dx//,html_tag,0
<htmL%0doNMoUseovEr%0d=%0dconfirm()%0dx//,html_attribute,0
<htmL%0doNMoUseovEr%0d=%0dconfirm()%0dx//,html_text,0
<htmL%0doNMoUseovEr%0d=%0dconfirm()%0dx//,script_block,0
<htmL%0doNMoUseovEr%0d=%0dconfirm()%0dx//,comment,0
<htmL%0doNMoUseovEr%0d=%0dconfirm()%0dx//,url_href,0
<htmL%0doNMoUseovEr%0d=%0dconfirm()%0dx//,url_navigation,0
<dEtAilS%09ONpointeREnTer%0d=%0d(prompt)``%0dx//,html_tag,0
<dEtAilS%09ONpointeREnTer%0d=%0d(prompt)``%0dx//,html_attribute,0
<dEtAilS%09ONpointeREnTer%0d=%0d(prompt)``%0dx//,html_text,0
<dEtAilS%09ONpointeREnTer%0d=%0d(prompt)``%0dx//,script_block,0
<dEtAilS%09ONpointeREnTer%0d=%0d(prompt)``%0dx//,comment,0
<dEtAilS%09ONpointeREnTer%0d=%0d(prompt)``%0dx//,url_href,0
<dEtAilS%09ONpointeREnTer%0d=%0d(prompt)``%0dx//,url_navigation,0
<DEtAIls%09OntoGGlE%0a=%0aconfirm()>,html_tag,0
<DEtAIls%09OntoGGlE%0a=%0aconfirm()>,html_attribute,0
<DEtAIls%09OntoGGlE%0a=%0aconfirm()>,html_text,0
<DEtAIls%09OntoGGlE%0a=%0aconfirm()>,script_block,0
<DEtAIls%09OntoGGlE%0a=%0aconfirm()>,comment,0
<DEtAIls%09OntoGGlE%0a=%0aconfirm()>,url_href,0
<DEtAIls%09OntoGGlE%0a=%0aconfirm()>,url_navigation,0
<d3v%0doNmOusEover+=+confirm()%0dx>v3dm0s,html_tag,0
<d3v%0doNmOusEover+=+confirm()%0dx>v3dm0s,html_attribute,0
<d3v%0doNmOusEover+=+confirm()%0dx>v3dm0s,html_text,0
<d3v%0doNmOusEover+=+confirm()%0dx>v3dm0s,script_block,0
<d3v%0doNmOusEover+=+confirm()%0dx>v3dm0s,comment,0
<d3v%0doNmOusEover+=+confirm()%0dx>v3dm0s,url_href,0
<d3v%0doNmOusEover+=+confirm()%0dx>v3dm0s,url_navigation,0
"<a%0doNPOINTeReNter%09=%09a=prompt,a()%0dx>v3dm0s",html_tag,1
"<a%0doNPOINTeReNter%09=%09a=prompt,a()%0dx>v3dm0s",html_attribute,0
"<a%0doNPOINTeReNter%09=%09a=prompt,a()%0dx>v3dm0s",html_text,1
"<a%0doNPOINTeReNter%09=%09a=prompt,a()%0dx>v3dm0s",script_block,0
"<a%0doNPOINTeReNter%09=%09a=prompt,a()%0dx>v3dm0s",comment,0
"<a%0doNPOINTeReNter%09=%09a=prompt,a()%0dx>v3dm0s",url_href,0
"<a%0doNPOINTeReNter%09=%09a=prompt,a()%0dx>v3dm0s",url_navigation,0
<DEtAilS/+/onpOiNteReNTER+=+(prompt)``>,html_tag,0
<DEtAilS/+/onpOiNteReNTER+=+(prompt)``>,html_attribute,0
<DEtAilS/+/onpOiNteReNTER+=+(prompt)``>,html_text,0
<DEtAilS/+/onpOiNteReNTER+=+(prompt)``>,script_block,0
<DEtAilS/+/onpOiNteReNTER+=+(prompt)``>,comment,0
<DEtAilS/+/onpOiNteReNTER+=+(prompt)``>,url_href,0
<DEtAilS/+/onpOiNteReNTER+=+(prompt)``>,url_navigation,0
"<D3V%0aOnpOINTeREnTER+=+a=prompt,a()%0dx>v3dm0s",html_tag,0
"<D3V%0aOnpOINTeREnTER+=+a=prompt,a()%0dx>v3dm0s",html_attribute,0
"<D3V%0aOnpOINTeREnTER+=+a=prompt,a()%0dx>v3dm0s",html_text,0
"<D3V%0aOnpOINTeREnTER+=+a=prompt,a()%0dx>v3dm0s",script_block,0
"<D3V%0aOnpOINTeREnTER+=+a=prompt,a()%0dx>v3dm0s",comment,0
"<D3V%0aOnpOINTeREnTER+=+a=prompt,a()%0dx>v3dm0s",url_href,0
"<D3V%0aOnpOINTeREnTER+=+a=prompt,a()%0dx>v3dm0s",url_navigation,0
<DEtaILs%09oNPoiNTerentEr%09=%09(prompt)``//,html_tag,0
<DEtaILs%09oNPoiNTerentEr%09=%09(prompt)``//,html_attribute,0
<DEtaILs%09oNPoiNTerentEr%09=%09(prompt)``//,html_text,0
<DEtaILs%09oNPoiNTerentEr%09=%09(prompt)``//,script_block,0
<DEtaILs%09oNPoiNTerentEr%09=%09(prompt)``//,comment,0
<DEtaILs%09oNPoiNTerentEr%09=%09(prompt)``//,url_href,0
<DEtaILs%09oNPoiNTerentEr%09=%09(prompt)``//,url_navigation,0
<dETails%0aOnTOgGLe%09=%09[8].find(confirm)%0dx>,html_tag,0
<dETails%0aOnTOgGLe%09=%09[8].find(confirm)%0dx>,html_attribute,0
<dETails%0aOnTOgGLe%09=%09[8].find(confirm)%0dx>,html_text,0
<dETails%0aOnTOgGLe%09=%09[8].find(confirm)%0dx>,script_block,0
<dETails%0aOnTOgGLe%09=%09[8].find(confirm)%0dx>,comment,0
<dETails%0aOnTOgGLe%09=%09[8].find(confirm)%0dx>,url_href,0
<dETails%0aOnTOgGLe%09=%09[8].find(confirm)%0dx>,url_navigation,0
<a/+/ONmouSeover+=+(confirm)()>v3dm0s,html_tag,0
<a/+/ONmouSeover+=+(confirm)()>v3dm0s,html_attribute,0
<a/+/ONmouSeover+=+(confirm)()>v3dm0s,html_text,0
<a/+/ONmouSeover+=+(confirm)()>v3dm0s,script_block,0
<a/+/ONmouSeover+=+(confirm)()>v3dm0s,comment,0
<a/+/ONmouSeover+=+(confirm)()>v3dm0s,url_href,0
<a/+/ONmouSeover+=+(confirm)()>v3dm0s,url_navigation,0
<a%09onPOInTerEnteR%09=%09(prompt)``%0dx>v3dm0s,html_tag,1
<a%09onPOInTerEnteR%09=%09(prompt)``%0dx>v3dm0s,html_attribute,0
<a%09onPOInTerEnteR%09=%09(prompt)``%0dx>v3dm0s,html_text,1
<a%09onPOInTerEnteR%09=%09(prompt)``%0dx>v3dm0s,script_block,0
<a%09onPOInTerEnteR%09=%09(prompt)``%0dx>v3dm0s,comment,0
<a%09onPOInTerEnteR%09=%09(prompt)``%0dx>v3dm0s,url_href,0
<a%09onPOInTerEnteR%09=%09(prompt)``%0dx>v3dm0s,url_navigation,0
<a%0donpoInTERenTEr%0a=%0aconfirm()>v3dm0s,html_tag,1
<a%0donpoInTERenTEr%0a=%0aconfirm()>v3dm0s,html_attribute,0
<a%0donpoInTERenTEr%0a=%0aconfirm()>v3dm0s,html_text,1
<a%0donpoInTERenTEr%0a=%0aconfirm()>v3dm0s,script_block,0
<a%0donpoInTERenTEr%0a=%0aconfirm()>v3dm0s,comment,0
<a%0donpoInTERenTEr%0a=%0aconfirm()>v3dm0s,url_href,0
<a%0donpoInTERenTEr%0a=%0aconfirm()>v3dm0s,url_navigation,0
<htML%0donmOusEoveR%09=%09(prompt)``%0dx//,html_tag,0
<htML%0donmOusEoveR%09=%09(prompt)``%0dx//,html_attribute,0
<htML%0donmOusEoveR%09=%09(prompt)``%0dx//,html_text,0
<htML%0donmOusEoveR%09=%09(prompt)``%0dx//,script_block,0
<htML%0donmOusEoveR%09=%09(prompt)``%0dx//,comment,0
<htML%0donmOusEoveR%09=%09(prompt)``%0dx//,url_href,0
<htML%0donmOusEoveR%09=%09(prompt)``%0dx//,url_navigation,0
<d3v/+/oNmoUseoVeR%0a=%0aconfirm()%0dx>v3dm0s,html_tag,1
<d3v/+/oNmoUseoVeR%0a=%0aconfirm()%0dx>v3dm0s,html_attribute,0
<d3v/+/oNmoUseoVeR%0a=%0aconfirm()%0dx>v3dm0s,html_text,1
<d3v/+/oNmoUseoVeR%0a=%0aconfirm()%0dx>v3dm0s,script_block,0
<d3v/+/oNmoUseoVeR%0a=%0aconfirm()%0dx>v3dm0s,comment,0
<d3v/+/oNmoUseoVeR%0a=%0aconfirm()%0dx>v3dm0s,url_href,0
<d3v/+/oNmoUseoVeR%0a=%0aconfirm()%0dx>v3dm0s,url_navigation,0
<d3v/+/ONpoINtErenTer%09=%09(confirm)()>v3dm0s,html_tag,1
<d3v/+/ONpoINtErenTer%09=%09(confirm)()>v3dm0s,html_attribute,0
<d3v/+/ONpoINtErenTer%09=%09(confirm)()>v3dm0s,html_text,1
<d3v/+/ONpoINtErenTer%09=%09(confirm)()>v3dm0s,script_block,0
<d3v/+/ONpoINtErenTer%09=%09(confirm)()>v3dm0s,comment,0
<d3v/+/ONpoINtErenTer%09=%09(confirm)()>v3dm0s,url_href,0
<d3v/+/ONpoINtErenTer%09=%09(confirm)()>v3dm0s,url_navigation,0
<detaIls%0dontoggLe%09=%09confirm()//,html_tag,0
<detaIls%0dontoggLe%09=%09confirm()//,html_attribute,0
<detaIls%0dontoggLe%09=%09confirm()//,html_text,0
<detaIls%0dontoggLe%09=%09confirm()//,script_block,0
<detaIls%0dontoggLe%09=%09confirm()//,comment,0
<detaIls%0dontoggLe%09=%09confirm()//,url_href,0
<detaIls%0dontoggLe%09=%09confirm()//,url_navigation,0
<A%0doNpOinTErENTeR%0d=%0d(confirm)()%0dx>v3dm0s,html_tag,1
<A%0doNpOinTErENTeR%0d=%0d(confirm)()%0dx>v3dm0s,html_attribute,0
<A%0doNpOinTErENTeR%0d=%0d(confirm)()%0dx>v3dm0s,html_text,1
<A%0doNpOinTErENTeR%0d=%0d(confirm)()%0dx>v3dm0s,script_block,0
<A%0doNpOinTErENTeR%0d=%0d(confirm)()%0dx>v3dm0s,comment,0
<A%0doNpOinTErENTeR%0d=%0d(confirm)()%0dx>v3dm0s,url_href,0
<A%0doNpOinTErENTeR%0d=%0d(confirm)()%0dx>v3dm0s,url_navigation,0
<a/+/ONPoInteRenteR+=+confirm()>v3dm0s,html_tag,0
<a/+/ONPoInteRenteR+=+confirm()>v3dm0s,html_attribute,0
<a/+/ONPoInteRenteR+=+confirm()>v3dm0s,html_text,0
<a/+/ONPoInteRenteR+=+confirm()>v3dm0s,script_block,0
<a/+/ONPoInteRenteR+=+confirm()>v3dm0s,comment,0
<a/+/ONPoInteRenteR+=+confirm()>v3dm0s,url_href,0
<a/+/ONPoInteRenteR+=+confirm()>v3dm0s,url_navigation,0
<HTMl%0aonmouseoVER+=+(confirm)()%0dx//,html_tag,0
<HTMl%0aonmouseoVER+=+(confirm)()%0dx//,html_attribute,0
<HTMl%0aonmouseoVER+=+(confirm)()%0dx//,html_text,0
<HTMl%0aonmouseoVER+=+(confirm)()%0dx//,script_block,0
<HTMl%0aonmouseoVER+=+(confirm)()%0dx//,comment,0
<HTMl%0aonmouseoVER+=+(confirm)()%0dx//,url_href,0
<HTMl%0aonmouseoVER+=+(confirm)()%0dx//,url_navigation,0
"<D3v%0aONPOiNtErEnTer%0d=%0da=prompt,a()%0dx>v3dm0s",html_tag,1
"<D3v%0aONPOiNtErEnTer%0d=%0da=prompt,a()%0dx>v3dm0s",html_attribute,0
"<D3v%0aONPOiNtErEnTer%0d=%0da=prompt,a()%0dx>v3dm0s",html_text,1
"<D3v%0aONPOiNtErEnTer%0d=%0da=prompt,a()%0dx>v3dm0s",script_block,0
"<D3v%0aONPOiNtErEnTer%0d=%0da=prompt,a()%0dx>v3dm0s",comment,0
"<D3v%0aONPOiNtErEnTer%0d=%0da=prompt,a()%0dx>v3dm0s",url_href,0
"<D3v%0aONPOiNtErEnTer%0d=%0da=prompt,a()%0dx>v3dm0s",url_navigation,0
<D3v%0aONmOuSeover%0a=%0a(confirm)()%0dx>v3dm0s,html_tag,1
<D3v%0aONmOuSeover%0a=%0a(confirm)()%0dx>v3dm0s,html_attribute,0
<D3v%0aONmOuSeover%0a=%0a(confirm)()%0dx>v3dm0s,html_text,1
<D3v%0aONmOuSeover%0a=%0a(confirm)()%0dx>v3dm0s,script_block,0
<D3v%0aONmOuSeover%0a=%0a(confirm)()%0dx>v3dm0s,comment,0
<D3v%0aONmOuSeover%0a=%0a(confirm)()%0dx>v3dm0s,url_href,0
<D3v%0aONmOuSeover%0a=%0a(confirm)()%0dx>v3dm0s,url_navigation,0
<D3V%0aOnMoUSeOVeR%0a=%0aconfirm()>v3dm0s,html_tag,1
<D3V%0aOnMoUSeOVeR%0a=%0aconfirm()>v3dm0s,html_attribute,0
<D3V%0aOnMoUSeOVeR%0a=%0aconfirm()>v3dm0s,html_text,1
<D3V%0aOnMoUSeOVeR%0a=%0aconfirm()>v3dm0s,script_block,0
<D3V%0aOnMoUSeOVeR%0a=%0aconfirm()>v3dm0s,comment,0
<D3V%0aOnMoUSeOVeR%0a=%0aconfirm()>v3dm0s,url_href,0
<D3V%0aOnMoUSeOVeR%0a=%0aconfirm()>v3dm0s,url_navigation,0
<detaIls%0aONpOiNterENtER%0d=%0d(prompt)``//,html_tag,0
<detaIls%0aONpOiNterENtER%0d=%0d(prompt)``//,html_attribute,0
<detaIls%0aONpOiNterENtER%0d=%0d(prompt)``//,html_text,0
<detaIls%0aONpOiNterENtER%0d=%0d(prompt)``//,script_block,0
<detaIls%0aONpOiNterENtER%0d=%0d(prompt)``//,comment,0
<detaIls%0aONpOiNterENtER%0d=%0d(prompt)``//,url_href,0
<detaIls%0aONpOiNterENtER%0d=%0d(prompt)``//,url_navigation,0
"<DetaILS%0aoNPoiNteREnter%0a=%0aa=prompt,a()>",html_tag,0
"<DetaILS%0aoNPoiNteREnter%0a=%0aa=prompt,a()>",html_attribute,0
"<DetaILS%0aoNPoiNteREnter%0a=%0aa=prompt,a()>",html_text,0
"<DetaILS%0aoNPoiNteREnter%0a=%0aa=prompt,a()>",script_block,0
"<DetaILS%0aoNPoiNteREnter%0a=%0aa=prompt,a()>",comment,0
"<DetaILS%0aoNPoiNteREnter%0a=%0aa=prompt,a()>",url_href,0
"<DetaILS%0aoNPoiNteREnter%0a=%0aa=prompt,a()>",url_navigation,0
<D3v%09onmOUSeOveR+=+(confirm)()>v3dm0s,html_tag,0
<D3v%09onmOUSeOveR+=+(confirm)()>v3dm0s,html_attribute,0
<D3v%09onmOUSeOveR+=+(confirm)()>v3dm0s,html_text,0
<D3v%09onmOUSeOveR+=+(confirm)()>v3dm0s,script_block,0
<D3v%09onmOUSeOveR+=+(confirm)()>v3dm0s,comment,0
<D3v%09onmOUSeOveR+=+(confirm)()>v3dm0s,url_href,0
<D3v%09onmOUSeOveR+=+(confirm)()>v3dm0s,url_navigation,0
<HtMl%0donMoUSeover+=+confirm()//,html_tag,0
<HtMl%0donMoUSeover+=+confirm()//,html_attribute,0
<HtMl%0donMoUSeover+=+confirm()//,html_text,0
<HtMl%0donMoUSeover+=+confirm()//,script_block,0
<HtMl%0donMoUSeover+=+confirm()//,comment,0
<HtMl%0donMoUSeover+=+confirm()//,url_href,0
<HtMl%0donMoUSeover+=+confirm()//,url_navigation,0
<a%0aONPointerEnTeR%09=%09(prompt)``%0dx>v3dm0s,html_tag,1
<a%0aONPointerEnTeR%09=%09(prompt)``%0dx>v3dm0s,html_attribute,0
<a%0aONPointerEnTeR%09=%09(prompt)``%0dx>v3dm0s,html_text,1
<a%0aONPointerEnTeR%09=%09(prompt)``%0dx>v3dm0s,script_block,0
<a%0aONPointerEnTeR%09=%09(prompt)``%0dx>v3dm0s,comment,0
<a%0aONPointerEnTeR%09=%09(prompt)``%0dx>v3dm0s,url_href,0
<a%0aONPointerEnTeR%09=%09(prompt)``%0dx>v3dm0s,url_navigation,0
<deTailS%0dONtoggle%0d=%0d(confirm)()//,html_tag,0
<deTailS%0dONtoggle%0d=%0d(confirm)()//,html_attribute,0
<deTailS%0dONtoggle%0d=%0d(confirm)()//,html_text,0
<deTailS%0dONtoggle%0d=%0d(confirm)()//,script_block,0
<deTailS%0dONtoggle%0d=%0d(confirm)()//,comment,0
<deTailS%0dONtoggle%0d=%0d(confirm)()//,url_href,0
<deTailS%0dONtoggle%0d=%0d(confirm)()//,url_navigation,0
"<dEtAiLS%0dOnTOgGLe%0a=%0aa=prompt,a()%0dx//",html_tag,0
"<dEtAiLS%0dOnTOgGLe%0a=%0aa=prompt,a()%0dx//",html_attribute,0
"<dEtAiLS%0dOnTOgGLe%0a=%0aa=prompt,a()%0dx//",html_text,0
"<dEtAiLS%0dOnTOgGLe%0a=%0aa=prompt,a()%0dx//",script_block,0
"<dEtAiLS%0dOnTOgGLe%0a=%0aa=prompt,a()%0dx//",comment,0
"<dEtAiLS%0dOnTOgGLe%0a=%0aa=prompt,a()%0dx//",url_href,0
"<dEtAiLS%0dOnTOgGLe%0a=%0aa=prompt,a()%0dx//",url_navigation,0
<deTaiLS%0aontOgGle+=+[8].find(confirm)//,html_tag,0
<deTaiLS%0aontOgGle+=+[8].find(confirm)//,html_attribute,0
<deTaiLS%0aontOgGle+=+[8].find(confirm)//,html_text,0
<deTaiLS%0aontOgGle+=+[8].find(confirm)//,script_block,0
<deTaiLS%0aontOgGle+=+[8].find(confirm)//,comment,0
<deTaiLS%0aontOgGle+=+[8].find(confirm)//,url_href,0
<deTaiLS%0aontOgGle+=+[8].find(confirm)//,url_navigation,0
"<hTMl%0aoNpOINterENter%0a=%0aa=prompt,a()//",html_tag,0
"<hTMl%0aoNpOINterENter%0a=%0aa=prompt,a()//",html_attribute,0
"<hTMl%0aoNpOINterENter%0a=%0aa=prompt,a()//",html_text,0
"<hTMl%0aoNpOINterENter%0a=%0aa=prompt,a()//",script_block,0
"<hTMl%0aoNpOINterENter%0a=%0aa=prompt,a()//",comment,0
"<hTMl%0aoNpOINterENter%0a=%0aa=prompt,a()//",url_href,0
"<hTMl%0aoNpOINterENter%0a=%0aa=prompt,a()//",url_navigation,0
<HTml/+/oNmOuSeoVEr%09=%09confirm()//,html_tag,0
<HTml/+/oNmOuSeoVEr%09=%09confirm()//,html_attribute,0
<HTml/+/oNmOuSeoVEr%09=%09confirm()//,html_text,0
<HTml/+/oNmOuSeoVEr%09=%09confirm()//,script_block,0
<HTml/+/oNmOuSeoVEr%09=%09confirm()//,comment,0
<HTml/+/oNmOuSeoVEr%09=%09confirm()//,url_href,0
<HTml/+/oNmOuSeoVEr%09=%09confirm()//,url_navigation,0
<a%0aonPOintEreNtER%0d=%0dconfirm()%0dx>v3dm0s,html_tag,1
<a%0aonPOintEreNtER%0d=%0dconfirm()%0dx>v3dm0s,html_attribute,0
<a%0aonPOintEreNtER%0d=%0dconfirm()%0dx>v3dm0s,html_text,1
<a%0aonPOintEreNtER%0d=%0dconfirm()%0dx>v3dm0s,script_block,0
<a%0aonPOintEreNtER%0d=%0dconfirm()%0dx>v3dm0s,comment,0
<a%0aonPOintEreNtER%0d=%0dconfirm()%0dx>v3dm0s,url_href,0
<a%0aonPOintEreNtER%0d=%0dconfirm()%0dx>v3dm0s,url_navigation,0
<d3V/+/onMOusEover%0d=%0d(prompt)``%0dx>v3dm0s,html_tag,1
<d3V/+/onMOusEover%0d=%0d(prompt)``%0dx>v3dm0s,html_attribute,0
<d3V/+/onMOusEover%0d=%0d(prompt)``%0dx>v3dm0s,html_text,1
<d3V/+/onMOusEover%0d=%0d(prompt)``%0dx>v3dm0s,script_block,0
<d3V/+/onMOusEover%0d=%0d(prompt)``%0dx>v3dm0s,comment,0
<d3V/+/onMOusEover%0d=%0d(prompt)``%0dx>v3dm0s,url_href,0
<d3V/+/onMOusEover%0d=%0d(prompt)``%0dx>v3dm0s,url_navigation,0
<D3V%0aonmOuSEOVEr%0a=%0aconfirm()>v3dm0s,html_tag,1
<D3V%0aonmOuSEOVEr%0a=%0aconfirm()>v3dm0s,html_attribute,0
<D3V%0aonmOuSEOVEr%0a=%0aconfirm()>v3dm0s,html_text,1
<D3V%0aonmOuSEOVEr%0a=%0aconfirm()>v3dm0s,script_block,0
<D3V%0aonmOuSEOVEr%0a=%0aconfirm()>v3dm0s,comment,0
<D3V%0aonmOuSEOVEr%0a=%0aconfirm()>v3dm0s,url_href,0
<D3V%0aonmOuSEOVEr%0a=%0aconfirm()>v3dm0s,url_navigation,0
<DEtAilS%0dONToGgLE+=+(confirm)()%0dx//,html_tag,0
<DEtAilS%0dONToGgLE+=+(confirm)()%0dx//,html_attribute,0
<DEtAilS%0dONToGgLE+=+(confirm)()%0dx//,html_text,0
<DEtAilS%0dONToGgLE+=+(confirm)()%0dx//,script_block,0
<DEtAilS%0dONToGgLE+=+(confirm)()%0dx//,comment,0
<DEtAilS%0dONToGgLE+=+(confirm)()%0dx//,url_href,0
<DEtAilS%0dONToGgLE+=+(confirm)()%0dx//,url_navigation,0
<deTailS%09ONTOggLe%09=%09(prompt)``>,html_tag,0
<deTailS%09ONTOggLe%09=%09(prompt)``>,html_attribute,0
<deTailS%09ONTOggLe%09=%09(prompt)``>,html_text,0
<deTailS%09ONTOggLe%09=%09(prompt)``>,script_block,0
<deTailS%09ONTOggLe%09=%09(prompt)``>,comment,0
<deTailS%09ONTOggLe%09=%09(prompt)``>,url_href,0
<deTailS%09ONTOggLe%09=%09(prompt)``>,url_navigation,0
<detAIlS%0dONtoGGLe%0a=%0a(confirm)()//,html_tag,0
<detAIlS%0dONtoGGLe%0a=%0a(confirm)()//,html_attribute,0
<detAIlS%0dONtoGGLe%0a=%0a(confirm)()//,html_text,0
<detAIlS%0dONtoGGLe%0a=%0a(confirm)()//,script_block,0
<detAIlS%0dONtoGGLe%0a=%0a(confirm)()//,comment,0
<detAIlS%0dONtoGGLe%0a=%0a(confirm)()//,url_href,0
<detAIlS%0dONtoGGLe%0a=%0a(confirm)()//,url_navigation,0
<D3V%0donmOuSeOveR%09=%09(prompt)``>v3dm0s,html_tag,1
<D3V%0donmOuSeOveR%09=%09(prompt)``>v3dm0s,html_attribute,0
<D3V%0donmOuSeOveR%09=%09(prompt)``>v3dm0s,html_text,1
<D3V%0donmOuSeOveR%09=%09(prompt)``>v3dm0s,script_block,0
<D3V%0donmOuSeOveR%09=%09(prompt)``>v3dm0s,comment,0
<D3V%0donmOuSeOveR%09=%09(prompt)``>v3dm0s,url_href,0
<D3V%0donmOuSeOveR%09=%09(prompt)``>v3dm0s,url_navigation,0
<A%09onPoInTeRenTeR%0a=%0a(confirm)()>v3dm0s,html_tag,1
<A%09onPoInTeRenTeR%0a=%0a(confirm)()>v3dm0s,html_attribute,0
<A%09onPoInTeRenTeR%0a=%0a(confirm)()>v3dm0s,html_text,1
<A%09onPoInTeRenTeR%0a=%0a(confirm)()>v3dm0s,script_block,0
<A%09onPoInTeRenTeR%0a=%0a(confirm)()>v3dm0s,comment,0
<A%09onPoInTeRenTeR%0a=%0a(confirm)()>v3dm0s,url_href,0
<A%09onPoInTeRenTeR%0a=%0a(confirm)()>v3dm0s,url_navigation,0
<htML%0dONpoinTeRENTeR+=+confirm()%0dx>,html_tag,0
<htML%0dONpoinTeRENTeR+=+confirm()%0dx>,html_attribute,0
<htML%0dONpoinTeRENTeR+=+confirm()%0dx>,html_text,0
<htML%0dONpoinTeRENTeR+=+confirm()%0dx>,script_block,0
<htML%0dONpoinTeRENTeR+=+confirm()%0dx>,comment,0
<htML%0dONpoinTeRENTeR+=+confirm()%0dx>,url_href,0
<htML%0dONpoinTeRENTeR+=+confirm()%0dx>,url_navigation,0
<HTMl%0donPOINtEREntEr%0a=%0a(prompt)``%0dx//,html_tag,0
<HTMl%0donPOINtEREntEr%0a=%0a(prompt)``%0dx//,html_attribute,0
<HTMl%0donPOINtEREntEr%0a=%0a(prompt)``%0dx//,html_text,0
<HTMl%0donPOINtEREntEr%0a=%0a(prompt)``%0dx//,script_block,0
<HTMl%0donPOINtEREntEr%0a=%0a(prompt)``%0dx//,comment,0
<HTMl%0donPOINtEREntEr%0a=%0a(prompt)``%0dx//,url_href,0
<HTMl%0donPOINtEREntEr%0a=%0a(prompt)``%0dx//,url_navigation,0
<HTML/+/oNMoUSEOVeR%0a=%0aconfirm()//,html_tag,0
<HTML/+/oNMoUSEOVeR%0a=%0aconfirm()//,html_attribute,0
<HTML/+/oNMoUSEOVeR%0a=%0aconfirm()//,html_text,0
<HTML/+/oNMoUSEOVeR%0a=%0aconfirm()//,script_block,0
<HTML/+/oNMoUSEOVeR%0a=%0aconfirm()//,comment,0
<HTML/+/oNMoUSEOVeR%0a=%0aconfirm()//,url_href,0
<HTML/+/oNMoUSEOVeR%0a=%0aconfirm()//,url_navigation,0
<deTaiLS/+/OnTOGGle%0d=%0dconfirm()//,html_tag,0
<deTaiLS/+/OnTOGGle%0d=%0dconfirm()//,html_attribute,0
<deTaiLS/+/OnTOGGle%0d=%0dconfirm()//,html_text,0
<deTaiLS/+/OnTOGGle%0d=%0dconfirm()//,script_block,0
<deTaiLS/+/OnTOGGle%0d=%0dconfirm()//,comment,0
<deTaiLS/+/OnTOGGle%0d=%0dconfirm()//,url_href,0
<deTaiLS/+/OnTOGGle%0d=%0dconfirm()//,url_navigation,0
"<d3V%0dOnpOiNTerEnter+=+a=prompt,a()%0dx>v3dm0s",html_tag,0
"<d3V%0dOnpOiNTerEnter+=+a=prompt,a()%0dx>v3dm0s",html_attribute,0
"<d3V%0dOnpOiNTerEnter+=+a=prompt,a()%0dx>v3dm0s",html_text,0
"<d3V%0dOnpOiNTerEnter+=+a=prompt,a()%0dx>v3dm0s",script_block,0
"<d3V%0dOnpOiNTerEnter+=+a=prompt,a()%0dx>v3dm0s",comment,0
"<d3V%0dOnpOiNTerEnter+=+a=prompt,a()%0dx>v3dm0s",url_href,0
"<d3V%0dOnpOiNTerEnter+=+a=prompt,a()%0dx>v3dm0s",url_navigation,0
<A%09onmOuSeovEr+=+(confirm)()%0dx>v3dm0s,html_tag,0
<A%09onmOuSeovEr+=+(confirm)()%0dx>v3dm0s,html_attribute,0
<A%09onmOuSeovEr+=+(confirm)()%0dx>v3dm0s,html_text,0
<A%09onmOuSeovEr+=+(confirm)()%0dx>v3dm0s,script_block,0
<A%09onmOuSeovEr+=+(confirm)()%0dx>v3dm0s,comment,0
<A%09onmOuSeovEr+=+(confirm)()%0dx>v3dm0s,url_href,0
<A%09onmOuSeovEr+=+(confirm)()%0dx>v3dm0s,url_navigation,0
<DeTAilS%0aOntogGlE%09=%09(confirm)()>,html_tag,0
<DeTAilS%0aOntogGlE%09=%09(confirm)()>,html_attribute,0
<DeTAilS%0aOntogGlE%09=%09(confirm)()>,html_text,0
<DeTAilS%0aOntogGlE%09=%09(confirm)()>,script_block,0
<DeTAilS%0aOntogGlE%09=%09(confirm)()>,comment,0
<DeTAilS%0aOntogGlE%09=%09(confirm)()>,url_href,0
<DeTAilS%0aOntogGlE%09=%09(confirm)()>,url_navigation,0
<HtmL%0donMoUsEOveR+=+confirm()%0dx//,html_tag,0
<HtmL%0donMoUsEOveR+=+confirm()%0dx//,html_attribute,0
<HtmL%0donMoUsEOveR+=+confirm()%0dx//,html_text,0
<HtmL%0donMoUsEOveR+=+confirm()%0dx//,script_block,0
<HtmL%0donMoUsEOveR+=+confirm()%0dx//,comment,0
<HtmL%0donMoUsEOveR+=+confirm()%0dx//,url_href,0
<HtmL%0donMoUsEOveR+=+confirm()%0dx//,url_navigation,0
<hTML%0aONmOUseoVeR%09=%09confirm()%0dx>,html_tag,0
<hTML%0aONmOUseoVeR%09=%09confirm()%0dx>,html_attribute,0
<hTML%0aONmOUseoVeR%09=%09confirm()%0dx>,html_text,0
<hTML%0aONmOUseoVeR%09=%09confirm()%0dx>,script_block,0
<hTML%0aONmOUseoVeR%09=%09confirm()%0dx>,comment,0
<hTML%0aONmOUseoVeR%09=%09confirm()%0dx>,url_href,0
<hTML%0aONmOUseoVeR%09=%09confirm()%0dx>,url_navigation,0
<Html%09oNpOIntERentER%0d=%0dconfirm()>,html_tag,0
<Html%09oNpOIntERentER%0d=%0dconfirm()>,html_attribute,0
<Html%09oNpOIntERentER%0d=%0dconfirm()>,html_text,0
<Html%09oNpOIntERentER%0d=%0dconfirm()>,script_block,0
<Html%09oNpOIntERentER%0d=%0dconfirm()>,comment,0
<Html%09oNpOIntERentER%0d=%0dconfirm()>,url_href,0
<Html%09oNpOIntERentER%0d=%0dconfirm()>,url_navigation,0
<DETAilS%0aOnPOinteRenTEr+=+(prompt)``//,html_tag,0
<DETAilS%0aOnPOinteRenTEr+=+(prompt)``//,html_attribute,0
<DETAilS%0aOnPOinteRenTEr+=+(prompt)``//,html_text,0
<DETAilS%0aOnPOinteRenTEr+=+(prompt)``//,script_block,0
<DETAilS%0aOnPOinteRenTEr+=+(prompt)``//,comment,0
<DETAilS%0aOnPOinteRenTEr+=+(prompt)``//,url_href,0
<DETAilS%0aOnPOinteRenTEr+=+(prompt)``//,url_navigation,0
<dEtAIlS%0aoNpointERenTeR%0a=%0a(prompt)``>,html_tag,0
<dEtAIlS%0aoNpointERenTeR%0a=%0a(prompt)``>,html_attribute,0
<dEtAIlS%0aoNpointERenTeR%0a=%0a(prompt)``>,html_text,0
<dEtAIlS%0aoNpointERenTeR%0a=%0a(prompt)``>,script_block,0
<dEtAIlS%0aoNpointERenTeR%0a=%0a(prompt)``>,comment,0
<dEtAIlS%0aoNpointERenTeR%0a=%0a(prompt)``>,url_href,0
<dEtAIlS%0aoNpointERenTeR%0a=%0a(prompt)``>,url_navigation,0
<DEtAIls%0aOnPOInTErEnteR%0a=%0aconfirm()%0dx//,html_tag,0
<DEtAIls%0aOnPOInTErEnteR%0a=%0aconfirm()%0dx//,html_attribute,0
<DEtAIls%0aOnPOInTErEnteR%0a=%0aconfirm()%0dx//,html_text,0
<DEtAIls%0aOnPOInTErEnteR%0a=%0aconfirm()%0dx//,script_block,0
<DEtAIls%0aOnPOInTErEnteR%0a=%0aconfirm()%0dx//,comment,0
<DEtAIls%0aOnPOInTErEnteR%0a=%0aconfirm()%0dx//,url_href,0
<DEtAIls%0aOnPOInTErEnteR%0a=%0aconfirm()%0dx//,url_navigation,0
<DETAILS%0dONpointErenTer%09=%09confirm()>,html_tag,0
<DETAILS%0dONpointErenTer%09=%09confirm()>,html_attribute,0
<DETAILS%0dONpointErenTer%09=%09confirm()>,html_text,0
<DETAILS%0dONpointErenTer%09=%09confirm()>,script_block,0
<DETAILS%0dONpointErenTer%09=%09confirm()>,comment,0
<DETAILS%0dONpointErenTer%09=%09confirm()>,url_href,0
<DETAILS%0dONpointErenTer%09=%09confirm()>,url_navigation,0
"<htmL%0aONMOUsEoVer%0d=%0da=prompt,a()//",html_tag,0
"<htmL%0aONMOUsEoVer%0d=%0da=prompt,a()//",html_attribute,0
"<htmL%0aONMOUsEoVer%0d=%0da=prompt,a()//",html_text,0
"<htmL%0aONMOUsEoVer%0d=%0da=prompt,a()//",script_block,0
"<htmL%0aONMOUsEoVer%0d=%0da=prompt,a()//",comment,0
"<htmL%0aONMOUsEoVer%0d=%0da=prompt,a()//",url_href,0
"<htmL%0aONMOUsEoVer%0d=%0da=prompt,a()//",url_navigation,0
"<HtmL%0aOnMouSeOvEr%09=%09a=prompt,a()%0dx//",html_tag,0
"<HtmL%0aOnMouSeOvEr%09=%09a=prompt,a()%0dx//",html_attribute,0
"<HtmL%0aOnMouSeOvEr%09=%09a=prompt,a()%0dx//",html_text,0
"<HtmL%0aOnMouSeOvEr%09=%09a=prompt,a()%0dx//",script_block,0
"<HtmL%0aOnMouSeOvEr%09=%09a=prompt,a()%0dx//",comment,0
"<HtmL%0aOnMouSeOvEr%09=%09a=prompt,a()%0dx//",url_href,0
"<HtmL%0aOnMouSeOvEr%09=%09a=prompt,a()%0dx//",url_navigation,0
<d3v/+/oNMOUsEOVer+=+(confirm)()>v3dm0s,html_tag,0
<d3v/+/oNMOUsEOVer+=+(confirm)()>v3dm0s,html_attribute,0
<d3v/+/oNMOUsEOVer+=+(confirm)()>v3dm0s,html_text,0
<d3v/+/oNMOUsEOVer+=+(confirm)()>v3dm0s,script_block,0
<d3v/+/oNMOUsEOVer+=+(confirm)()>v3dm0s,comment,0
<d3v/+/oNMOUsEOVer+=+(confirm)()>v3dm0s,url_href,0
<d3v/+/oNMOUsEOVer+=+(confirm)()>v3dm0s,url_navigation,0
<DeTails%09ONToGGlE%09=%09[8].find(confirm)>,html_tag,0
<DeTails%09ONToGGlE%09=%09[8].find(confirm)>,html_attribute,0
<DeTails%09ONToGGlE%09=%09[8].find(confirm)>,html_text,0
<DeTails%09ONToGGlE%09=%09[8].find(confirm)>,script_block,0
<DeTails%09ONToGGlE%09=%09[8].find(confirm)>,comment,0
<DeTails%09ONToGGlE%09=%09[8].find(confirm)>,url_href,0
<DeTails%09ONToGGlE%09=%09[8].find(confirm)>,url_navigation,0
<A%0aONMoUseOver+=+[8].find(confirm)%0dx>v3dm0s,html_tag,0
<A%0aONMoUseOver+=+[8].find(confirm)%0dx>v3dm0s,html_attribute,0
<A%0aONMoUseOver+=+[8].find(confirm)%0dx>v3dm0s,html_text,0
<A%0aONMoUseOver+=+[8].find(confirm)%0dx>v3dm0s,script_block,0
<A%0aONMoUseOver+=+[8].find(confirm)%0dx>v3dm0s,comment,0
<A%0aONMoUseOver+=+[8].find(confirm)%0dx>v3dm0s,url_href,0
<A%0aONMoUseOver+=+[8].find(confirm)%0dx>v3dm0s,url_navigation,0
<dETailS%0aoNpoinTeReNTER%09=%09(confirm)()>,html_tag,0
<dETailS%0aoNpoinTeReNTER%09=%09(confirm)()>,html_attribute,0
<dETailS%0aoNpoinTeReNTER%09=%09(confirm)()>,html_text,0
<dETailS%0aoNpoinTeReNTER%09=%09(confirm)()>,script_block,0
<dETailS%0aoNpoinTeReNTER%09=%09(confirm)()>,comment,0
<dETailS%0aoNpoinTeReNTER%09=%09(confirm)()>,url_href,0
<dETailS%0aoNpoinTeReNTER%09=%09(confirm)()>,url_navigation,0
<D3v/+/OnmOuSeOver%0d=%0dconfirm()>v3dm0s,html_tag,1
<D3v/+/OnmOuSeOver%0d=%0dconfirm()>v3dm0s,html_attribute,0
<D3v/+/OnmOuSeOver%0d=%0dconfirm()>v3dm0s,html_text,1
<D3v/+/OnmOuSeOver%0d=%0dconfirm()>v3dm0s,script_block,0
<D3v/+/OnmOuSeOver%0d=%0dconfirm()>v3dm0s,comment,0
<D3v/+/OnmOuSeOver%0d=%0dconfirm()>v3dm0s,url_href,0
<D3v/+/OnmOuSeOver%0d=%0dconfirm()>v3dm0s,url_navigation,0
<HtMl%0aoNMouseOveR%0a=%0a[8].find(confirm)%0dx//,html_tag,0
<HtMl%0aoNMouseOveR%0a=%0a[8].find(confirm)%0dx//,html_attribute,0
<HtMl%0aoNMouseOveR%0a=%0a[8].find(confirm)%0dx//,html_text,0
<HtMl%0aoNMouseOveR%0a=%0a[8].find(confirm)%0dx//,script_block,0
<HtMl%0aoNMouseOveR%0a=%0a[8].find(confirm)%0dx//,comment,0
<HtMl%0aoNMouseOveR%0a=%0a[8].find(confirm)%0dx//,url_href,0
<HtMl%0aoNMouseOveR%0a=%0a[8].find(confirm)%0dx//,url_navigation,0
<HtmL%09ONpOInTeREnTeR%0a=%0a(confirm)()>,html_tag,0
<HtmL%09ONpOInTeREnTeR%0a=%0a(confirm)()>,html_attribute,0
<HtmL%09ONpOInTeREnTeR%0a=%0a(confirm)()>,html_text,0
<HtmL%09ONpOInTeREnTeR%0a=%0a(confirm)()>,script_block,0
<HtmL%09ONpOInTeREnTeR%0a=%0a(confirm)()>,comment,0
<HtmL%09ONpOInTeREnTeR%0a=%0a(confirm)()>,url_href,0
<HtmL%09ONpOInTeREnTeR%0a=%0a(confirm)()>,url_navigation,0
"<d3V%09oNpoInTereNter%09=%09a=prompt,a()%0dx>v3dm0s",html_tag,1
"<d3V%09oNpoInTereNter%09=%09a=prompt,a()%0dx>v3dm0s",html_attribute,0
"<d3V%09oNpoInTereNter%09=%09a=prompt,a()%0dx>v3dm0s",html_text,1
"<d3V%09oNpoInTereNter%09=%09a=prompt,a()%0dx>v3dm0s",script_block,0
"<d3V%09oNpoInTereNter%09=%09a=prompt,a()%0dx>v3dm0s",comment,0
"<d3V%09oNpoInTereNter%09=%09a=prompt,a()%0dx>v3dm0s",url_href,0
"<d3V%09oNpoInTereNter%09=%09a=prompt,a()%0dx>v3dm0s",url_navigation,0
<A/+/onmOUseOVEr+=+(prompt)``%0dx>v3dm0s,html_tag,0
<A/+/onmOUseOVEr+=+(prompt)``%0dx>v3dm0s,html_attribute,0
<A/+/onmOUseOVEr+=+(prompt)``%0dx>v3dm0s,html_text,0
<A/+/onmOUseOVEr+=+(prompt)``%0dx>v3dm0s,script_block,0
<A/+/onmOUseOVEr+=+(prompt)``%0dx>v3dm0s,comment,0
<A/+/onmOUseOVEr+=+(prompt)``%0dx>v3dm0s,url_href,0
<A/+/onmOUseOVEr+=+(prompt)``%0dx>v3dm0s,url_navigation,0
<A/+/onMouSeOvER%09=%09(prompt)``>v3dm0s,html_tag,1
<A/+/onMouSeOvER%09=%09(prompt)``>v3dm0s,html_attribute,0
<A/+/onMouSeOvER%09=%09(prompt)``>v3dm0s,html_text,1
<A/+/onMouSeOvER%09=%09(prompt)``>v3dm0s,script_block,0
<A/+/onMouSeOvER%09=%09(prompt)``>v3dm0s,comment,0
<A/+/onMouSeOvER%09=%09(prompt)``>v3dm0s,url_href,0
<A/+/onMouSeOvER%09=%09(prompt)``>v3dm0s,url_navigation,0
<DETAiLs%09ONtoGgLe%0d=%0d(confirm)()%0dx//,html_tag,0
<DETAiLs%09ONtoGgLe%0d=%0d(confirm)()%0dx//,html_attribute,0
<DETAiLs%09ONtoGgLe%0d=%0d(confirm)()%0dx//,html_text,0
<DETAiLs%09ONtoGgLe%0d=%0d(confirm)()%0dx//,script_block,0
<DETAiLs%09ONtoGgLe%0d=%0d(confirm)()%0dx//,comment,0
<DETAiLs%09ONtoGgLe%0d=%0d(confirm)()%0dx//,url_href,0
<DETAiLs%09ONtoGgLe%0d=%0d(confirm)()%0dx//,url_navigation,0
<hTML%0aoNPoInTerENtEr%09=%09confirm()%0dx//,html_tag,0
<hTML%0aoNPoInTerENtEr%09=%09confirm()%0dx//,html_attribute,0
<hTML%0aoNPoInTerENtEr%09=%09confirm()%0dx//,html_text,0
<hTML%0aoNPoInTerENtEr%09=%09confirm()%0dx//,script_block,0
<hTML%0aoNPoInTerENtEr%09=%09confirm()%0dx//,comment,0
<hTML%0aoNPoInTerENtEr%09=%09confirm()%0dx//,url_href,0
<hTML%0aoNPoInTerENtEr%09=%09confirm()%0dx//,url_navigation,0
<HTml%0dOnpoINTERENTEr%09=%09confirm()%0dx//,html_tag,0
<HTml%0dOnpoINTERENTEr%09=%09confirm()%0dx//,html_attribute,0
<HTml%0dOnpoINTERENTEr%09=%09confirm()%0dx//,html_text,0
<HTml%0dOnpoINTERENTEr%09=%09confirm()%0dx//,script_block,0
<HTml%0dOnpoINTERENTEr%09=%09confirm()%0dx//,comment,0
<HTml%0dOnpoINTERENTEr%09=%09confirm()%0dx//,url_href,0
<HTml%0dOnpoINTERENTEr%09=%09confirm()%0dx//,url_navigation,0
<A%0dOnpOInteRENter%0a=%0a(confirm)()>v3dm0s,html_tag,1
<A%0dOnpOInteRENter%0a=%0a(confirm)()>v3dm0s,html_attribute,0
<A%0dOnpOInteRENter%0a=%0a(confirm)()>v3dm0s,html_text,1
<A%0dOnpOInteRENter%0a=%0a(confirm)()>v3dm0s,script_block,0
<A%0dOnpOInteRENter%0a=%0a(confirm)()>v3dm0s,comment,0
<A%0dOnpOInteRENter%0a=%0a(confirm)()>v3dm0s,url_href,0
<A%0dOnpOInteRENter%0a=%0a(confirm)()>v3dm0s,url_navigation,0
<dETAils/+/onPoInTeREnTEr%0a=%0a(confirm)()%0dx>,html_tag,0
<dETAils/+/onPoInTeREnTEr%0a=%0a(confirm)()%0dx>,html_attribute,0
<dETAils/+/onPoInTeREnTEr%0a=%0a(confirm)()%0dx>,html_text,0
<dETAils/+/onPoInTeREnTEr%0a=%0a(confirm)()%0dx>,script_block,0
<dETAils/+/onPoInTeREnTEr%0a=%0a(confirm)()%0dx>,comment,0
<dETAils/+/onPoInTeREnTEr%0a=%0a(confirm)()%0dx>,url_href,0
<dETAils/+/onPoInTeREnTEr%0a=%0a(confirm)()%0dx>,url_navigation,0
<hTml/+/onPoiNTerEntEr%0d=%0d(confirm)()//,html_tag,0
<hTml/+/onPoiNTerEntEr%0d=%0d(confirm)()//,html_attribute,0
<hTml/+/onPoiNTerEntEr%0d=%0d(confirm)()//,html_text,0
<hTml/+/onPoiNTerEntEr%0d=%0d(confirm)()//,script_block,0
<hTml/+/onPoiNTerEntEr%0d=%0d(confirm)()//,comment,0
<hTml/+/onPoiNTerEntEr%0d=%0d(confirm)()//,url_href,0
<hTml/+/onPoiNTerEntEr%0d=%0d(confirm)()//,url_navigation,0
<D3V/+/onMoUSEOVER%0d=%0dconfirm()%0dx>v3dm0s,html_tag,1
<D3V/+/onMoUSEOVER%0d=%0dconfirm()%0dx>v3dm0s,html_attribute,0
<D3V/+/onMoUSEOVER%0d=%0dconfirm()%0dx>v3dm0s,html_text,1
<D3V/+/onMoUSEOVER%0d=%0dconfirm()%0dx>v3dm0s,script_block,0
<D3V/+/onMoUSEOVER%0d=%0dconfirm()%0dx>v3dm0s,comment,0
<D3V/+/onMoUSEOVER%0d=%0dconfirm()%0dx>v3dm0s,url_href,0
<D3V/+/onMoUSEOVER%0d=%0dconfirm()%0dx>v3dm0s,url_navigation,0
<d3v%09OnmouSeOVeR%09=%09confirm()%0dx>v3dm0s,html_tag,1
<d3v%09OnmouSeOVeR%09=%09confirm()%0dx>v3dm0s,html_attribute,0
<d3v%09OnmouSeOVeR%09=%09confirm()%0dx>v3dm0s,html_text,1
<d3v%09OnmouSeOVeR%09=%09confirm()%0dx>v3dm0s,script_block,0
<d3v%09OnmouSeOVeR%09=%09confirm()%0dx>v3dm0s,comment,0
<d3v%09OnmouSeOVeR%09=%09confirm()%0dx>v3dm0s,url_href,0
<d3v%09OnmouSeOVeR%09=%09confirm()%0dx>v3dm0s,url_navigation,0
<hTMl%09onPOinTerEntEr+=+confirm()%0dx>,html_tag,0
<hTMl%09onPOinTerEntEr+=+confirm()%0dx>,html_attribute,0
<hTMl%09onPOinTerEntEr+=+confirm()%0dx>,html_text,0
<hTMl%09onPOinTerEntEr+=+confirm()%0dx>,script_block,0
<hTMl%09onPOinTerEntEr+=+confirm()%0dx>,comment,0
<hTMl%09onPOinTerEntEr+=+confirm()%0dx>,url_href,0
<hTMl%09onPOinTerEntEr+=+confirm()%0dx>,url_navigation,0
<a%0aoNmOusEovER%0d=%0d(prompt)``%0dx>v3dm0s,html_tag,1
<a%0aoNmOusEovER%0d=%0d(prompt)``%0dx>v3dm0s,html_attribute,0
<a%0aoNmOusEovER%0d=%0d(prompt)``%0dx>v3dm0s,html_text,1
<a%0aoNmOusEovER%0d=%0d(prompt)``%0dx>v3dm0s,script_block,0
<a%0aoNmOusEovER%0d=%0d(prompt)``%0dx>v3dm0s,comment,0
<a%0aoNmOusEovER%0d=%0d(prompt)``%0dx>v3dm0s,url_href,0
<a%0aoNmOusEovER%0d=%0d(prompt)``%0dx>v3dm0s,url_navigation,0
"<htmL/+/onmOUsEOver+=+a=prompt,a()%0dx//",html_tag,0
"<htmL/+/onmOUsEOver+=+a=prompt,a()%0dx//",html_attribute,0
"<htmL/+/onmOUsEOver+=+a=prompt,a()%0dx//",html_text,0
"<htmL/+/onmOUsEOver+=+a=prompt,a()%0dx//",script_block,0
"<htmL/+/onmOUsEOver+=+a=prompt,a()%0dx//",comment,0
"<htmL/+/onmOUsEOver+=+a=prompt,a()%0dx//",url_href,0
"<htmL/+/onmOUsEOver+=+a=prompt,a()%0dx//",url_navigation,0
<A%0aonmOUseover%0a=%0a[8].find(confirm)>v3dm0s,html_tag,1
<A%0aonmOUseover%0a=%0a[8].find(confirm)>v3dm0s,html_attribute,0
<A%0aonmOUseover%0a=%0a[8].find(confirm)>v3dm0s,html_text,1
<A%0aonmOUseover%0a=%0a[8].find(confirm)>v3dm0s,script_block,0
<A%0aonmOUseover%0a=%0a[8].find(confirm)>v3dm0s,comment,0
<A%0aonmOUseover%0a=%0a[8].find(confirm)>v3dm0s,url_href,0
<A%0aonmOUseover%0a=%0a[8].find(confirm)>v3dm0s,url_navigation,0
<detAIls%0dOnPointEReNtEr%0d=%0dconfirm()%0dx>,html_tag,0
<detAIls%0dOnPointEReNtEr%0d=%0dconfirm()%0dx>,html_attribute,0
<detAIls%0dOnPointEReNtEr%0d=%0dconfirm()%0dx>,html_text,0
<detAIls%0dOnPointEReNtEr%0d=%0dconfirm()%0dx>,script_block,0
<detAIls%0dOnPointEReNtEr%0d=%0dconfirm()%0dx>,comment,0
<detAIls%0dOnPointEReNtEr%0d=%0dconfirm()%0dx>,url_href,0
<detAIls%0dOnPointEReNtEr%0d=%0dconfirm()%0dx>,url_navigation,0
"<DeTaiLS/+/onToGGlE%0a=%0aa=prompt,a()>",html_tag,0
"<DeTaiLS/+/onToGGlE%0a=%0aa=prompt,a()>",html_attribute,0
"<DeTaiLS/+/onToGGlE%0a=%0aa=prompt,a()>",html_text,0
"<DeTaiLS/+/onToGGlE%0a=%0aa=prompt,a()>",script_block,0
"<DeTaiLS/+/onToGGlE%0a=%0aa=prompt,a()>",comment,0
"<DeTaiLS/+/onToGGlE%0a=%0aa=prompt,a()>",url_href,0
"<DeTaiLS/+/onToGGlE%0a=%0aa=prompt,a()>",url_navigation,0
"<Html%0dONmOUSEOVer+=+a=prompt,a()%0dx//",html_tag,0
"<Html%0dONmOUSEOVer+=+a=prompt,a()%0dx//",html_attribute,0
"<Html%0dONmOUSEOVer+=+a=prompt,a()%0dx//",html_text,0
"<Html%0dONmOUSEOVer+=+a=prompt,a()%0dx//",script_block,0
"<Html%0dONmOUSEOVer+=+a=prompt,a()%0dx//",comment,0
"<Html%0dONmOUSEOVer+=+a=prompt,a()%0dx//",url_href,0
"<Html%0dONmOUSEOVer+=+a=prompt,a()%0dx//",url_navigation,0
<D3v%0doNmoUseoveR%0a=%0a(prompt)``>v3dm0s,html_tag,1
<D3v%0doNmoUseoveR%0a=%0a(prompt)``>v3dm0s,html_attribute,0
<D3v%0doNmoUseoveR%0a=%0a(prompt)``>v3dm0s,html_text,1
<D3v%0doNmoUseoveR%0a=%0a(prompt)``>v3dm0s,script_block,0
<D3v%0doNmoUseoveR%0a=%0a(prompt)``>v3dm0s,comment,0
<D3v%0doNmoUseoveR%0a=%0a(prompt)``>v3dm0s,url_href,0
<D3v%0doNmoUseoveR%0a=%0a(prompt)``>v3dm0s,url_navigation,0
<dETAIls/+/OnpOInTEReNTer%0d=%0dconfirm()>,html_tag,0
<dETAIls/+/OnpOInTEReNTer%0d=%0dconfirm()>,html_attribute,0
<dETAIls/+/OnpOInTEReNTer%0d=%0dconfirm()>,html_text,0
<dETAIls/+/OnpOInTEReNTer%0d=%0dconfirm()>,script_block,0
<dETAIls/+/OnpOInTEReNTer%0d=%0dconfirm()>,comment,0
<dETAIls/+/OnpOInTEReNTer%0d=%0dconfirm()>,url_href,0
<dETAIls/+/OnpOInTEReNTer%0d=%0dconfirm()>,url_navigation,0
<d3V%0doNmousEOVER+=+confirm()>v3dm0s,html_tag,0
<d3V%0doNmousEOVER+=+confirm()>v3dm0s,html_attribute,0
<d3V%0doNmousEOVER+=+confirm()>v3dm0s,html_text,0
<d3V%0doNmousEOVER+=+confirm()>v3dm0s,script_block,0
<d3V%0doNmousEOVER+=+confirm()>v3dm0s,comment,0
<d3V%0doNmousEOVER+=+confirm()>v3dm0s,url_href,0
<d3V%0doNmousEOVER+=+confirm()>v3dm0s,url_navigation,0
<htMl%0aONPoInTeReNter%0d=%0dconfirm()>,html_tag,0
<htMl%0aONPoInTeReNter%0d=%0dconfirm()>,html_attribute,0
<htMl%0aONPoInTeReNter%0d=%0dconfirm()>,html_text,0
<htMl%0aONPoInTeReNter%0d=%0dconfirm()>,script_block,0
<htMl%0aONPoInTeReNter%0d=%0dconfirm()>,comment,0
<htMl%0aONPoInTeReNter%0d=%0dconfirm()>,url_href,0
<htMl%0aONPoInTeReNter%0d=%0dconfirm()>,url_navigation,0
<HtML%09OnmouseOVER%0a=%0aconfirm()%0dx>,html_tag,0
<HtML%09OnmouseOVER%0a=%0aconfirm()%0dx>,html_attribute,0
<HtML%09OnmouseOVER%0a=%0aconfirm()%0dx>,html_text,0
<HtML%09OnmouseOVER%0a=%0aconfirm()%0dx>,script_block,0
<HtML%09OnmouseOVER%0a=%0aconfirm()%0dx>,comment,0
<HtML%09OnmouseOVER%0a=%0aconfirm()%0dx>,url_href,0
<HtML%09OnmouseOVER%0a=%0aconfirm()%0dx>,url_navigation,0
<deTaIlS%0aOnpoINTereNteR%09=%09[8].find(confirm)%0dx>,html_tag,0
<deTaIlS%0aOnpoINTereNteR%09=%09[8].find(confirm)%0dx>,html_attribute,0
<deTaIlS%0aOnpoINTereNteR%09=%09[8].find(confirm)%0dx>,html_text,0
<deTaIlS%0aOnpoINTereNteR%09=%09[8].find(confirm)%0dx>,script_block,0
<deTaIlS%0aOnpoINTereNteR%09=%09[8].find(confirm)%0dx>,comment,0
<deTaIlS%0aOnpoINTereNteR%09=%09[8].find(confirm)%0dx>,url_href,0
<deTaIlS%0aOnpoINTereNteR%09=%09[8].find(confirm)%0dx>,url_navigation,0
<d3v%0aoNpOINTerENtER%09=%09(confirm)()>v3dm0s,html_tag,1
<d3v%0aoNpOINTerENtER%09=%09(confirm)()>v3dm0s,html_attribute,0
<d3v%0aoNpOINTerENtER%09=%09(confirm)()>v3dm0s,html_text,1
<d3v%0aoNpOINTerENtER%09=%09(confirm)()>v3dm0s,script_block,0
<d3v%0aoNpOINTerENtER%09=%09(confirm)()>v3dm0s,comment,0
<d3v%0aoNpOINTerENtER%09=%09(confirm)()>v3dm0s,url_href,0
<d3v%0aoNpOINTerENtER%09=%09(confirm)()>v3dm0s,url_navigation,0
<D3v/+/OnPOInTeRENtEr+=+confirm()%0dx>v3dm0s,html_tag,0
<D3v/+/OnPOInTeRENtEr+=+confirm()%0dx>v3dm0s,html_attribute,0
<D3v/+/OnPOInTeRENtEr+=+confirm()%0dx>v3dm0s,html_text,0
<D3v/+/OnPOInTeRENtEr+=+confirm()%0dx>v3dm0s,script_block,0
<D3v/+/OnPOInTeRENtEr+=+confirm()%0dx>v3dm0s,comment,0
<D3v/+/OnPOInTeRENtEr+=+confirm()%0dx>v3dm0s,url_href,0
<D3v/+/OnPOInTeRENtEr+=+confirm()%0dx>v3dm0s,url_navigation,0
"<d3v/+/oNPOiNTeRenTer+=+a=prompt,a()>v3dm0s",html_tag,0
"<d3v/+/oNPOiNTeRenTer+=+a=prompt,a()>v3dm0s",html_attribute,0
"<d3v/+/oNPOiNTeRenTer+=+a=prompt,a()>v3dm0s",html_text,0
"<d3v/+/oNPOiNTeRenTer+=+a=prompt,a()>v3dm0s",script_block,0
"<d3v/+/oNPOiNTeRenTer+=+a=prompt,a()>v3dm0s",comment,0
"<d3v/+/oNPOiNTeRenTer+=+a=prompt,a()>v3dm0s",url_href,0
"<d3v/+/oNPOiNTeRenTer+=+a=prompt,a()>v3dm0s",url_navigation,0
<D3v%0donMoUSEovEr%0a=%0a(confirm)()>v3dm0s,html_tag,1
<D3v%0donMoUSEovEr%0a=%0a(confirm)()>v3dm0s,html_attribute,0
<D3v%0donMoUSEovEr%0a=%0a(confirm)()>v3dm0s,html_text,1
<D3v%0donMoUSEovEr%0a=%0a(confirm)()>v3dm0s,script_block,0
<D3v%0donMoUSEovEr%0a=%0a(confirm)()>v3dm0s,comment,0
<D3v%0donMoUSEovEr%0a=%0a(confirm)()>v3dm0s,url_href,0
<D3v%0donMoUSEovEr%0a=%0a(confirm)()>v3dm0s,url_navigation,0
<DETAILs%09OnPOInTEReNTER%0a=%0aconfirm()%0dx>,html_tag,0
<DETAILs%09OnPOInTEReNTER%0a=%0aconfirm()%0dx>,html_attribute,0
<DETAILs%09OnPOInTEReNTER%0a=%0aconfirm()%0dx>,html_text,0
<DETAILs%09OnPOInTEReNTER%0a=%0aconfirm()%0dx>,script_block,0
<DETAILs%09OnPOInTEReNTER%0a=%0aconfirm()%0dx>,comment,0
<DETAILs%09OnPOInTEReNTER%0a=%0aconfirm()%0dx>,url_href,0
<DETAILs%09OnPOInTEReNTER%0a=%0aconfirm()%0dx>,url_navigation,0
<A%0dONPOinTErEnTer+=+(prompt)``>v3dm0s,html_tag,0
<A%0dONPOinTErEnTer+=+(prompt)``>v3dm0s,html_attribute,0
<A%0dONPOinTErEnTer+=+(prompt)``>v3dm0s,html_text,0
<A%0dONPOinTErEnTer+=+(prompt)``>v3dm0s,script_block,0
<A%0dONPOinTErEnTer+=+(prompt)``>v3dm0s,comment,0
<A%0dONPOinTErEnTer+=+(prompt)``>v3dm0s,url_href,0
<A%0dONPOinTErEnTer+=+(prompt)``>v3dm0s,url_navigation,0
<d3V%0aONpoINtereNTeR%0d=%0d(prompt)``>v3dm0s,html_tag,1
<d3V%0aONpoINtereNTeR%0d=%0d(prompt)``>v3dm0s,html_attribute,0
<d3V%0aONpoINtereNTeR%0d=%0d(prompt)``>v3dm0s,html_text,1
<d3V%0aONpoINtereNTeR%0d=%0d(prompt)``>v3dm0s,script_block,0
<d3V%0aONpoINtereNTeR%0d=%0d(prompt)``>v3dm0s,comment,0
<d3V%0aONpoINtereNTeR%0d=%0d(prompt)``>v3dm0s,url_href,0
<d3V%0aONpoINtereNTeR%0d=%0d(prompt)``>v3dm0s,url_navigation,0
<d3V%09OnpOINteREnTeR%09=%09[8].find(confirm)>v3dm0s,html_tag,1
<d3V%09OnpOINteREnTeR%09=%09[8].find(confirm)>v3dm0s,html_attribute,0
<d3V%09OnpOINteREnTeR%09=%09[8].find(confirm)>v3dm0s,html_text,1
<d3V%09OnpOINteREnTeR%09=%09[8].find(confirm)>v3dm0s,script_block,0
<d3V%09OnpOINteREnTeR%09=%09[8].find(confirm)>v3dm0s,comment,0
<d3V%09OnpOINteREnTeR%09=%09[8].find(confirm)>v3dm0s,url_href,0
<d3V%09OnpOINteREnTeR%09=%09[8].find(confirm)>v3dm0s,url_navigation,0
<A%09oNPoiNteRenTEr%09=%09confirm()%0dx>v3dm0s,html_tag,1
<A%09oNPoiNteRenTEr%09=%09confirm()%0dx>v3dm0s,html_attribute,0
<A%09oNPoiNteRenTEr%09=%09confirm()%0dx>v3dm0s,html_text,1
<A%09oNPoiNteRenTEr%09=%09confirm()%0dx>v3dm0s,script_block,0
<A%09oNPoiNteRenTEr%09=%09confirm()%0dx>v3dm0s,comment,0
<A%09oNPoiNteRenTEr%09=%09confirm()%0dx>v3dm0s,url_href,0
<A%09oNPoiNteRenTEr%09=%09confirm()%0dx>v3dm0s,url_navigation,0
<hTMl%0aONPOinTERentER%09=%09[8].find(confirm)//,html_tag,0
<hTMl%0aONPOinTERentER%09=%09[8].find(confirm)//,html_attribute,0
<hTMl%0aONPOinTERentER%09=%09[8].find(confirm)//,html_text,0
<hTMl%0aONPOinTERentER%09=%09[8].find(confirm)//,script_block,0
<hTMl%0aONPOinTERentER%09=%09[8].find(confirm)//,comment,0
<hTMl%0aONPOinTERentER%09=%09[8].find(confirm)//,url_href,0
<hTMl%0aONPOinTERentER%09=%09[8].find(confirm)//,url_navigation,0
<A%0dOnpointeReNteR+=+[8].find(confirm)%0dx>v3dm0s,html_tag,0
<A%0dOnpointeReNteR+=+[8].find(confirm)%0dx>v3dm0s,html_attribute,0
<A%0dOnpointeReNteR+=+[8].find(confirm)%0dx>v3dm0s,html_text,0
<A%0dOnpointeReNteR+=+[8].find(confirm)%0dx>v3dm0s,script_block,0
<A%0dOnpointeReNteR+=+[8].find(confirm)%0dx>v3dm0s,comment,0
<A%0dOnpointeReNteR+=+[8].find(confirm)%0dx>v3dm0s,url_href,0
<A%0dOnpointeReNteR+=+[8].find(confirm)%0dx>v3dm0s,url_navigation,0
<DEtAiLs%09ONtOGGLE%0a=%0a(confirm)()%0dx//,html_tag,0
<DEtAiLs%09ONtOGGLE%0a=%0a(confirm)()%0dx//,html_attribute,0
<DEtAiLs%09ONtOGGLE%0a=%0a(confirm)()%0dx//,html_text,0
<DEtAiLs%09ONtOGGLE%0a=%0a(confirm)()%0dx//,script_block,0
<DEtAiLs%09ONtOGGLE%0a=%0a(confirm)()%0dx//,comment,0
<DEtAiLs%09ONtOGGLE%0a=%0a(confirm)()%0dx//,url_href,0
<DEtAiLs%09ONtOGGLE%0a=%0a(confirm)()%0dx//,url_navigation,0
<A%09OnPOINtEreNtEr%0d=%0d(confirm)()>v3dm0s,html_tag,1
<A%09OnPOINtEreNtEr%0d=%0d(confirm)()>v3dm0s,html_attribute,0
<A%09OnPOINtEreNtEr%0d=%0d(confirm)()>v3dm0s,html_text,1
<A%09OnPOINtEreNtEr%0d=%0d(confirm)()>v3dm0s,script_block,0
<A%09OnPOINtEreNtEr%0d=%0d(confirm)()>v3dm0s,comment,0
<A%09OnPOINtEreNtEr%0d=%0d(confirm)()>v3dm0s,url_href,0
<A%09OnPOINtEreNtEr%0d=%0d(confirm)()>v3dm0s,url_navigation,0
<DetAiLS%0donPoINTeRENTER%09=%09(prompt)``//,html_tag,0
<DetAiLS%0donPoINTeRENTER%09=%09(prompt)``//,html_attribute,0
<DetAiLS%0donPoINTeRENTER%09=%09(prompt)``//,html_text,0
<DetAiLS%0donPoINTeRENTER%09=%09(prompt)``//,script_block,0
<DetAiLS%0donPoINTeRENTER%09=%09(prompt)``//,comment,0
<DetAiLS%0donPoINTeRENTER%09=%09(prompt)``//,url_href,0
<DetAiLS%0donPoINTeRENTER%09=%09(prompt)``//,url_navigation,0
<DetAils%0aOnTOGGLE%09=%09confirm()>,html_tag,0
<DetAils%0aOnTOGGLE%09=%09confirm()>,html_attribute,0
<DetAils%0aOnTOGGLE%09=%09confirm()>,html_text,0
<DetAils%0aOnTOGGLE%09=%09confirm()>,script_block,0
<DetAils%0aOnTOGGLE%09=%09confirm()>,comment,0
<DetAils%0aOnTOGGLE%09=%09confirm()>,url_href,0
<DetAils%0aOnTOGGLE%09=%09confirm()>,url_navigation,0
<a%0donmousEOvEr%0d=%0d[8].find(confirm)>v3dm0s,html_tag,1
<a%0donmousEOvEr%0d=%0d[8].find(confirm)>v3dm0s,html_attribute,0
<a%0donmousEOvEr%0d=%0d[8].find(confirm)>v3dm0s,html_text,1
<a%0donmousEOvEr%0d=%0d[8].find(confirm)>v3dm0s,script_block,0
<a%0donmousEOvEr%0d=%0d[8].find(confirm)>v3dm0s,comment,0
<a%0donmousEOvEr%0d=%0d[8].find(confirm)>v3dm0s,url_href,0
<a%0donmousEOvEr%0d=%0d[8].find(confirm)>v3dm0s,url_navigation,0
<A%0aonPoIntEreNTeR%0a=%0a(prompt)``%0dx>v3dm0s,html_tag,1
<A%0aonPoIntEreNTeR%0a=%0a(prompt)``%0dx>v3dm0s,html_attribute,0
<A%0aonPoIntEreNTeR%0a=%0a(prompt)``%0dx>v3dm0s,html_text,1
<A%0aonPoIntEreNTeR%0a=%0a(prompt)``%0dx>v3dm0s,script_block,0
<A%0aonPoIntEreNTeR%0a=%0a(prompt)``%0dx>v3dm0s,comment,0
<A%0aonPoIntEreNTeR%0a=%0a(prompt)``%0dx>v3dm0s,url_href,0
<A%0aonPoIntEreNTeR%0a=%0a(prompt)``%0dx>v3dm0s,url_navigation,0
<d3V/+/onmousEoVeR+=+confirm()%0dx>v3dm0s,html_tag,0
<d3V/+/onmousEoVeR+=+confirm()%0dx>v3dm0s,html_attribute,0
<d3V/+/onmousEoVeR+=+confirm()%0dx>v3dm0s,html_text,0
<d3V/+/onmousEoVeR+=+confirm()%0dx>v3dm0s,script_block,0
<d3V/+/onmousEoVeR+=+confirm()%0dx>v3dm0s,comment,0
<d3V/+/onmousEoVeR+=+confirm()%0dx>v3dm0s,url_href,0
<d3V/+/onmousEoVeR+=+confirm()%0dx>v3dm0s,url_navigation,0
<A%0doNPointEREnTER%0d=%0d[8].find(confirm)%0dx>v3dm0s,html_tag,1
<A%0doNPointEREnTER%0d=%0d[8].find(confirm)%0dx>v3dm0s,html_attribute,0
<A%0doNPointEREnTER%0d=%0d[8].find(confirm)%0dx>v3dm0s,html_text,1
<A%0doNPointEREnTER%0d=%0d[8].find(confirm)%0dx>v3dm0s,script_block,0
<A%0doNPointEREnTER%0d=%0d[8].find(confirm)%0dx>v3dm0s,comment,0
<A%0doNPointEREnTER%0d=%0d[8].find(confirm)%0dx>v3dm0s,url_href,0
<A%0doNPointEREnTER%0d=%0d[8].find(confirm)%0dx>v3dm0s,url_navigation,0
<HTml/+/onmouSeoVEr+=+confirm()>,html_tag,0
<HTml/+/onmouSeoVEr+=+confirm()>,html_attribute,0
<HTml/+/onmouSeoVEr+=+confirm()>,html_text,0
<HTml/+/onmouSeoVEr+=+confirm()>,script_block,0
<HTml/+/onmouSeoVEr+=+confirm()>,comment,0
<HTml/+/onmouSeoVEr+=+confirm()>,url_href,0
<HTml/+/onmouSeoVEr+=+confirm()>,url_navigation,0
<DetAiLS%0dOnPOInterENTER+=+(prompt)``//,html_tag,0
<DetAiLS%0dOnPOInterENTER+=+(prompt)``//,html_attribute,0
<DetAiLS%0dOnPOInterENTER+=+(prompt)``//,html_text,0
<DetAiLS%0dOnPOInterENTER+=+(prompt)``//,script_block,0
<DetAiLS%0dOnPOInterENTER+=+(prompt)``//,comment,0
<DetAiLS%0dOnPOInterENTER+=+(prompt)``//,url_href,0
<DetAiLS%0dOnPOInterENTER+=+(prompt)``//,url_navigation,0
<dEtails%0doNtogGle%0d=%0d(prompt)``%0dx>,html_tag,0
<dEtails%0doNtogGle%0d=%0d(prompt)``%0dx>,html_attribute,0
<dEtails%0doNtogGle%0d=%0d(prompt)``%0dx>,html_text,0
<dEtails%0doNtogGle%0d=%0d(prompt)``%0dx>,script_block,0
<dEtails%0doNtogGle%0d=%0d(prompt)``%0dx>,comment,0
<dEtails%0doNtogGle%0d=%0d(prompt)``%0dx>,url_href,0
<dEtails%0doNtogGle%0d=%0d(prompt)``%0dx>,url_navigation,0
<HtMl%09onpOiNTerEnTeR%09=%09(prompt)``>,html_tag,0
<HtMl%09onpOiNTerEnTeR%09=%09(prompt)``>,html_attribute,0
<HtMl%09onpOiNTerEnTeR%09=%09(prompt)``>,html_text,0
<HtMl%09onpOiNTerEnTeR%09=%09(prompt)``>,script_block,0
<HtMl%09onpOiNTerEnTeR%09=%09(prompt)``>,comment,0
<HtMl%09onpOiNTerEnTeR%09=%09(prompt)``>,url_href,0
<HtMl%09onpOiNTerEnTeR%09=%09(prompt)``>,url_navigation,0
<HTml/+/oNPOintEREntER%0a=%0aconfirm()%0dx//,html_tag,0
<HTml/+/oNPOintEREntER%0a=%0aconfirm()%0dx//,html_attribute,0
<HTml/+/oNPOintEREntER%0a=%0aconfirm()%0dx//,html_text,0
<HTml/+/oNPOintEREntER%0a=%0aconfirm()%0dx//,script_block,0
<HTml/+/oNPOintEREntER%0a=%0aconfirm()%0dx//,comment,0
<HTml/+/oNPOintEREntER%0a=%0aconfirm()%0dx//,url_href,0
<HTml/+/oNPOintEREntER%0a=%0aconfirm()%0dx//,url_navigation,0
<A%09oNMoUseoVeR%0d=%0d[8].find(confirm)%0dx>v3dm0s,html_tag,1
<A%09oNMoUseoVeR%0d=%0d[8].find(confirm)%0dx>v3dm0s,html_attribute,0
<A%09oNMoUseoVeR%0d=%0d[8].find(confirm)%0dx>v3dm0s,html_text,1
<A%09oNMoUseoVeR%0d=%0d[8].find(confirm)%0dx>v3dm0s,script_block,0
<A%09oNMoUseoVeR%0d=%0d[8].find(confirm)%0dx>v3dm0s,comment,0
<A%09oNMoUseoVeR%0d=%0d[8].find(confirm)%0dx>v3dm0s,url_href,0
<A%09oNMoUseoVeR%0d=%0d[8].find(confirm)%0dx>v3dm0s,url_navigation,0
<hTml%0aoNMOUsEOVEr+=+[8].find(confirm)//,html_tag,0
<hTml%0aoNMOUsEOVEr+=+[8].find(confirm)//,html_attribute,0
<hTml%0aoNMOUsEOVEr+=+[8].find(confirm)//,html_text,0
<hTml%0aoNMOUsEOVEr+=+[8].find(confirm)//,script_block,0
<hTml%0aoNMOUsEOVEr+=+[8].find(confirm)//,comment,0
<hTml%0aoNMOUsEOVEr+=+[8].find(confirm)//,url_href,0
<hTml%0aoNMOUsEOVEr+=+[8].find(confirm)//,url_navigation,0
<HTmL%0dONpoiNTEreNTeR+=+confirm()%0dx>,html_tag,0
<HTmL%0dONpoiNTEreNTeR+=+confirm()%0dx>,html_attribute,0
<HTmL%0dONpoiNTEreNTeR+=+confirm()%0dx>,html_text,0
<HTmL%0dONpoiNTEreNTeR+=+confirm()%0dx>,script_block,0
<HTmL%0dONpoiNTEreNTeR+=+confirm()%0dx>,comment,0
<HTmL%0dONpoiNTEreNTeR+=+confirm()%0dx>,url_href,0
<HTmL%0dONpoiNTEreNTeR+=+confirm()%0dx>,url_navigation,0
<d3V/+/OnPOintERenTeR%0d=%0dconfirm()>v3dm0s,html_tag,1
<d3V/+/OnPOintERenTeR%0d=%0dconfirm()>v3dm0s,html_attribute,0
<d3V/+/OnPOintERenTeR%0d=%0dconfirm()>v3dm0s,html_text,1
<d3V/+/OnPOintERenTeR%0d=%0dconfirm()>v3dm0s,script_block,0
<d3V/+/OnPOintERenTeR%0d=%0dconfirm()>v3dm0s,comment,0
<d3V/+/OnPOintERenTeR%0d=%0dconfirm()>v3dm0s,url_href,0
<d3V/+/OnPOintERenTeR%0d=%0dconfirm()>v3dm0s,url_navigation,0
<D3V%0donmoUSeovEr%0d=%0d(prompt)``>v3dm0s,html_tag,1
<D3V%0donmoUSeovEr%0d=%0d(prompt)``>v3dm0s,html_attribute,0
<D3V%0donmoUSeovEr%0d=%0d(prompt)``>v3dm0s,html_text,1
<D3V%0donmoUSeovEr%0d=%0d(prompt)``>v3dm0s,script_block,0
<D3V%0donmoUSeovEr%0d=%0d(prompt)``>v3dm0s,comment,0
<D3V%0donmoUSeovEr%0d=%0d(prompt)``>v3dm0s,url_href,0
<D3V%0donmoUSeovEr%0d=%0d(prompt)``>v3dm0s,url_navigation,0
<d3v%0doNpOinteRenTer+=+confirm()%0dx>v3dm0s,html_tag,0
<d3v%0doNpOinteRenTer+=+confirm()%0dx>v3dm0s,html_attribute,0
<d3v%0doNpOinteRenTer+=+confirm()%0dx>v3dm0s,html_text,0
<d3v%0doNpOinteRenTer+=+confirm()%0dx>v3dm0s,script_block,0
<d3v%0doNpOinteRenTer+=+confirm()%0dx>v3dm0s,comment,0
<d3v%0doNpOinteRenTer+=+confirm()%0dx>v3dm0s,url_href,0
<d3v%0doNpOinteRenTer+=+confirm()%0dx>v3dm0s,url_navigation,0
<HTML%0aonMouSeovEr+=+(confirm)()%0dx>,html_tag,0
<HTML%0aonMouSeovEr+=+(confirm)()%0dx>,html_attribute,0
<HTML%0aonMouSeovEr+=+(confirm)()%0dx>,html_text,0
<HTML%0aonMouSeovEr+=+(confirm)()%0dx>,script_block,0
<HTML%0aonMouSeovEr+=+(confirm)()%0dx>,comment,0
<HTML%0aonMouSeovEr+=+(confirm)()%0dx>,url_href,0
<HTML%0aonMouSeovEr+=+(confirm)()%0dx>,url_navigation,0
<hTML%09oNMOuSeOVER+=+[8].find(confirm)%0dx>,html_tag,0
<hTML%09oNMOuSeOVER+=+[8].find(confirm)%0dx>,html_attribute,0
<hTML%09oNMOuSeOVER+=+[8].find(confirm)%0dx>,html_text,0
<hTML%09oNMOuSeOVER+=+[8].find(confirm)%0dx>,script_block,0
<hTML%09oNMOuSeOVER+=+[8].find(confirm)%0dx>,comment,0
<hTML%09oNMOuSeOVER+=+[8].find(confirm)%0dx>,url_href,0
<hTML%09oNMOuSeOVER+=+[8].find(confirm)%0dx>,url_navigation,0
<D3V%0aoNMouSEOVeR%0a=%0aconfirm()>v3dm0s,html_tag,1
<D3V%0aoNMouSEOVeR%0a=%0aconfirm()>v3dm0s,html_attribute,0
<D3V%0aoNMouSEOVeR%0a=%0aconfirm()>v3dm0s,html_text,1
<D3V%0aoNMouSEOVeR%0a=%0aconfirm()>v3dm0s,script_block,0
<D3V%0aoNMouSEOVeR%0a=%0aconfirm()>v3dm0s,comment,0
<D3V%0aoNMouSEOVeR%0a=%0aconfirm()>v3dm0s,url_href,0
<D3V%0aoNMouSEOVeR%0a=%0aconfirm()>v3dm0s,url_navigation,0
<A%0dONmOUSeoveR%09=%09confirm()%0dx>v3dm0s,html_tag,1
<A%0dONmOUSeoveR%09=%09confirm()%0dx>v3dm0s,html_attribute,0
<A%0dONmOUSeoveR%09=%09confirm()%0dx>v3dm0s,html_text,1
<A%0dONmOUSeoveR%09=%09confirm()%0dx>v3dm0s,script_block,0
<A%0dONmOUSeoveR%09=%09confirm()%0dx>v3dm0s,comment,0
<A%0dONmOUSeoveR%09=%09confirm()%0dx>v3dm0s,url_href,0
<A%0dONmOUSeoveR%09=%09confirm()%0dx>v3dm0s,url_navigation,0
<D3V%0aonPOintERENter%0d=%0dconfirm()%0dx>v3dm0s,html_tag,1
<D3V%0aonPOintERENter%0d=%0dconfirm()%0dx>v3dm0s,html_attribute,0
<D3V%0aonPOintERENter%0d=%0dconfirm()%0dx>v3dm0s,html_text,1
<D3V%0aonPOintERENter%0d=%0dconfirm()%0dx>v3dm0s,script_block,0
<D3V%0aonPOintERENter%0d=%0dconfirm()%0dx>v3dm0s,comment,0
<D3V%0aonPOintERENter%0d=%0dconfirm()%0dx>v3dm0s,url_href,0
<D3V%0aonPOintERENter%0d=%0dconfirm()%0dx>v3dm0s,url_navigation,0
<HtmL%0aonpOinTEREnTer%09=%09(confirm)()>,html_tag,0
<HtmL%0aonpOinTEREnTer%09=%09(confirm)()>,html_attribute,0
<HtmL%0aonpOinTEREnTer%09=%09(confirm)()>,html_text,0
<HtmL%0aonpOinTEREnTer%09=%09(confirm)()>,script_block,0
<HtmL%0aonpOinTEREnTer%09=%09(confirm)()>,comment,0
<HtmL%0aonpOinTEREnTer%09=%09(confirm)()>,url_href,0
<HtmL%0aonpOinTEREnTer%09=%09(confirm)()>,url_navigation,0
<a%0aonPOiNtEreNteR+=+[8].find(confirm)%0dx>v3dm0s,html_tag,0
<a%0aonPOiNtEreNteR+=+[8].find(confirm)%0dx>v3dm0s,html_attribute,0
<a%0aonPOiNtEreNteR+=+[8].find(confirm)%0dx>v3dm0s,html_text,0
<a%0aonPOiNtEreNteR+=+[8].find(confirm)%0dx>v3dm0s,script_block,0
<a%0aonPOiNtEreNteR+=+[8].find(confirm)%0dx>v3dm0s,comment,0
<a%0aonPOiNtEreNteR+=+[8].find(confirm)%0dx>v3dm0s,url_href,0
<a%0aonPOiNtEreNteR+=+[8].find(confirm)%0dx>v3dm0s,url_navigation,0
<d3v%0aONpoInteRENtER%0d=%0d(confirm)()>v3dm0s,html_tag,1
<d3v%0aONpoInteRENtER%0d=%0d(confirm)()>v3dm0s,html_attribute,0
<d3v%0aONpoInteRENtER%0d=%0d(confirm)()>v3dm0s,html_text,1
<d3v%0aONpoInteRENtER%0d=%0d(confirm)()>v3dm0s,script_block,0
<d3v%0aONpoInteRENtER%0d=%0d(confirm)()>v3dm0s,comment,0
<d3v%0aONpoInteRENtER%0d=%0d(confirm)()>v3dm0s,url_href,0
<d3v%0aONpoInteRENtER%0d=%0d(confirm)()>v3dm0s,url_navigation,0
<HtML%09OnmouseovER%09=%09(confirm)()>,html_tag,0
<HtML%09OnmouseovER%09=%09(confirm)()>,html_attribute,0
<HtML%09OnmouseovER%09=%09(confirm)()>,html_text,0
<HtML%09OnmouseovER%09=%09(confirm)()>,script_block,0
<HtML%09OnmouseovER%09=%09(confirm)()>,comment,0
<HtML%09OnmouseovER%09=%09(confirm)()>,url_href,0
<HtML%09OnmouseovER%09=%09(confirm)()>,url_navigation,0
"<details%09OnPoINTERenTeR+=+a=prompt,a()>",html_tag,0
"<details%09OnPoINTERenTeR+=+a=prompt,a()>",html_attribute,0
"<details%09OnPoINTERenTeR+=+a=prompt,a()>",html_text,0
"<details%09OnPoINTERenTeR+=+a=prompt,a()>",script_block,0
"<details%09OnPoINTERenTeR+=+a=prompt,a()>",comment,0
"<details%09OnPoINTERenTeR+=+a=prompt,a()>",url_href,0
"<details%09OnPoINTERenTeR+=+a=prompt,a()>",url_navigation,0
<dEtAIls%0dONtOgglE+=+(confirm)()%0dx>,html_tag,0
<dEtAIls%0dONtOgglE+=+(confirm)()%0dx>,html_attribute,0
<dEtAIls%0dONtOgglE+=+(confirm)()%0dx>,html_text,0
<dEtAIls%0dONtOgglE+=+(confirm)()%0dx>,script_block,0
<dEtAIls%0dONtOgglE+=+(confirm)()%0dx>,comment,0
<dEtAIls%0dONtOgglE+=+(confirm)()%0dx>,url_href,0
<dEtAIls%0dONtOgglE+=+(confirm)()%0dx>,url_navigation,0
<HTML/+/ONPoINtEReNTer%0a=%0a(confirm)()%0dx//,html_tag,0
<HTML/+/ONPoINtEReNTer%0a=%0a(confirm)()%0dx//,html_attribute,0
<HTML/+/ONPoINtEReNTer%0a=%0a(confirm)()%0dx//,html_text,0
<HTML/+/ONPoINtEReNTer%0a=%0a(confirm)()%0dx//,script_block,0
<HTML/+/ONPoINtEReNTer%0a=%0a(confirm)()%0dx//,comment,0
<HTML/+/ONPoINtEReNTer%0a=%0a(confirm)()%0dx//,url_href,0
<HTML/+/ONPoINtEReNTer%0a=%0a(confirm)()%0dx//,url_navigation,0
<HTMl%0donmousEoVER%0a=%0aconfirm()%0dx//,html_tag,0
<HTMl%0donmousEoVER%0a=%0aconfirm()%0dx//,html_attribute,0
<HTMl%0donmousEoVER%0a=%0aconfirm()%0dx//,html_text,0
<HTMl%0donmousEoVER%0a=%0aconfirm()%0dx//,script_block,0
<HTMl%0donmousEoVER%0a=%0aconfirm()%0dx//,comment,0
<HTMl%0donmousEoVER%0a=%0aconfirm()%0dx//,url_href,0
<HTMl%0donmousEoVER%0a=%0aconfirm()%0dx//,url_navigation,0
<d3v%0aonpOiNterEnteR%0a=%0a(prompt)``%0dx>v3dm0s,html_tag,1
<d3v%0aonpOiNterEnteR%0a=%0a(prompt)``%0dx>v3dm0s,html_attribute,0
<d3v%0aonpOiNterEnteR%0a=%0a(prompt)``%0dx>v3dm0s,html_text,1
<d3v%0aonpOiNterEnteR%0a=%0a(prompt)``%0dx>v3dm0s,script_block,0
<d3v%0aonpOiNterEnteR%0a=%0a(prompt)``%0dx>v3dm0s,comment,0
<d3v%0aonpOiNterEnteR%0a=%0a(prompt)``%0dx>v3dm0s,url_href,0
<d3v%0aonpOiNterEnteR%0a=%0a(prompt)``%0dx>v3dm0s,url_navigation,0
"<DEtailS%0doNToGGLe%0a=%0aa=prompt,a()>",html_tag,0
"<DEtailS%0doNToGGLe%0a=%0aa=prompt,a()>",html_attribute,0
"<DEtailS%0doNToGGLe%0a=%0aa=prompt,a()>",html_text,0
"<DEtailS%0doNToGGLe%0a=%0aa=prompt,a()>",script_block,0
"<DEtailS%0doNToGGLe%0a=%0aa=prompt,a()>",comment,0
"<DEtailS%0doNToGGLe%0a=%0aa=prompt,a()>",url_href,0
"<DEtailS%0doNToGGLe%0a=%0aa=prompt,a()>",url_navigation,0
<a%0doNmOuSeoveR%0d=%0d(prompt)``>v3dm0s,html_tag,1
<a%0doNmOuSeoveR%0d=%0d(prompt)``>v3dm0s,html_attribute,0
<a%0doNmOuSeoveR%0d=%0d(prompt)``>v3dm0s,html_text,1
<a%0doNmOuSeoveR%0d=%0d(prompt)``>v3dm0s,script_block,0
<a%0doNmOuSeoveR%0d=%0d(prompt)``>v3dm0s,comment,0
<a%0doNmOuSeoveR%0d=%0d(prompt)``>v3dm0s,url_href,0
<a%0doNmOuSeoveR%0d=%0d(prompt)``>v3dm0s,url_navigation,0
<deTails/+/oNTOGgle%0a=%0a(confirm)()>,html_tag,0
<deTails/+/oNTOGgle%0a=%0a(confirm)()>,html_attribute,0
<deTails/+/oNTOGgle%0a=%0a(confirm)()>,html_text,1
<deTails/+/oNTOGgle%0a=%0a(confirm)()>,script_block,0
<deTails/+/oNTOGgle%0a=%0a(confirm)()>,comment,0
<deTails/+/oNTOGgle%0a=%0a(confirm)()>,url_href,0
<deTails/+/oNTOGgle%0a=%0a(confirm)()>,url_navigation,0
"<DeTAIls%0aONpoiNtErENTEr%0d=%0da=prompt,a()%0dx//",html_tag,0
"<DeTAIls%0aONpoiNtErENTEr%0d=%0da=prompt,a()%0dx//",html_attribute,0
"<DeTAIls%0aONpoiNtErENTEr%0d=%0da=prompt,a()%0dx//",html_text,0
"<DeTAIls%0aONpoiNtErENTEr%0d=%0da=prompt,a()%0dx//",script_block,0
"<DeTAIls%0aONpoiNtErENTEr%0d=%0da=prompt,a()%0dx//",comment,0
"<DeTAIls%0aONpoiNtErENTEr%0d=%0da=prompt,a()%0dx//",url_href,0
"<DeTAIls%0aONpoiNtErENTEr%0d=%0da=prompt,a()%0dx//",url_navigation,0
<DetAIlS/+/OnTogGle%09=%09[8].find(confirm)>,html_tag,0
<DetAIlS/+/OnTogGle%09=%09[8].find(confirm)>,html_attribute,0
<DetAIlS/+/OnTogGle%09=%09[8].find(confirm)>,html_text,0
<DetAIlS/+/OnTogGle%09=%09[8].find(confirm)>,script_block,0
<DetAIlS/+/OnTogGle%09=%09[8].find(confirm)>,comment,0
<DetAIlS/+/OnTogGle%09=%09[8].find(confirm)>,url_href,0
<DetAIlS/+/OnTogGle%09=%09[8].find(confirm)>,url_navigation,0
<d3V/+/OnmOuSeoVeR%09=%09(prompt)``%0dx>v3dm0s,html_tag,1
<d3V/+/OnmOuSeoVeR%09=%09(prompt)``%0dx>v3dm0s,html_attribute,0
<d3V/+/OnmOuSeoVeR%09=%09(prompt)``%0dx>v3dm0s,html_text,1
<d3V/+/OnmOuSeoVeR%09=%09(prompt)``%0dx>v3dm0s,script_block,0
<d3V/+/OnmOuSeoVeR%09=%09(prompt)``%0dx>v3dm0s,comment,0
<d3V/+/OnmOuSeoVeR%09=%09(prompt)``%0dx>v3dm0s,url_href,0
<d3V/+/OnmOuSeoVeR%09=%09(prompt)``%0dx>v3dm0s,url_navigation,0
"<hTMl%0dONmOuSEOveR+=+a=prompt,a()>",html_tag,0
"<hTMl%0dONmOuSEOveR+=+a=prompt,a()>",html_attribute,0
"<hTMl%0dONmOuSEOveR+=+a=prompt,a()>",html_text,0
"<hTMl%0dONmOuSEOveR+=+a=prompt,a()>",script_block,0
"<hTMl%0dONmOuSEOveR+=+a=prompt,a()>",comment,0
"<hTMl%0dONmOuSEOveR+=+a=prompt,a()>",url_href,0
"<hTMl%0dONmOuSEOveR+=+a=prompt,a()>",url_navigation,0
<dETaiLs%09OnpOInteREnTeR%09=%09confirm()>,html_tag,0
<dETaiLs%09OnpOInteREnTeR%09=%09confirm()>,html_attribute,0
<dETaiLs%09OnpOInteREnTeR%09=%09confirm()>,html_text,0
<dETaiLs%09OnpOInteREnTeR%09=%09confirm()>,script_block,0
<dETaiLs%09OnpOInteREnTeR%09=%09confirm()>,comment,0
<dETaiLs%09OnpOInteREnTeR%09=%09confirm()>,url_href,0
<dETaiLs%09OnpOInteREnTeR%09=%09confirm()>,url_navigation,0
<HtmL%0aonPOiNterentER%0a=%0a(confirm)()//,html_tag,0
<HtmL%0aonPOiNterentER%0a=%0a(confirm)()//,html_attribute,0
<HtmL%0aonPOiNterentER%0a=%0a(confirm)()//,html_text,0
<HtmL%0aonPOiNterentER%0a=%0a(confirm)()//,script_block,0
<HtmL%0aonPOiNterentER%0a=%0a(confirm)()//,comment,0
<HtmL%0aonPOiNterentER%0a=%0a(confirm)()//,url_href,0
<HtmL%0aonPOiNterentER%0a=%0a(confirm)()//,url_navigation,0
"<d3v/+/oNPointeREnter%09=%09a=prompt,a()>v3dm0s",html_tag,1
"<d3v/+/oNPointeREnter%09=%09a=prompt,a()>v3dm0s",html_attribute,0
"<d3v/+/oNPointeREnter%09=%09a=prompt,a()>v3dm0s",html_text,1
"<d3v/+/oNPointeREnter%09=%09a=prompt,a()>v3dm0s",script_block,0
"<d3v/+/oNPointeREnter%09=%09a=prompt,a()>v3dm0s",comment,0
"<d3v/+/oNPointeREnter%09=%09a=prompt,a()>v3dm0s",url_href,0
"<d3v/+/oNPointeREnter%09=%09a=prompt,a()>v3dm0s",url_navigation,0
"<Html%09ONmousEoVEr+=+a=prompt,a()>",html_tag,0
"<Html%09ONmousEoVEr+=+a=prompt,a()>",html_attribute,0
"<Html%09ONmousEoVEr+=+a=prompt,a()>",html_text,0
"<Html%09ONmousEoVEr+=+a=prompt,a()>",script_block,0
"<Html%09ONmousEoVEr+=+a=prompt,a()>",comment,0
"<Html%09ONmousEoVEr+=+a=prompt,a()>",url_href,0
"<Html%09ONmousEoVEr+=+a=prompt,a()>",url_navigation,0
<hTml/+/onmouseOVer+=+[8].find(confirm)>,html_tag,0
<hTml/+/onmouseOVer+=+[8].find(confirm)>,html_attribute,0
<hTml/+/onmouseOVer+=+[8].find(confirm)>,html_text,0
<hTml/+/onmouseOVer+=+[8].find(confirm)>,script_block,0
<hTml/+/onmouseOVer+=+[8].find(confirm)>,comment,0
<hTml/+/onmouseOVer+=+[8].find(confirm)>,url_href,0
<hTml/+/onmouseOVer+=+[8].find(confirm)>,url_navigation,0
<A%0aOnmOusEoVER%09=%09(confirm)()>v3dm0s,html_tag,1
<A%0aOnmOusEoVER%09=%09(confirm)()>v3dm0s,html_attribute,0
<A%0aOnmOusEoVER%09=%09(confirm)()>v3dm0s,html_text,1
<A%0aOnmOusEoVER%09=%09(confirm)()>v3dm0s,script_block,0
<A%0aOnmOusEoVER%09=%09(confirm)()>v3dm0s,comment,0
<A%0aOnmOusEoVER%09=%09(confirm)()>v3dm0s,url_href,0
<A%0aOnmOusEoVER%09=%09(confirm)()>v3dm0s,url_navigation,0
<A/+/ONPointerenTeR%09=%09(confirm)()%0dx>v3dm0s,html_tag,1
<A/+/ONPointerenTeR%09=%09(confirm)()%0dx>v3dm0s,html_attribute,0
<A/+/ONPointerenTeR%09=%09(confirm)()%0dx>v3dm0s,html_text,1
<A/+/ONPointerenTeR%09=%09(confirm)()%0dx>v3dm0s,script_block,0
<A/+/ONPointerenTeR%09=%09(confirm)()%0dx>v3dm0s,comment,0
<A/+/ONPointerenTeR%09=%09(confirm)()%0dx>v3dm0s,url_href,0
<A/+/ONPointerenTeR%09=%09(confirm)()%0dx>v3dm0s,url_navigation,0
<hTmL%0aoNmOUSEOVEr%09=%09(confirm)()//,html_tag,0
<hTmL%0aoNmOUSEOVEr%09=%09(confirm)()//,html_attribute,0
<hTmL%0aoNmOUSEOVEr%09=%09(confirm)()//,html_text,0
<hTmL%0aoNmOUSEOVEr%09=%09(confirm)()//,script_block,0
<hTmL%0aoNmOUSEOVEr%09=%09(confirm)()//,comment,0
<hTmL%0aoNmOUSEOVEr%09=%09(confirm)()//,url_href,0
<hTmL%0aoNmOUSEOVEr%09=%09(confirm)()//,url_navigation,0
"<D3v%0donmoUSEOver%0d=%0da=prompt,a()>v3dm0s",html_tag,1
"<D3v%0donmoUSEOver%0d=%0da=prompt,a()>v3dm0s",html_attribute,0
"<D3v%0donmoUSEOver%0d=%0da=prompt,a()>v3dm0s",html_text,1
"<D3v%0donmoUSEOver%0d=%0da=prompt,a()>v3dm0s",script_block,0
"<D3v%0donmoUSEOver%0d=%0da=prompt,a()>v3dm0s",comment,0
"<D3v%0donmoUSEOver%0d=%0da=prompt,a()>v3dm0s",url_href,0
"<D3v%0donmoUSEOver%0d=%0da=prompt,a()>v3dm0s",url_navigation,0
<A%09ONpoINteRENtER%0a=%0a(prompt)``>v3dm0s,html_tag,1
<A%09ONpoINteRENtER%0a=%0a(prompt)``>v3dm0s,html_attribute,0
<A%09ONpoINteRENtER%0a=%0a(prompt)``>v3dm0s,html_text,1
<A%09ONpoINteRENtER%0a=%0a(prompt)``>v3dm0s,script_block,0
<A%09ONpoINteRENtER%0a=%0a(prompt)``>v3dm0s,comment,0
<A%09ONpoINteRENtER%0a=%0a(prompt)``>v3dm0s,url_href,0
<A%09ONpoINteRENtER%0a=%0a(prompt)``>v3dm0s,url_navigation,0
<HTml%0aonpOINterENteR%0a=%0aconfirm()//,html_tag,0
<HTml%0aonpOINterENteR%0a=%0aconfirm()//,html_attribute,0
<HTml%0aonpOINterENteR%0a=%0aconfirm()//,html_text,0
<HTml%0aonpOINterENteR%0a=%0aconfirm()//,script_block,0
<HTml%0aonpOINterENteR%0a=%0aconfirm()//,comment,0
<HTml%0aonpOINterENteR%0a=%0aconfirm()//,url_href,0
<HTml%0aonpOINterENteR%0a=%0aconfirm()//,url_navigation,0
<hTmL/+/ONpoINTeRENTEr+=+(confirm)()%0dx>,html_tag,0
<hTmL/+/ONpoINTeRENTEr+=+(confirm)()%0dx>,html_attribute,0
<hTmL/+/ONpoINTeRENTEr+=+(confirm)()%0dx>,html_text,0
<hTmL/+/ONpoINTeRENTEr+=+(confirm)()%0dx>,script_block,0
<hTmL/+/ONpoINTeRENTEr+=+(confirm)()%0dx>,comment,0
<hTmL/+/ONpoINTeRENTEr+=+(confirm)()%0dx>,url_href,0
<hTmL/+/ONpoINTeRENTEr+=+(confirm)()%0dx>,url_navigation,0
<A/+/OnMousEoVER%0a=%0a(confirm)()>v3dm0s,html_tag,1
<A/+/OnMousEoVER%0a=%0a(confirm)()>v3dm0s,html_attribute,0
<A/+/OnMousEoVER%0a=%0a(confirm)()>v3dm0s,html_text,1
<A/+/OnMousEoVER%0a=%0a(confirm)()>v3dm0s,script_block,0
<A/+/OnMousEoVER%0a=%0a(confirm)()>v3dm0s,comment,0
<A/+/OnMousEoVER%0a=%0a(confirm)()>v3dm0s,url_href,0
<A/+/OnMousEoVER%0a=%0a(confirm)()>v3dm0s,url_navigation,0
<dETaILS%09oNtOgGLE+=+(prompt)``%0dx//,html_tag,0
<dETaILS%09oNtOgGLE+=+(prompt)``%0dx//,html_attribute,0
<dETaILS%09oNtOgGLE+=+(prompt)``%0dx//,html_text,0
<dETaILS%09oNtOgGLE+=+(prompt)``%0dx//,script_block,0
<dETaILS%09oNtOgGLE+=+(prompt)``%0dx//,comment,0
<dETaILS%09oNtOgGLE+=+(prompt)``%0dx//,url_href,0
<dETaILS%09oNtOgGLE+=+(prompt)``%0dx//,url_navigation,0
<a%0dOnpoiNTErEnTER%09=%09(prompt)``%0dx>v3dm0s,html_tag,1
<a%0dOnpoiNTErEnTER%09=%09(prompt)``%0dx>v3dm0s,html_attribute,0
<a%0dOnpoiNTErEnTER%09=%09(prompt)``%0dx>v3dm0s,html_text,1
<a%0dOnpoiNTErEnTER%09=%09(prompt)``%0dx>v3dm0s,script_block,0
<a%0dOnpoiNTErEnTER%09=%09(prompt)``%0dx>v3dm0s,comment,0
<a%0dOnpoiNTErEnTER%09=%09(prompt)``%0dx>v3dm0s,url_href,0
<a%0dOnpoiNTErEnTER%09=%09(prompt)``%0dx>v3dm0s,url_navigation,0
<DeTAilS/+/OntoGGLe%0d=%0dconfirm()%0dx>,html_tag,0
<DeTAilS/+/OntoGGLe%0d=%0dconfirm()%0dx>,html_attribute,0
<DeTAilS/+/OntoGGLe%0d=%0dconfirm()%0dx>,html_text,0
<DeTAilS/+/OntoGGLe%0d=%0dconfirm()%0dx>,script_block,0
<DeTAilS/+/OntoGGLe%0d=%0dconfirm()%0dx>,comment,0
<DeTAilS/+/OntoGGLe%0d=%0dconfirm()%0dx>,url_href,0
<DeTAilS/+/OntoGGLe%0d=%0dconfirm()%0dx>,url_navigation,0
<D3V%0dONmOUseoVer+=+(confirm)()>v3dm0s,html_tag,0
<D3V%0dONmOUseoVer+=+(confirm)()>v3dm0s,html_attribute,0
<D3V%0dONmOUseoVer+=+(confirm)()>v3dm0s,html_text,0
<D3V%0dONmOUseoVer+=+(confirm)()>v3dm0s,script_block,0
<D3V%0dONmOUseoVer+=+(confirm)()>v3dm0s,comment,0
<D3V%0dONmOUseoVer+=+(confirm)()>v3dm0s,url_href,0
<D3V%0dONmOUseoVer+=+(confirm)()>v3dm0s,url_navigation,0
"<HtMl%09ONMOUSEOver%09=%09a=prompt,a()%0dx>",html_tag,0
"<HtMl%09ONMOUSEOver%09=%09a=prompt,a()%0dx>",html_attribute,0
"<HtMl%09ONMOUSEOver%09=%09a=prompt,a()%0dx>",html_text,0
"<HtMl%09ONMOUSEOver%09=%09a=prompt,a()%0dx>",script_block,0
"<HtMl%09ONMOUSEOver%09=%09a=prompt,a()%0dx>",comment,0
"<HtMl%09ONMOUSEOver%09=%09a=prompt,a()%0dx>",url_href,0
"<HtMl%09ONMOUSEOver%09=%09a=prompt,a()%0dx>",url_navigation,0
<htML/+/OnmOUSEOVer%09=%09confirm()>,html_tag,0
<htML/+/OnmOUSEOVer%09=%09confirm()>,html_attribute,0
<htML/+/OnmOUSEOVer%09=%09confirm()>,html_text,0
<htML/+/OnmOUSEOVer%09=%09confirm()>,script_block,0
<htML/+/OnmOUSEOVer%09=%09confirm()>,comment,0
<htML/+/OnmOUSEOVer%09=%09confirm()>,url_href,0
<htML/+/OnmOUSEOVer%09=%09confirm()>,url_navigation,0
<dEtAiLS/+/OntoGgLE%0a=%0aconfirm()%0dx>,html_tag,0
<dEtAiLS/+/OntoGgLE%0a=%0aconfirm()%0dx>,html_attribute,0
<dEtAiLS/+/OntoGgLE%0a=%0aconfirm()%0dx>,html_text,0
<dEtAiLS/+/OntoGgLE%0a=%0aconfirm()%0dx>,script_block,0
<dEtAiLS/+/OntoGgLE%0a=%0aconfirm()%0dx>,comment,0
<dEtAiLS/+/OntoGgLE%0a=%0aconfirm()%0dx>,url_href,0
<dEtAiLS/+/OntoGgLE%0a=%0aconfirm()%0dx>,url_navigation,0
<deTAILS%0dOnPoiNtEReNTEr%0d=%0d(confirm)()%0dx>,html_tag,0
<deTAILS%0dOnPoiNtEReNTEr%0d=%0d(confirm)()%0dx>,html_attribute,0
<deTAILS%0dOnPoiNtEReNTEr%0d=%0d(confirm)()%0dx>,html_text,0
<deTAILS%0dOnPoiNtEReNTEr%0d=%0d(confirm)()%0dx>,script_block,0
<deTAILS%0dOnPoiNtEReNTEr%0d=%0d(confirm)()%0dx>,comment,0
<deTAILS%0dOnPoiNtEReNTEr%0d=%0d(confirm)()%0dx>,url_href,0
<deTAILS%0dOnPoiNtEReNTEr%0d=%0d(confirm)()%0dx>,url_navigation,0
"<HTMl/+/ONMouseoveR%0a=%0aa=prompt,a()%0dx>",html_tag,0
"<HTMl/+/ONMouseoveR%0a=%0aa=prompt,a()%0dx>",html_attribute,0
"<HTMl/+/ONMouseoveR%0a=%0aa=prompt,a()%0dx>",html_text,0
"<HTMl/+/ONMouseoveR%0a=%0aa=prompt,a()%0dx>",script_block,0
"<HTMl/+/ONMouseoveR%0a=%0aa=prompt,a()%0dx>",comment,0
"<HTMl/+/ONMouseoveR%0a=%0aa=prompt,a()%0dx>",url_href,0
"<HTMl/+/ONMouseoveR%0a=%0aa=prompt,a()%0dx>",url_navigation,0
<DeTAilS%09onPOintErEntER%0d=%0d(prompt)``>,html_tag,0
<DeTAilS%09onPOintErEntER%0d=%0d(prompt)``>,html_attribute,0
<DeTAilS%09onPOintErEntER%0d=%0d(prompt)``>,html_text,0
<DeTAilS%09onPOintErEntER%0d=%0d(prompt)``>,script_block,0
<DeTAilS%09onPOintErEntER%0d=%0d(prompt)``>,comment,0
<DeTAilS%09onPOintErEntER%0d=%0d(prompt)``>,url_href,0
<DeTAilS%09onPOintErEntER%0d=%0d(prompt)``>,url_navigation,0
<D3v%0doNmoUSeOveR%0a=%0a(prompt)``>v3dm0s,html_tag,1
<D3v%0doNmoUSeOveR%0a=%0a(prompt)``>v3dm0s,html_attribute,0
